job_title,company,location,link,description
Assistant Brand Manager,Groww,"Bengaluru-VTP, India",https://job-boards.eu.greenhouse.io/groww/jobs/4674108101,
Assistant Manager - Accounts Payable,Groww,"Bengaluru, India",https://job-boards.eu.greenhouse.io/groww/jobs/4763037101,
CRM & Growth Specialist,Groww,"Bengaluru-VTP, India",https://job-boards.eu.greenhouse.io/groww/jobs/4763007101,
Equity Research Analyst (AMC),Groww,"Mumbai-Lower Parel, India",https://job-boards.eu.greenhouse.io/groww/jobs/4588364101,
Manager - Controllership (NBFC),Groww,"Bengaluru-VTP, India",https://job-boards.eu.greenhouse.io/groww/jobs/4728765101,
Manager - Surveillance,Groww,"Mumbai-OWC, India",https://job-boards.eu.greenhouse.io/groww/jobs/4700059101,
Platform Engineer - III,Groww,"Bengaluru-VTP, India",https://job-boards.eu.greenhouse.io/groww/jobs/4528378101,
"Advisor, Social Media",Phonepe,Bengaluru,https://job-boards.greenhouse.io/phonepe/jobs/7581855003,
"Associate Manager, Contracts & Advisory",Phonepe,Bangalore,https://job-boards.greenhouse.io/phonepe/jobs/6664509003,
Associate Manager - Technology Risk & Compliance,Phonepe,Bangalore,https://job-boards.greenhouse.io/phonepe/jobs/7588164003,
"Cluster Collection Manager, Delhi",Phonepe,Delhi,https://job-boards.greenhouse.io/phonepe/jobs/7540238003,
Data Scientist (3 to 5 years) ,Phonepe,Bangalore/ Pune,https://job-boards.greenhouse.io/phonepe/jobs/7545987003,
Data Scientist (6 to 8 Years) ,Phonepe,Bangalore,https://job-boards.greenhouse.io/phonepe/jobs/6672004003,
"Engineering Manager, Backend",Phonepe,Bangalore,https://job-boards.greenhouse.io/phonepe/jobs/7594423003,
"ER Manager, Merchant Business",Phonepe,Bangalore,https://job-boards.greenhouse.io/phonepe/jobs/7594295003,
Ethics Specialist,Phonepe,Banglore,https://job-boards.greenhouse.io/phonepe/jobs/7567169003,
"HRBP Lead, Financial Services",Phonepe,Bangalore,https://job-boards.greenhouse.io/phonepe/jobs/5809585003,
Lead - Early Lifecycle Management,Phonepe,Bangalore,https://job-boards.greenhouse.io/phonepe/jobs/7588159003,
Lead - Payroll & Benefits Administration,Phonepe,Bangalore,https://job-boards.greenhouse.io/phonepe/jobs/7588169003,
Lead - People Experience,Phonepe,Bangalore,https://job-boards.greenhouse.io/phonepe/jobs/7588095003,
Program Manager - Data Center (8-13yrs),Phonepe,Bangalore,https://job-boards.greenhouse.io/phonepe/jobs/7544701003,
Prospect Application for future Jobs,Phonepe,Bangalore ,https://job-boards.greenhouse.io/phonepe/jobs/4353886003,
Regional HRBP - Offline Merchants,Phonepe,Noida,https://job-boards.greenhouse.io/phonepe/jobs/7592479003,
"Service Delivery Engineer, SRE",Phonepe,Bangalore,https://job-boards.greenhouse.io/phonepe/jobs/7578979003,
Site Reliability Engineer (1-3yrs),Phonepe,Bangalore,https://job-boards.greenhouse.io/phonepe/jobs/7570814003,
Site Reliability Engineer 2,Phonepe,Bangalore,https://job-boards.greenhouse.io/phonepe/jobs/6545655003,
Site Reliability Engineer 2 - Netops,Phonepe,Bangalore,https://job-boards.greenhouse.io/phonepe/jobs/6656556003,
Site Reliability Engineer 2 - Network Operations Engineer (Bangalore),Phonepe,Bangalore,https://job-boards.greenhouse.io/phonepe/jobs/6656555003,
Site Reliability Engineer 3 ,Phonepe,Bangalore,https://job-boards.greenhouse.io/phonepe/jobs/5854614003,
Site Reliability Engineer (4-8yrs) - Bangalore / Pune,Phonepe,Bangalore,https://job-boards.greenhouse.io/phonepe/jobs/7320718003,
Site Reliability Engineer (4 to 8 Years),Phonepe,Bangalore,https://job-boards.greenhouse.io/phonepe/jobs/6598842003,
Site Reliability Engineer 6 to 10 yrs - Big Data - DWH,Phonepe,Bangalore,https://job-boards.greenhouse.io/phonepe/jobs/6660908003,
Site Reliability Engineer (8-10yrs) - Pune,Phonepe,Bangalore,https://job-boards.greenhouse.io/phonepe/jobs/6621613003,
Site Reliability Engineer - Azure,Phonepe,Bangalore,https://job-boards.greenhouse.io/phonepe/jobs/5500639003,
Site Reliability Engineer - Azure (4-8yrs),Phonepe,Bangalore,https://job-boards.greenhouse.io/phonepe/jobs/6589348003,
Site Reliability Engineer - Big Data (7 to 11 years),Phonepe,Bangalore,https://job-boards.greenhouse.io/phonepe/jobs/6574130003,
Site Reliability Engineer - Systems (7-10 years),Phonepe,Pune / Bangalore,https://job-boards.greenhouse.io/phonepe/jobs/7562306003,
Site Reliability Engineer - Systems (7 to 10 Years) ,Phonepe,Bangalore,https://job-boards.greenhouse.io/phonepe/jobs/6598835003,
Software Architect - Pune,Phonepe,Pune,https://job-boards.greenhouse.io/phonepe/jobs/6598551003,
Software Engineer (5-7 years) ,Phonepe,Bangalore,https://job-boards.greenhouse.io/phonepe/jobs/7548179003,
Software Engineer(7-10 years),Phonepe,Bengaluru,https://job-boards.greenhouse.io/phonepe/jobs/7589471003,
Software Engineer - Android,Phonepe,Bangalore/Pune ,https://job-boards.greenhouse.io/phonepe/jobs/7579250003,
"Software Engineer, Backend (5-7) -  BFSI ",Phonepe,Bengaluru,https://job-boards.greenhouse.io/phonepe/jobs/5943813003,
"Software Engineer - Backend (7-10 years), Pune",Phonepe,Pune,https://job-boards.greenhouse.io/phonepe/jobs/7585854003,
Software Engineer(Backend) -  Merchant (5 to 7 years),Phonepe,Bengaluru,https://job-boards.greenhouse.io/phonepe/jobs/6308082003,
Software Engineer -Symphony (5-7),Phonepe,Bengaluru,https://job-boards.greenhouse.io/phonepe/jobs/6598585003,
Software Engineer - Test - Pune,Phonepe,Pune,https://job-boards.greenhouse.io/phonepe/jobs/7167998003,
Specialist - HR Compliance,Phonepe,Bangalore,https://job-boards.greenhouse.io/phonepe/jobs/7608226003,
Specialist  - Payroll,Phonepe,Bangalore,https://job-boards.greenhouse.io/phonepe/jobs/7609630003,
Specialist - People Experience,Phonepe,Bangalore,https://job-boards.greenhouse.io/phonepe/jobs/7601775003,
Applied Scientist III,Inmobi,"San Mateo, CA",https://job-boards.greenhouse.io/inmobi/jobs/7253268,
Assistant Manager - Processes and Coordination ,Inmobi,New Delhi,https://job-boards.greenhouse.io/inmobi/jobs/6448631,
Associate Product Manager - Central Data Repository,Inmobi,Bangalore,https://job-boards.greenhouse.io/inmobi/jobs/7355593,
Associate Product Manager - Financial Systems and Transformation,Inmobi,Bengaluru,https://job-boards.greenhouse.io/inmobi/jobs/6918622,
Corporate Development - Analyst,Inmobi,Bengaluru,https://job-boards.greenhouse.io/inmobi/jobs/7546628,
"Director, Client Development - Retail",Inmobi,New York,https://job-boards.greenhouse.io/inmobi/jobs/7366663,
Director - Marketing ,Inmobi,New York,https://job-boards.greenhouse.io/inmobi/jobs/7405029,
Director – Product Marketing ,Inmobi,New York,https://job-boards.greenhouse.io/inmobi/jobs/7405035,
Director - Product Marketing (B2B),Inmobi,Bengaluru,https://job-boards.greenhouse.io/inmobi/jobs/7172831,
Director– Strategic M&A & Value Realisation,Inmobi,Bangalore,https://job-boards.greenhouse.io/inmobi/jobs/7552166,
"Head - Agency and Brand Business, Microsoft Advertising",Inmobi,"Johannesburg, South Africa",https://job-boards.greenhouse.io/inmobi/jobs/7556070,
"Integrated Marketing Lead, SEA",Inmobi,Jakarta,https://job-boards.greenhouse.io/inmobi/jobs/7259249,
Lead - Account Development/Global Exchange Ops,Inmobi,Bangalore,https://job-boards.greenhouse.io/inmobi/jobs/7532866,
Lead - Account Management,Inmobi,Mumbai,https://job-boards.greenhouse.io/inmobi/jobs/7451607,
"Lead Account Management, Microsoft Advertising - Indonesia",Inmobi,Jakarta ,https://job-boards.greenhouse.io/inmobi/jobs/7556157,
"Lead Account Management, Microsoft Advertising - Philippines",Inmobi,Manila,https://job-boards.greenhouse.io/inmobi/jobs/7556143,
"Lead Account Management, Microsoft Advertising - Vietnam",Inmobi,Ho Chi Minh,https://job-boards.greenhouse.io/inmobi/jobs/7556160,
Lead - Compensation (Revenue Operations),Inmobi,Bangalore,https://job-boards.greenhouse.io/inmobi/jobs/7250583,
Lead - FP&A,Inmobi,Bangalore,https://job-boards.greenhouse.io/inmobi/jobs/7279065,
Lead / Manager - Revenue Operations,Inmobi,Bangalore,https://job-boards.greenhouse.io/inmobi/jobs/7019981,
Lead - Solutions Engineer,Inmobi,Bengaluru,https://job-boards.greenhouse.io/inmobi/jobs/7278588,
Lead Solutions Engineer,Inmobi,Japan,https://job-boards.greenhouse.io/inmobi/jobs/7273618,
Lead - Talent Acquisition,Inmobi,Bangalore,https://job-boards.greenhouse.io/inmobi/jobs/7084423,
Machine Learning Engineer II - Backend,Inmobi,Bengaluru,https://job-boards.greenhouse.io/inmobi/jobs/7214915,
"Manager, Ad Operations (Demand)",Inmobi,"New York, NY",https://job-boards.greenhouse.io/inmobi/jobs/7364211,
Manager - Business Development,Inmobi,Bangalore,https://job-boards.greenhouse.io/inmobi/jobs/7351457,
Manager - Consumer Insights,Inmobi,Bangalore,https://job-boards.greenhouse.io/inmobi/jobs/7380191,
Manager - Demand Partnerships,Inmobi,London,https://job-boards.greenhouse.io/inmobi/jobs/6893321,
Manager - Finance,Inmobi,Bangalore,https://job-boards.greenhouse.io/inmobi/jobs/7064141,
Manager - FP&A,Inmobi,Bangalore,https://job-boards.greenhouse.io/inmobi/jobs/7526444,
Manager - Government Relations,Inmobi,New Delhi,https://job-boards.greenhouse.io/inmobi/jobs/6476254,
Manager - HRBP,Inmobi,Bangalore,https://job-boards.greenhouse.io/inmobi/jobs/6780570,
Manager - Product Marketing,Inmobi,Bangalore,https://job-boards.greenhouse.io/inmobi/jobs/7179702,
Manager - Programmatic Trading Development,Inmobi,"New York, NY",https://job-boards.greenhouse.io/inmobi/jobs/7370923,
Manager- Programmatic Trading Development,Inmobi,London,https://job-boards.greenhouse.io/inmobi/jobs/7212114,
Manager - Public Policy and Advocacy,Inmobi,New Delhi,https://job-boards.greenhouse.io/inmobi/jobs/7155107,
Manager - Research & Thought Leadership,Inmobi,New Delhi,https://job-boards.greenhouse.io/inmobi/jobs/6328749,
Manager - Site HRBP,Inmobi,Lucknow,https://job-boards.greenhouse.io/inmobi/jobs/6954164,
Manager - Strategic Initiatives (People Team),Inmobi,Bangalore,https://job-boards.greenhouse.io/inmobi/jobs/7552170,
Office Coordinator,Inmobi,"New York, NY",https://job-boards.greenhouse.io/inmobi/jobs/7282602,
Product Manager - Central Data Repository for People Analytics & AI/Automation ,Inmobi,Bangalore,https://job-boards.greenhouse.io/inmobi/jobs/7355595,
Sales Director,Inmobi,Chicago,https://job-boards.greenhouse.io/inmobi/jobs/6989467,
Sales Manager - Microsoft Advertising,Inmobi,"Cairo, Egypt",https://job-boards.greenhouse.io/inmobi/jobs/7556076,
"Sales Manager , Microsoft Advertising",Inmobi,Singapore,https://job-boards.greenhouse.io/inmobi/jobs/7556086,
"Sales Manager, Microsoft Advertising",Inmobi,Dubai,https://job-boards.greenhouse.io/inmobi/jobs/7556085,
"Sales Manager, Microsoft Advertising - Riyadh, Saudi Arabia",Inmobi,Riyadh,https://job-boards.greenhouse.io/inmobi/jobs/7556089,
"Sales Manager, Microsoft Advertising - Turkey",Inmobi,Istanbul,https://job-boards.greenhouse.io/inmobi/jobs/7556079,
"Sales Manager, Tokyo - Japan",Inmobi,Tokyo,https://job-boards.greenhouse.io/inmobi/jobs/6986982,
SDE II - Salesforce,Inmobi,Bangalore,https://job-boards.greenhouse.io/inmobi/jobs/7405246,
SDE II - Senior Engineer,Inmobi,Bangalore,https://job-boards.greenhouse.io/inmobi/jobs/7180659,
SDE IV,Inmobi,Bangalore,https://job-boards.greenhouse.io/inmobi/jobs/6741379,
SDE IV - Backend,Inmobi,Bangalore,https://job-boards.greenhouse.io/inmobi/jobs/6919206,
Senior Analyst - Programmatic Buying,Inmobi,Bengaluru,https://job-boards.greenhouse.io/inmobi/jobs/7076832,
Senior Application Security Engineer,Inmobi,"Bangalore, Karnataka, India",https://job-boards.greenhouse.io/inmobi/jobs/6972969,
Senior Associate - Culture,Inmobi,Bangalore,https://job-boards.greenhouse.io/inmobi/jobs/7525659,
Senior Associate Customer Success ,Inmobi,Bengaluru,https://job-boards.greenhouse.io/inmobi/jobs/7400562,
"Senior Gaming Business Development Manager, Japan",Inmobi,"Tokyo, Japan",https://job-boards.greenhouse.io/inmobi/jobs/7495990,
Senior HR  Business Partner ,Inmobi,India,https://job-boards.greenhouse.io/inmobi/jobs/7137532,
"Senior Manager, Client Solutions",Inmobi,"New York, NY",https://job-boards.greenhouse.io/inmobi/jobs/7358497,
"Senior Manager, Demand Partnerships",Inmobi,New York,https://job-boards.greenhouse.io/inmobi/jobs/7187033,
Senior Manager - Operational Data Sciences,Inmobi,Bangalore,https://job-boards.greenhouse.io/inmobi/jobs/6896559,
Senior Manager - Procurement,Inmobi,Bangalore,https://job-boards.greenhouse.io/inmobi/jobs/7487222,
Senior Manager- Programmatic Trading Development- Resellers,Inmobi,London,https://job-boards.greenhouse.io/inmobi/jobs/7456123,
Senior Manager: Revenue Operations (Techstack & Governance),Inmobi,Bangalore,https://job-boards.greenhouse.io/inmobi/jobs/7179729,
Senior Manager - Strategy & Operations,Inmobi,Bangalore,https://job-boards.greenhouse.io/inmobi/jobs/6843668,
Senior Product Manager ,Inmobi,San Mateo / New York,https://job-boards.greenhouse.io/inmobi/jobs/7191369,
Senior Product Manager - Central Data Repository & Data Platform AI,Inmobi,Bangalore,https://job-boards.greenhouse.io/inmobi/jobs/7337428,
Senior Publisher Development Manager,Inmobi,"New York, NY",https://job-boards.greenhouse.io/inmobi/jobs/7298379,
Senior Sales Manager,Inmobi,Dubai,https://job-boards.greenhouse.io/inmobi/jobs/7348791,
"Senior Sales Manager, Microsoft Advertising",Inmobi,Delhi,https://job-boards.greenhouse.io/inmobi/jobs/7556091,
"Senior Sales Manager, Microsoft Advertising",Inmobi,"Mumbai, India",https://job-boards.greenhouse.io/inmobi/jobs/7556093,
"Senior Sales Manager - Tokyo, Japan",Inmobi,"Tokyo, Japan",https://job-boards.greenhouse.io/inmobi/jobs/7282061,
Sr. Sales Manager,Inmobi,"New York, NY",https://job-boards.greenhouse.io/inmobi/jobs/6866680,
Staff Applied Scientist I,Inmobi,Lucknow,https://job-boards.greenhouse.io/inmobi/jobs/7412582,
Staff Applied Scientist I,Inmobi,Bangalore,https://job-boards.greenhouse.io/inmobi/jobs/7216575,
Staff Data Scientist I,Inmobi,Bangalore,https://job-boards.greenhouse.io/inmobi/jobs/6703420,
Staff Engineer I,Inmobi,Bangalore,https://job-boards.greenhouse.io/inmobi/jobs/6761066,
Vice President - Global Events,Inmobi,New York,https://job-boards.greenhouse.io/inmobi/jobs/7452014,
"VP, Client Development - OEM and Telco",Inmobi,USA,https://job-boards.greenhouse.io/inmobi/jobs/7405626,
"Account Development Representative, Bangalore ",Postman,"Bengaluru, Karnataka, India",https://job-boards.greenhouse.io/postman/jobs/7560583003,
Account Development Representative (Danish Speaking),Postman,"London, UK; Remote, UK",https://job-boards.greenhouse.io/postman/jobs/7491395003,
Account Development Representative (Dutch Speaking),Postman,"Remote, UK",https://job-boards.greenhouse.io/postman/jobs/6688721003,
"Account Development Representative, German Speaking",Postman,"London, UK",https://job-boards.greenhouse.io/postman/jobs/7560630003,
"Account Development Representative, Korean Speaking",Postman,"Seoul, Seoul, South Korea",https://job-boards.greenhouse.io/postman/jobs/7560610003,
Account Development Representative (Swedish Speaking),Postman,"London, UK; Remote, UK",https://job-boards.greenhouse.io/postman/jobs/7491378003,
AI Infrastructure Manager ,Postman,"Bengaluru, Karnataka, India",https://job-boards.greenhouse.io/postman/jobs/7590124003,
"Applied AI Scientist, Small Language Model and AI Training",Postman,"San Francisco, California, United States",https://job-boards.greenhouse.io/postman/jobs/7452539003,
"Backend and System Engineer, Flows",Postman,"New York, New York, United States",https://job-boards.greenhouse.io/postman/jobs/7485114003,
Backend and System Engineer (nodeJS or Golang)  ,Postman,"New York, New York, United States",https://job-boards.greenhouse.io/postman/jobs/6250410003,
"Channel Sales Manager, Australia",Postman,"Remote, Australia",https://job-boards.greenhouse.io/postman/jobs/7612662003,
"Channel Sales Manager, Bangalore",Postman,"Bengaluru, Karnataka, India",https://job-boards.greenhouse.io/postman/jobs/7612671003,
"Channel Sales Manager, Dubai",Postman,"Dubai, Dubai, United Arab Emirates",https://job-boards.greenhouse.io/postman/jobs/7612650003,
"Channel Sales Manager, Japan",Postman,"Tokyo, Japan",https://job-boards.greenhouse.io/postman/jobs/7612670003,
"Channel Sales Manager, Singapore",Postman,Singapore,https://job-boards.greenhouse.io/postman/jobs/7612664003,
"Channel Sales Manager, UK",Postman,"Remote, UK",https://job-boards.greenhouse.io/postman/jobs/7611261003,
Commercial Account Executive,Postman,"Austin, Texas, United States; San Francisco, California, United States",https://job-boards.greenhouse.io/postman/jobs/6605964003,
Corporate Channel Sales Manager,Postman,"San Francisco, California, United States",https://job-boards.greenhouse.io/postman/jobs/7611213003,
Corporate Solutions Engineer,Postman,"San Francisco, California, United States",https://job-boards.greenhouse.io/postman/jobs/7529987003,
Corporate Solutions Engineer,Postman,"Boston, Massachusetts",https://job-boards.greenhouse.io/postman/jobs/7540048003,
Corporate Solutions Engineer,Postman,"New York, New York, United States",https://job-boards.greenhouse.io/postman/jobs/7540056003,
Corporate Solutions Engineer,Postman,"Austin, Texas, United States",https://job-boards.greenhouse.io/postman/jobs/7540054003,
"Corporate Solutions Engineering, DACH",Postman,"Remote, Germany",https://job-boards.greenhouse.io/postman/jobs/7529460003,
"Corporate Solutions Engineering, France",Postman,"Remote, France",https://job-boards.greenhouse.io/postman/jobs/7528373003,
"Corporate Solutions Engineering, Nordics",Postman,"Remote, Denmark",https://job-boards.greenhouse.io/postman/jobs/7529471003,
"Corporate Solutions Engineering, UK",Postman,"London, UK",https://job-boards.greenhouse.io/postman/jobs/7528374003,
Customer Success Engineer - APAC,Postman,Singapore,https://job-boards.greenhouse.io/postman/jobs/7501798003,
Customer Success Engineer - West,Postman,"San Francisco, California, United States",https://job-boards.greenhouse.io/postman/jobs/7501796003,
Enterprise Account Executive,Postman,"Tokyo, Japan",https://job-boards.greenhouse.io/postman/jobs/6676368003,
"Enterprise Customer Success Manager, UK",Postman,"London, UK",https://job-boards.greenhouse.io/postman/jobs/7542056003,
Enterprise Solutions Engineer,Postman,"San Francisco, California, United States",https://job-boards.greenhouse.io/postman/jobs/7529392003,
"Enterprise Solutions Engineering, Netherlands ",Postman,"Remote, Netherlands",https://job-boards.greenhouse.io/postman/jobs/7528372003,
"Enterprise Solutions Engineering, Spain",Postman,"Remote, Spain",https://job-boards.greenhouse.io/postman/jobs/7528367003,
"Enterprise Solutions Engineering, UK",Postman,"London, UK",https://job-boards.greenhouse.io/postman/jobs/7528361003,
Field CTO,Postman,"San Francisco, California, United States",https://job-boards.greenhouse.io/postman/jobs/7389443003,
Forward Deployed Engineer,Postman,"San Francisco, California, United States",https://job-boards.greenhouse.io/postman/jobs/6535743003,
"Frontend Software Engineer, Growth Engineering",Postman,"San Francisco, California, United States",https://job-boards.greenhouse.io/postman/jobs/7359054003,
"Fullstack Software Engineer, Growth",Postman,"San Francisco, California, United States",https://job-boards.greenhouse.io/postman/jobs/7489490003,
Global Head of Account Development,Postman,"San Francisco, California, United States",https://job-boards.greenhouse.io/postman/jobs/7587416003,
Head of AI Platform Engineering,Postman,"San Francisco, California, United States",https://job-boards.greenhouse.io/postman/jobs/7452531003,
Head of Forward Deployed Engineering,Postman,"San Francisco, California, United States",https://job-boards.greenhouse.io/postman/jobs/7568073003,
 Head of Sales Operations,Postman,"San Francisco, California, United States",https://job-boards.greenhouse.io/postman/jobs/7546700003,
IT Operations Engineer,Postman,"Cupertino, California, United States",https://job-boards.greenhouse.io/postman/jobs/7602892003,
Key Account Director,Postman,"San Francisco, California, United States",https://job-boards.greenhouse.io/postman/jobs/7474206003,
Key Account Director,Postman,"Austin, Texas, United States",https://job-boards.greenhouse.io/postman/jobs/7595710003,
"Manager, Corporate Sales",Postman,"New York, New York, United States",https://job-boards.greenhouse.io/postman/jobs/7595477003,
"Manager, Corporate Sales, Bengaluru",Postman,"Bengaluru, Karnataka, India",https://job-boards.greenhouse.io/postman/jobs/7544569003,
"Manager, Enterprise Sales, Bengaluru",Postman,"Bengaluru, Karnataka, India",https://job-boards.greenhouse.io/postman/jobs/7544568003,
"Member of Technical Staff, AI Agent Development Lead",Postman,"San Francisco, California, United States",https://job-boards.greenhouse.io/postman/jobs/7452542003,
"Member of Technical Staff,  AI Platform & Architecture (Infrastructure)",Postman,"Bengaluru, Karnataka, India",https://job-boards.greenhouse.io/postman/jobs/7452538003,
"Member of Technical Staff,  AI Platform & Architecture (Infrastructure)",Postman,"San Francisco, California, United States",https://job-boards.greenhouse.io/postman/jobs/7452534003,
"Member of Technical Staff, AI Reliability & Monitoring Engineering Lead",Postman,"San Francisco, California, United States",https://job-boards.greenhouse.io/postman/jobs/7452546003,
"Mid-Market Account Executive, Japan",Postman,"Tokyo, Japan",https://job-boards.greenhouse.io/postman/jobs/7519581003,
Named Account Executive,Postman,"San Francisco, California, United States",https://job-boards.greenhouse.io/postman/jobs/7559037003,
Named Account Executive,Postman,"New York, New York, United States",https://job-boards.greenhouse.io/postman/jobs/7587551003,
Named Account Executive,Postman,"Austin, Texas, United States",https://job-boards.greenhouse.io/postman/jobs/7587550003,
People Business Partner,Postman,"San Francisco, California, United States",https://job-boards.greenhouse.io/postman/jobs/7598889003,
People Business Partner - EMEA,Postman,"London, UK",https://job-boards.greenhouse.io/postman/jobs/7506891003,
"Regional Channel Sales Manager, Enterprise West",Postman,"San Francisco, California, United States",https://job-boards.greenhouse.io/postman/jobs/7611208003,
"Regional Channel Sales Manager, LATAM",Postman,"San Francisco, California, United States",https://job-boards.greenhouse.io/postman/jobs/7611217003,
Revenue Manager,Postman,"San Francisco, California, United States",https://job-boards.greenhouse.io/postman/jobs/7480575003,
Sales Enablement Program Manager,Postman,"Boston, Massachusetts",https://job-boards.greenhouse.io/postman/jobs/7477922003,
"Senior Backend Engineer, Cloud Platform",Postman,"San Francisco, California, United States",https://job-boards.greenhouse.io/postman/jobs/7419694003,
Senior Cloud Engineer ,Postman,"Bengaluru, Karnataka, India",https://job-boards.greenhouse.io/postman/jobs/7482855003,
"Senior Engineer (Backend), Integrations [Technical Lead Role]",Postman,"Bengaluru, Karnataka, India",https://job-boards.greenhouse.io/postman/jobs/7522248003,
"Senior Engineer, Backend - Product Engineering",Postman,"Bengaluru, Karnataka, India",https://job-boards.greenhouse.io/postman/jobs/7534301003,
"Senior Engineer (Backend), Product Trust [Technical Lead Role]",Postman,"Bengaluru, Karnataka, India",https://job-boards.greenhouse.io/postman/jobs/7482521003,
Senior Engineer (CI/CD) - Client platform,Postman,"Bengaluru, Karnataka, India",https://job-boards.greenhouse.io/postman/jobs/7548940003,
"Senior Engineer, IAM",Postman,"Hyderabad, Telangana, India",https://job-boards.greenhouse.io/postman/jobs/6523162003,
"Senior Engineering Manager, Postman Insights",Postman,"San Francisco, California, United States",https://job-boards.greenhouse.io/postman/jobs/6565889003,
"Senior Engineer, Performance and Automation Monitoring",Postman,"Bengaluru, Karnataka, India",https://job-boards.greenhouse.io/postman/jobs/7579285003,
"Senior Engineer, Performance Testing and Automation Monitoring",Postman,"Cupertino, California, United States; San Francisco, California, United States",https://job-boards.greenhouse.io/postman/jobs/7583227003,
Senior Forward Deployed Engineer,Postman,"San Francisco, California, United States",https://job-boards.greenhouse.io/postman/jobs/6672559003,
"Senior Frontend Engineer, Client Platform",Postman,"Bengaluru, Karnataka, India",https://job-boards.greenhouse.io/postman/jobs/7470753003,
"Senior Manager, Enterprise Customer Success",Postman,"San Francisco, California, United States",https://job-boards.greenhouse.io/postman/jobs/7513329003,
"Senior Manager, Solutions Engineering",Postman,"San Francisco, California, United States",https://job-boards.greenhouse.io/postman/jobs/6999841003,
"Senior Product Manager, API Collaboration ",Postman,"San Francisco, California, United States",https://job-boards.greenhouse.io/postman/jobs/7331454003,
"Senior Program Manager, Revenue Operations",Postman,"San Francisco, California, United States",https://job-boards.greenhouse.io/postman/jobs/6512669003,
Senior Salesforce Administrator & CPQ Specialist,Postman,"San Francisco, California, United States",https://job-boards.greenhouse.io/postman/jobs/7551260003,
Senior Software Engineer - Client SDK (UI Platform),Postman,"London, UK",https://job-boards.greenhouse.io/postman/jobs/7545584003,
Senior Software Engineer (Fullstack) - Ecosystems,Postman,"San Francisco, California, United States",https://job-boards.greenhouse.io/postman/jobs/7574040003,
"Senior Software Engineer, Monetization ",Postman,"San Francisco, California, United States",https://job-boards.greenhouse.io/postman/jobs/7545516003,
Senior Solutions Architect,Postman,"San Francisco, California, United States",https://job-boards.greenhouse.io/postman/jobs/6524363003,
"SMB Account Executive, Germany",Postman,"Remote, Germany",https://job-boards.greenhouse.io/postman/jobs/7518513003,
"SMB Account Executive, Japan",Postman,"Tokyo, Japan",https://job-boards.greenhouse.io/postman/jobs/7519682003,
"Software Engineer, API",Postman,"Bengaluru, Karnataka, India",https://job-boards.greenhouse.io/postman/jobs/7606676003,
"Software Engineer, Ecosystem",Postman,"San Francisco, California, United States",https://job-boards.greenhouse.io/postman/jobs/7574033003,
Software Engineer (Frontend) - Ecosystems,Postman,"San Francisco, California, United States",https://job-boards.greenhouse.io/postman/jobs/7580179003,
"Sr. Engineer, Client Platform (UI Platform)",Postman,"San Francisco, California, United States",https://job-boards.greenhouse.io/postman/jobs/7560532003,
"Staff Engineer, Desktop Platform",Postman,"San Francisco, California, United States",https://job-boards.greenhouse.io/postman/jobs/7477263003,
"Staff Engineer, Identity",Postman,"San Francisco, California, United States",https://job-boards.greenhouse.io/postman/jobs/7578716003,
"Staff Product Manager, Security",Postman,"San Francisco, California, United States",https://job-boards.greenhouse.io/postman/jobs/6665491003,
"Staff Software Engineer, Postman Insights",Postman,"San Francisco, California, United States",https://job-boards.greenhouse.io/postman/jobs/7146384003,
"Strategic Account Director, Bengaluru",Postman,"Bengaluru, Karnataka, India",https://job-boards.greenhouse.io/postman/jobs/7518522003,
"Strategic Account Director, Denmark",Postman,"Remote, Denmark",https://job-boards.greenhouse.io/postman/jobs/7518273003,
"Strategic Account Director, Italy",Postman,"Remote, Italy",https://job-boards.greenhouse.io/postman/jobs/7518271003,
"Strategic Account Director, Korea",Postman,"Remote, Korea",https://job-boards.greenhouse.io/postman/jobs/7518531003,
"Strategic Account Executive, Bengaluru",Postman,"Bengaluru, Karnataka, India",https://job-boards.greenhouse.io/postman/jobs/7519528003,
"Strategic Account Executive, Germany",Postman,"Remote, Germany",https://job-boards.greenhouse.io/postman/jobs/7518428003,
"Strategic Account Executive, Korea",Postman,"Remote, Korea",https://job-boards.greenhouse.io/postman/jobs/7518535003,
Strategic Solutions Engineer,Postman,"San Francisco, California, United States",https://job-boards.greenhouse.io/postman/jobs/7529363003,
"Strategic Solutions Engineering, Italy",Postman,"Remote, Italy",https://job-boards.greenhouse.io/postman/jobs/7528350003,
"Strategic Solutions Engineering, Netherlands/Sweden/Denmark",Postman,"Remote, Denmark",https://job-boards.greenhouse.io/postman/jobs/7528077003,
"Account Executive, Benelux - Startups (Dutch Speaking)",Stripe,Amsterdam,https://stripe.com/jobs/search?gh_jid=7423968,
"Account Executive, Bridge",Stripe,San Francisco or New York,https://stripe.com/jobs/search?gh_jid=7547809,
"Account Executive, CEE, Existing Business ",Stripe,Dublin,https://stripe.com/jobs/search?gh_jid=7429465,
"Account Executive, Commercial - DACH",Stripe,Berlin,https://stripe.com/jobs/search?gh_jid=7343686,
"Account Executive, Commercial (Existing Business)",Stripe,"Chicago, IL.",https://stripe.com/jobs/search?gh_jid=7306915,
"Account Executive, Commercial (New Business)",Stripe,Chicago,https://stripe.com/jobs/search?gh_jid=7368883,
Account Executive - Enterprise,Stripe,Mexico City,https://stripe.com/jobs/search?gh_jid=7336750,
"Account Executive, Enterprise ",Stripe,Toronto ,https://stripe.com/jobs/search?gh_jid=7099651,
"Account Executive, Enterprise AUNZ",Stripe,"Sydney, Australia",https://stripe.com/jobs/search?gh_jid=7317016,
"Account Executive, Enterprise - Billing (Existing Business)",Stripe,"Dublin, London",https://stripe.com/jobs/search?gh_jid=7490597,
"Account Executive, Enterprise - Billing (French Speaking)",Stripe,"Paris, London, Dublin OR Berlin",https://stripe.com/jobs/search?gh_jid=7490599,
"Account Executive, Enterprise & Digital Native (Japan)",Stripe,"Tokyo, Japan",https://stripe.com/jobs/search?gh_jid=5539411,
"Account Executive, Enterprise (Existing Business) ",Stripe,"US-Remote, US-San Francisco, US-Chicago, US-New York ",https://stripe.com/jobs/search?gh_jid=7302943,
Account Executive - Enterprise Germany ,Stripe,Germany ,https://stripe.com/jobs/search?gh_jid=7539429,
"Account Executive, Enterprise (Hunter)",Stripe,Paris,https://stripe.com/jobs/search?gh_jid=7458833,
Account Executive - Enterprise Hunter (UK),Stripe,London,https://stripe.com/jobs/search?gh_jid=7451368,
"Account Executive, Enterprise, Japan",Stripe,Tokyo,https://stripe.com/jobs/search?gh_jid=7528816,
"Account Executive, Enterprise Lifecycle (Northern Europe)",Stripe,Amsterdam or Stockholm or Dublin,https://stripe.com/jobs/search?gh_jid=7442963,
"Account Executive, Enterprise (New Business) ",Stripe,US-New York,https://stripe.com/jobs/search?gh_jid=6755526,
"Account Executive, Enterprise - Public Sector (New Business) ",Stripe,"US-Chicago, US-San Francisco, US-New York, US-Remote ",https://stripe.com/jobs/search?gh_jid=7430232,
"Account Executive, Enterprise (Sao Paulo, Brazil)",Stripe,"Sao Paulo, Brazil",https://stripe.com/jobs/search?gh_jid=7108249,
Account Executive - Enterprise Switzerland,Stripe,Germany,https://stripe.com/jobs/search?gh_jid=7477347,
"Account Executive, Existing Business - Funded Startups (German Speaking)",Stripe,Dublin,https://stripe.com/jobs/search?gh_jid=7353253,
"Account Executive, Existing Business, Iberia ",Stripe,Dublin,https://stripe.com/jobs/search?gh_jid=7553751,
"Account Executive, Existing Business - SMB (German Speaking)",Stripe,Dublin,https://stripe.com/jobs/search?gh_jid=7539321,
"Account Executive, Funded Startups",Stripe,Dublin,https://stripe.com/jobs/search?gh_jid=7396862,
"Account Executive, Funded Startups (Existing Business)",Stripe,"New York, San Fransisco",https://stripe.com/jobs/search?gh_jid=7517265,
"Account Executive, Italy",Stripe,Milan,https://stripe.com/jobs/search?gh_jid=7483724,
"Account Executive, Marketplace ",Stripe,London,https://stripe.com/jobs/search?gh_jid=7542218,
"Account Executive, Mid-Market - Existing Business",Stripe,"Dublin, London",https://stripe.com/jobs/search?gh_jid=7483552,
"Account Executive, Mid-Market - Existing Business (French-speaking)",Stripe,Dublin/Paris,https://stripe.com/jobs/search?gh_jid=7538123,
Account Executive - New Business - Iberia & Italy,Stripe,Dublin ,https://stripe.com/jobs/search?gh_jid=7463489,
"Account Executive, New Business - Nordics",Stripe,Dublin,https://stripe.com/jobs/search?gh_jid=7462487,
Account Executive (New Business - Portuguese Market),Stripe,"Madrid, Spain",https://stripe.com/jobs/search?gh_jid=7554928,
"Account Executive, Nordics - Startups",Stripe,Dublin,https://stripe.com/jobs/search?gh_jid=7423973,
"Account Executive, Platforms (Existing Business)",Stripe,"Sydney, Australia",https://stripe.com/jobs/search?gh_jid=7456957,
"Account Executive, Platforms (French Speaking)",Stripe,Dublin,https://stripe.com/jobs/search?gh_jid=7353623,
"Account Executive, Platforms  (German-speaking)",Stripe,Berlin,https://stripe.com/jobs/search?gh_jid=7458835,
"Account Executive, Platforms (Grower)",Stripe,London,https://stripe.com/jobs/search?gh_jid=7459450,
"Account Executive, Platforms (Grower)",Stripe,Paris,https://stripe.com/jobs/search?gh_jid=7446841,
"Account Executive, Platforms, Iberia ",Stripe,Dublin ,https://stripe.com/jobs/search?gh_jid=7418984,
"Account Executive, Platforms (Strategics)",Stripe,"SF, NYC",https://stripe.com/jobs/search?gh_jid=7217288,
"Account Executive, Product - BNPLs",Stripe,Dublin / London,https://stripe.com/jobs/search?gh_jid=7536063,
"Account Executive, Product - BNPLs",Stripe,Dublin / London,https://stripe.com/jobs/search?gh_jid=7541092,
"Account Executive, Product - Disputes",Stripe,US-Remote,https://stripe.com/jobs/search?gh_jid=7416016,
"Account Executive, Product Sales",Stripe,Singapore,https://stripe.com/jobs/search?gh_jid=7247667,
"Account Executive, Product Sales (BaaS)",Stripe,SF,https://stripe.com/jobs/search?gh_jid=7270748,
"Account Executive, Product Sales (BaaS)",Stripe,"SF, NYC, remote",https://stripe.com/jobs/search?gh_jid=7456716,
"Account Executive, Product Sales, Billing ",Stripe,"South San Francisco, CA; New York, NY; Seattle, WA; Chicago, IL",https://stripe.com/jobs/search?gh_jid=7141701,
"Account Executive, Product Sales (Crypto/Stablecoins)",Stripe,NYC,https://stripe.com/jobs/search?gh_jid=6889347,
"Account Executive, Product Sales - Managed Payments",Stripe,London,https://stripe.com/jobs/search?gh_jid=7314627,
"Account Executive, Product Sales, Optimized Checkout",Stripe,Remote,https://stripe.com/jobs/search?gh_jid=7455982,
"Account Executive, Product Sales, Optimized Checkout",Stripe,Dublin,https://stripe.com/jobs/search?gh_jid=7542215,
"Account Executive, Product Sales - Tax",Stripe,"Dublin, London, Berlin",https://stripe.com/jobs/search?gh_jid=7534955,
"Account Executive, Product Sales (Terminal)",Stripe,"London, Dublin",https://stripe.com/jobs/search?gh_jid=7528849,
"Account Executive, Scaled Grower",Stripe,US-Chicago,https://stripe.com/jobs/search?gh_jid=7134005,
Account Executive (SMB),Stripe,Singapore,https://stripe.com/jobs/search?gh_jid=7471395,
"Account Executive, SMB - Existing Business",Stripe,Dublin,https://stripe.com/jobs/search?gh_jid=7140002,
"Account Executive, SMB - Existing Business (French-speaking)",Stripe,Dublin,https://stripe.com/jobs/search?gh_jid=7555127,
"Account Executive, SMB (French Speaking)",Stripe,Dublin,https://stripe.com/jobs/search?gh_jid=7242090,
"Account Executive, SMB (New Business)",Stripe,Chicago,https://stripe.com/jobs/search?gh_jid=7277406,
"Account Executive, SMB - New Business (German Speaking)",Stripe,Dublin,https://stripe.com/jobs/search?gh_jid=7343682,
"Account Executive, Startup SaaS Platforms - Existing Business",Stripe,Dublin,https://stripe.com/jobs/search?gh_jid=7451383,
"Account Executive, Startups (Greater China)",Stripe,Singapore,https://stripe.com/jobs/search?gh_jid=7515082,
"Account Executive, Velocity Grower (Japanese-speaking)",Stripe,Tokyo,https://stripe.com/jobs/search?gh_jid=7364278,
Account Executive - Velocity Hunter (French - speaking),Stripe,Paris,https://stripe.com/jobs/search?gh_jid=7458831,
Accounting - Legal Entity Controller,Stripe,Bangalore,https://stripe.com/jobs/search?gh_jid=7358785,
"Account Manager - Scale, Bridge",Stripe,San Francisco or New York,https://stripe.com/jobs/search?gh_jid=7545600,
Accounts Receivable Analyst,Stripe,Bengaluru,https://stripe.com/jobs/search?gh_jid=7369428,
Administrative Coordinator,Stripe,Mexico City,https://stripe.com/jobs/search?gh_jid=7434713,
AEO & GEO Marketing Manager,Stripe,US,https://stripe.com/jobs/search?gh_jid=7453473,
"AI/ML Engineering Manager, Payment Intelligence",Stripe,"US-SF, US-NYC, US-SEA",https://stripe.com/jobs/search?gh_jid=7286376,
AI Solutions Architect,Stripe,"South San Francisco, NYC, or Remote",https://stripe.com/jobs/search?gh_jid=7463694,
"Analytics Engineer, Privy",Stripe,NYC-Privy,https://stripe.com/jobs/search?gh_jid=7195991,
" Android Engineer, Link",Stripe,Toronto,https://stripe.com/jobs/search?gh_jid=7311137,
"Android Engineer, Terminal",Stripe,Toronto,https://stripe.com/jobs/search?gh_jid=7543559,
"Android Engineer, Terminal Developer Productivity",Stripe,"San Francisco, Seattle, Remote in US",https://stripe.com/jobs/search?gh_jid=7550154,
"Android Engineer, Terminal OS Platform",Stripe,"San Francisco, Seattle, Remote in US or Canada",https://stripe.com/jobs/search?gh_jid=7557403,
APAC Partner Marketing Lead,Stripe,"Singapore, Sydney",https://stripe.com/jobs/search?gh_jid=7454473,
APAC Product Lead,Stripe,Singapore,https://stripe.com/jobs/search?gh_jid=7552145,
"Backend/ API Engineer, Bank Transfers",Stripe,United Kingdom ,https://stripe.com/jobs/search?gh_jid=7518870,
"Backend/API Engineer, Money as a Service",Stripe,US,https://stripe.com/jobs/search?gh_jid=6176758,
"Backend/API Engineer, Money as a Service (Canada)",Stripe,Canada,https://stripe.com/jobs/search?gh_jid=6176763,
"Backend / API Engineer, Payouts",Stripe,United Kingdom,https://stripe.com/jobs/search?gh_jid=7369543,
"Backend / API Engineer, Privacy Products",Stripe,"San Francisco, Seattle",https://stripe.com/jobs/search?gh_jid=7579264,
"Backend Engineer/API, Payments and Risk",Stripe,"Dublin, Ireland",https://stripe.com/jobs/search?gh_jid=4921361,
"Backend Engineer/API, Payments and Risk",Stripe,"Toronto, Canada Remote",https://stripe.com/jobs/search?gh_jid=6692166,
"Backend Engineer, Core Technology",Stripe,Dublin,https://stripe.com/jobs/search?gh_jid=7182617,
"Backend Engineer, Core Technology",Stripe,"Bucharest, Romania ",https://stripe.com/jobs/search?gh_jid=6623777,
"Backend Engineer, Core Technology",Stripe,"Seattle, San Francisco, US-Remote",https://stripe.com/jobs/search?gh_jid=6042172,
"Backend Engineer, Data",Stripe,Canada,https://stripe.com/jobs/search?gh_jid=6865161,
"Backend Engineer, DEeP",Stripe,"Toronto Canada, San Francisco, Remote in US, Remote in Canada",https://stripe.com/jobs/search?gh_jid=7292520,
"Backend Engineer, Payments and Risk",Stripe,US,https://stripe.com/jobs/search?gh_jid=6163230,
"Backend Engineer, Revenue and Financial Automation",Stripe,"Toronto, CAN-Remote",https://stripe.com/jobs/search?gh_jid=7217048,
"Backend Engineer, UI Services",Stripe,Barcelona,https://stripe.com/jobs/search?gh_jid=7310001,
"Bank Account Management Specialist, Treasury Operations",Stripe,IN-Bengaluru,https://stripe.com/jobs/search?gh_jid=7440967,
Billing Solutions Architect,Stripe,"London, Dublin, Berlin",https://stripe.com/jobs/search?gh_jid=7115730,
Billing Solutions Architect ,Stripe,SF,https://stripe.com/jobs/search?gh_jid=7181979,
"Brand Designer, Link",Stripe,Canada,https://stripe.com/jobs/search?gh_jid=7476752,
Bridge Data & Finance Analyst,Stripe,San Francisco,https://stripe.com/jobs/search?gh_jid=7577505,
Bridge - Operations Associate ,Stripe,Bengaluru,https://stripe.com/jobs/search?gh_jid=7179634,
"Bridge - Operations Associate, Financial Crimes (AML Investigations)",Stripe,Mexico City,https://stripe.com/jobs/search?gh_jid=7456081,
Broadcast Engineer,Stripe,"San Francisco, CA ",https://stripe.com/jobs/search?gh_jid=6632309,
"Business Development Manager, Agentic Commerce",Stripe,San Francisco,https://stripe.com/jobs/search?gh_jid=7067252,
"Business Development Manager, Agentic Commerce",Stripe,"San Francisco, CA; Seattle, WA",https://stripe.com/jobs/search?gh_jid=7524334,
"Business Development Manager, Developer Platforms",Stripe,"SF, NYC, Seattle, Remote",https://stripe.com/jobs/search?gh_jid=7450084,
"Business Operations - Support, Bridge",Stripe,San Francisco or New York,https://stripe.com/jobs/search?gh_jid=7536814,
Business Partner Analyst,Stripe,Chicago- New York City- San Francisco or Seattle,https://stripe.com/jobs/search?gh_jid=5986232,
Business Partner Analyst,Stripe,"Dublin, Ireland",https://stripe.com/jobs/search?gh_jid=7558195,
Business Recruiter (Fixed Term Contract),Stripe,"Chicago, Atlanta",https://stripe.com/jobs/search?gh_jid=7477504,
Business Recruiter (Fixed Term Contract),Stripe,London,https://stripe.com/jobs/search?gh_jid=7453367,
Business Recruiter (Fixed Term Contract),Stripe,"Chicago, IL",https://stripe.com/jobs/search?gh_jid=7452912,
Business Systems Analyst - Legal Domain,Stripe,Bangalore,https://stripe.com/jobs/search?gh_jid=7436172,
Business Value Consulting,Stripe,US-SF,https://stripe.com/jobs/search?gh_jid=7456710,
"Channel Program Lead, Alliances & Channels",Stripe,"SEA, SF, or NYC",https://stripe.com/jobs/search?gh_jid=7408501,
"Channel Sales Manager, Benelux",Stripe,LOCATION,https://stripe.com/jobs/search?gh_jid=7237465,
"Channel Sales Manager, Italy",Stripe,"Milan, Italy",https://stripe.com/jobs/search?gh_jid=7179658,
"Chief Operating Officer (COO) & Deputy Trust Officer, Bridge",Stripe,"San Francisco, New York, Seattle",https://stripe.com/jobs/search?gh_jid=7572925,
Client Onboarding Integration Engineer,Stripe,"Toronto, CA; Chicago, IL ",https://stripe.com/jobs/search?gh_jid=7227066,
Collections Specialist,Stripe,Mexico,https://stripe.com/jobs/search?gh_jid=7398150,
Commercial Counsel,Stripe,"Mexico City, MX",https://stripe.com/jobs/search?gh_jid=7438188,
"Commercial Counsel, Crypto",Stripe,"New York City, Seattle, San Francisco, Chicago, Atlanta, US-Remote",https://stripe.com/jobs/search?gh_jid=7392188,
Commercial Solutions Program Manager,Stripe,"Chicago, IL , Remote",https://stripe.com/jobs/search?gh_jid=7206336,
Company Strategy & Operations,Stripe,"San Francisco, Seattle, Chicago, US-remote, New York",https://stripe.com/jobs/search?gh_jid=5956522,
Compensation Analyst,Stripe,"US-Remote, Toronto",https://stripe.com/jobs/search?gh_jid=7564387,
"Compensation Partner, Product & Engineering",Stripe,"NYC, San Francisco, Seattle",https://stripe.com/jobs/search?gh_jid=7203552,
Content Activation Lead,Stripe,"US Remote, CHI, ATL",https://stripe.com/jobs/search?gh_jid=7364062,
"Content Marketing Lead, Bridge",Stripe,San Francisco or New York,https://stripe.com/jobs/search?gh_jid=7390229,
Contracting Operations Specialist,Stripe,Bengaluru,https://stripe.com/jobs/search?gh_jid=7522229,
Corporate Paralegal,Stripe,"SF Bay Area, US-National",https://stripe.com/jobs/search?gh_jid=7521170,
Credit Risk Associate,Stripe,Bangalore ,https://stripe.com/jobs/search?gh_jid=5536633,
Credit Risk Operations Associate (CDMX),Stripe,Mexico,https://stripe.com/jobs/search?gh_jid=6942920,
"Credit Risk Strategist, Risk Foundations",Stripe,"Chicago, US-Remote, Toronto",https://stripe.com/jobs/search?gh_jid=7275649,
Crypto Accounting Team Lead,Stripe,"San Francisco, Seattle",https://stripe.com/jobs/search?gh_jid=7438078,
Crypto Product Accountant,Stripe,"SF, SEA",https://stripe.com/jobs/search?gh_jid=7536066,
"Customer Success Manager, Enterprise",Stripe,"Atlanta, GA; Chicago, IL ",https://stripe.com/jobs/search?gh_jid=6558993,
Customer Success Manager (Japan),Stripe,Japan,https://stripe.com/jobs/search?gh_jid=7454621,
Customer Success Manager (Mandarin Speaking),Stripe,Singapore,https://stripe.com/jobs/search?gh_jid=7430701,
Cyber Intelligence Researcher,Stripe,N/A,https://stripe.com/jobs/search?gh_jid=7374492,
Data Analyst,Stripe,London,https://stripe.com/jobs/search?gh_jid=7310717,
Data Analyst,Stripe,US,https://stripe.com/jobs/search?gh_jid=5601881,
Data Analyst,Stripe,Canada,https://stripe.com/jobs/search?gh_jid=5416444,
"Data Analyst, Intern (Master's degree)",Stripe,"Toronto, Ontario, Canada",https://stripe.com/jobs/search?gh_jid=7285986,
Data Governance Lead,Stripe,Remote US,https://stripe.com/jobs/search?gh_jid=5922987,
Data Migrations Specialist,Stripe,"Dublin, Ireland",https://stripe.com/jobs/search?gh_jid=7573503,
Data Recruiter (Fixed Term Contract) ,Stripe,"US-Remote, Toronto",https://stripe.com/jobs/search?gh_jid=7454046,
Data Scientist,Stripe,Toronto,https://stripe.com/jobs/search?gh_jid=7357460,
"Data Scientist, EMEA",Stripe,London,https://stripe.com/jobs/search?gh_jid=7516102,
Deal Pricing Lead - EMEA,Stripe,Dublin,https://stripe.com/jobs/search?gh_jid=7361950,
Deal Strategist,Stripe,"Chicago, Remote",https://stripe.com/jobs/search?gh_jid=7492580,
"Demand Generation Manager, Enterprise EMEA",Stripe,London,https://stripe.com/jobs/search?gh_jid=7366144,
Demo Engineer ,Stripe,San Francisco ,https://stripe.com/jobs/search?gh_jid=7390314,
"Design Engineer, Expansion",Stripe,US,https://stripe.com/jobs/search?gh_jid=6299301,
"Design Engineer, Presence",Stripe,"US, Canada",https://stripe.com/jobs/search?gh_jid=7144975,
"Design Recruiter, AMER (Fixed Term Contract)",Stripe,"Toronto, US-Remote",https://stripe.com/jobs/search?gh_jid=7390389,
"Developer Experience Engineer, Privy",Stripe,"NYC-Privy, US-Remote",https://stripe.com/jobs/search?gh_jid=7104344,
"Developer Support Engineer, Privy",Stripe,"San Francisco, Bridge HQ",https://stripe.com/jobs/search?gh_jid=7488490,
"EMEA Demand Generation, Events",Stripe,London ,https://stripe.com/jobs/search?gh_jid=7537695,
"EMEA GTM Lead, Financial Services and Insurance",Stripe,London,https://stripe.com/jobs/search?gh_jid=7483726,
Employee Relations Partner,Stripe,Mexico City,https://stripe.com/jobs/search?gh_jid=7175216,
Employment Counsel ,Stripe,US-Remote,https://stripe.com/jobs/search?gh_jid=7462685,
Engineering Manager - Collaboration Tools,Stripe,Dublin,https://stripe.com/jobs/search?gh_jid=7572912,
"Engineering Manager , Data Engineering Solutions",Stripe,Bengaluru,https://stripe.com/jobs/search?gh_jid=7496118,
"Engineering Manager, Disputes Foundation",Stripe,Singapore,https://stripe.com/jobs/search?gh_jid=7076084,
"Engineering Manager, Money Management Expansion",Stripe,Singapore,https://stripe.com/jobs/search?gh_jid=7555997,
"Engineering Manager of Managers, Document Databases",Stripe,N/A,https://stripe.com/jobs/search?gh_jid=7576761,
Engineering Manager - Onboarding Journeys,Stripe,Dublin ,https://stripe.com/jobs/search?gh_jid=7556256,
"Engineering Manager, Operator Tooling",Stripe,N/A,https://stripe.com/jobs/search?gh_jid=7475396,
"Engineering Manager, Privy ",Stripe,New York Privy HQ,https://stripe.com/jobs/search?gh_jid=7129418,
"Engineering Manager, Product and Business",Stripe,Canada,https://stripe.com/jobs/search?gh_jid=6615981,
"Engineering Manager, Product and Business",Stripe,AMER - US ,https://stripe.com/jobs/search?gh_jid=6909015,
"Engineering Manager, Sales Systems",Stripe,Bengaluru,https://stripe.com/jobs/search?gh_jid=7525370,
"Engineering Manager, Tax Capabilities ",Stripe,Dublin ,https://stripe.com/jobs/search?gh_jid=7475300,
Enterprise Field Marketing Manager UK,Stripe,London,https://stripe.com/jobs/search?gh_jid=7290552,
Enterprise Integration Engineer,Stripe,"Mexico City, MX",https://stripe.com/jobs/search?gh_jid=7014338,
Enterprise Services Manager,Stripe,Melbourne,https://stripe.com/jobs/search?gh_jid=7377089,
"Enterprise Solutions Architecture Manager, AMER",Stripe,"San Francisco, CA",https://stripe.com/jobs/search?gh_jid=7374608,
"Events Manager, Event Technology and Registration",Stripe,Remote US,https://stripe.com/jobs/search?gh_jid=7462822,
Executive Briefing Center (EBC) Content Lead,Stripe,SF,https://stripe.com/jobs/search?gh_jid=7364060,
Executive Engagement Manager,Stripe,South San Francisco,https://stripe.com/jobs/search?gh_jid=7571068,
"Finance and Strategy Partner, Finance, Corporate Development & Communications",Stripe,"San Francisco, New York City",https://stripe.com/jobs/search?gh_jid=7473983,
"Finance and Strategy Partner, GTM",Stripe,"Chicago, San Francisco, Seattle, New York City",https://stripe.com/jobs/search?gh_jid=7463755,
Finance & Strategy Analyst,Stripe,Bengaluru,https://stripe.com/jobs/search?gh_jid=7440124,
Finance & Strategy Analyst,Stripe,"San Francisco, New York City, Seattle",https://stripe.com/jobs/search?gh_jid=7576878,
Finance Systems Solutions Architect - Anaplan ,Stripe,Bangalore,https://stripe.com/jobs/search?gh_jid=7083816,
Financial Data Analyst,Stripe,"Dublin, Ireland",https://stripe.com/jobs/search?gh_jid=7440547,
Financial Data Analyst Manager,Stripe,Bengaluru,https://stripe.com/jobs/search?gh_jid=7396758,
"Financial Data Analyst, Payments Health ",Stripe,Toronto ,https://stripe.com/jobs/search?gh_jid=7424872,
Financial Data Analyst - Regulatory and Compliance Engineering,Stripe,Bengaluru,https://stripe.com/jobs/search?gh_jid=7393401,
"Financial Data Analyst, SDC",Stripe,Bengaluru,https://stripe.com/jobs/search?gh_jid=7525640,
"Financial Data Analyst, Technical Operations",Stripe,"Dublin, Ireland",https://stripe.com/jobs/search?gh_jid=7061516,
Financial Data Analyst-User Billing,Stripe,Bengaluru,https://stripe.com/jobs/search?gh_jid=7278434,
Financial Reporting and Corporate Accounting,Stripe,"US-SEA, US-SF",https://stripe.com/jobs/search?gh_jid=6993486,
Food Experience Manager,Stripe,Bangalore,https://stripe.com/jobs/search?gh_jid=7390797,
"Forward Deployed Engineer, Privy",Stripe,New York Privy HQ,https://stripe.com/jobs/search?gh_jid=7230452,
"Founding Product Marketer, Privy",Stripe,NYC-Privy,https://stripe.com/jobs/search?gh_jid=7441047,
Fraud Operations Associate SDC,Stripe,Mexico City,https://stripe.com/jobs/search?gh_jid=6447734,
Fraud Operations Manager,Stripe,Bengaluru,https://stripe.com/jobs/search?gh_jid=7537247,
Fraud Operations Team Lead,Stripe,Bengaluru,https://stripe.com/jobs/search?gh_jid=7537245,
Fraud Strategist,Stripe,"(US-Remote, CHI, ATL, Toronto, Canada Remote)",https://stripe.com/jobs/search?gh_jid=7398778,
"Frontend Engineering Manager, Payments",Stripe,"Seattle, San Francisco",https://stripe.com/jobs/search?gh_jid=7063232,
"Full Stack Engineer, Collaboration",Stripe,N/A,https://stripe.com/jobs/search?gh_jid=7488253,
"Full Stack Engineer, Collaboration",Stripe,N/A,https://stripe.com/jobs/search?gh_jid=7532806,
"Full Stack Engineer, Developer Experience & Product Platform",Stripe,NA,https://stripe.com/jobs/search?gh_jid=7436034,
"Full Stack Engineer, Developer Experience & Product Platform",Stripe,N/A,https://stripe.com/jobs/search?gh_jid=6567104,
"Full Stack Engineer, Enterprise & Ecosystem",Stripe,"Toronto, Canada",https://stripe.com/jobs/search?gh_jid=7403151,
"Full Stack Engineer, Link",Stripe,"Toronto, Remote in Canada",https://stripe.com/jobs/search?gh_jid=6447175,
"Full Stack Engineer, Money as a Service",Stripe,N/A,https://stripe.com/jobs/search?gh_jid=6606581,
"Full Stack Engineer, Money as a Service",Stripe,N/A,https://stripe.com/jobs/search?gh_jid=7325118,
"Full Stack Engineer, Payments and Risk",Stripe,"Dublin, Ireland",https://stripe.com/jobs/search?gh_jid=6717520,
"Full Stack Engineer, Revenue and Finance Automation",Stripe,Barcelona ,https://stripe.com/jobs/search?gh_jid=6719642,
"Full Stack Engineer, Revenue and Finance Automation",Stripe,Dublin,https://stripe.com/jobs/search?gh_jid=5995109,
"Full Stack Engineer, Revenue & Finance Automation",Stripe,N/A,https://stripe.com/jobs/search?gh_jid=6343955,
"Full Stack Engineer, Revenue & Finance Automation",Stripe,N/A,https://stripe.com/jobs/search?gh_jid=6786324,
"Full Stack Engineer, Web Presence and Platform",Stripe,N/A,https://stripe.com/jobs/search?gh_jid=7436086,
"Global Head of Specialist Solutions Architecture, Revenue",Stripe,SF,https://stripe.com/jobs/search?gh_jid=7523947,
Global People Support - Team Lead,Stripe,Bengaluru,https://stripe.com/jobs/search?gh_jid=7553098,
Global Procurement Center Manager,Stripe,Bengaluru,https://stripe.com/jobs/search?gh_jid=7213435,
"Global Strategic Alliances, Accenture AMER Lead",Stripe,US-SF,https://stripe.com/jobs/search?gh_jid=7434248,
"Global Strategic Alliances, Embedded Solutions Lead ",Stripe,US-SF,https://stripe.com/jobs/search?gh_jid=7461966,
"Global Strategic Alliances Lead, Agentic Commerce and Retail Industry",Stripe,"SF, Seattle, New York, Chicago",https://stripe.com/jobs/search?gh_jid=7227036,
"Global Strategic Alliances Lead, Insurance Industry",Stripe,"SF, Seattle, New York, Chicago",https://stripe.com/jobs/search?gh_jid=7327143,
Go-to-Market Recruiter (Fixed Term Contract),Stripe,"San Francisco, Seattle, New York City",https://stripe.com/jobs/search?gh_jid=7526358,
Go-To-Market Recruiter (Fixed Term Contract),Stripe,Chicago,https://stripe.com/jobs/search?gh_jid=7216346,
"Growth Marketing Manager, Lifecycle",Stripe,US Remote,https://stripe.com/jobs/search?gh_jid=6885723,
GTM Accelerate Manager,Stripe,Bengaluru,https://stripe.com/jobs/search?gh_jid=7436875,
GTM Finance & Strategy Sales Manager,Stripe,"San Francisco, Seattle",https://stripe.com/jobs/search?gh_jid=7486402,
GTM Industry Strategy & Insights ,Stripe,Dublin,https://stripe.com/jobs/search?gh_jid=7483568,
"GTM OPs, Data Analyst",Stripe,Mexico,https://stripe.com/jobs/search?gh_jid=7453163,
GTM Recruiter (Fixed Term Contract),Stripe,Dublin,https://stripe.com/jobs/search?gh_jid=7452909,
Head of Compensation Design,Stripe,"US-Remote, Toronto, Chicago, Atlanta",https://stripe.com/jobs/search?gh_jid=7203545,
"Head of Consumer Marketing, Link",Stripe,"NYC, Seattle, SF, Chicago, Remote-US/CA",https://stripe.com/jobs/search?gh_jid=7165781,
Head of EDD & Client Oversight,Stripe,"Dublin, London",https://stripe.com/jobs/search?gh_jid=7540110,
Head of Global Equity Administration,Stripe,US-Remote,https://stripe.com/jobs/search?gh_jid=7200918,
Head of Global Finance and Accounting Operations,Stripe,Bengaluru,https://stripe.com/jobs/search?gh_jid=7334756,
Head of India Marketing,Stripe,Bengaluru,https://stripe.com/jobs/search?gh_jid=7548312,
Head of Monetization and Contract Success (MACS),Stripe,SEA,https://stripe.com/jobs/search?gh_jid=7532421,
"Head of Payments Performance, Americas",Stripe,"Chicago, IL; Atlanta, GA",https://stripe.com/jobs/search?gh_jid=7416708,
"Head of Product Sales, Optimized Checkout ",Stripe,"SF, NYC",https://stripe.com/jobs/search?gh_jid=7389837,
"Head of Solutions Architecture, France & DACH Large User",Stripe,LOCATION,https://stripe.com/jobs/search?gh_jid=7343532,
Head of Technology & Workplace Strategic Sourcing,Stripe,"US (Remote), SF, SEA, CHI, NYC",https://stripe.com/jobs/search?gh_jid=7565254,
Head of User Content Studio,Stripe,SF,https://stripe.com/jobs/search?gh_jid=7373856,
Implementation Consultant,Stripe,Mexico City,https://stripe.com/jobs/search?gh_jid=7371540,
"Implementation Consultant, Stripe Accelerate",Stripe,Sydney,https://stripe.com/jobs/search?gh_jid=7454618,
"Implementation Specialist, Bridge",Stripe,Mexico,https://stripe.com/jobs/search?gh_jid=7259021,
Industry Strategist - Public Sector,Stripe,"CHI, Remote",https://stripe.com/jobs/search?gh_jid=7385940,
"Integration Engineering Manager, Professional Services",Stripe,United States,https://stripe.com/jobs/search?gh_jid=7522107,
Integration Engineer (Japan),Stripe,Tokyo,https://stripe.com/jobs/search?gh_jid=7525715,
"Integration Engineer, Professional Services",Stripe,"Toronto, Canada",https://stripe.com/jobs/search?gh_jid=6651831,
"Integration Reliability Engineer, Technical Operations",Stripe,Dublin,https://stripe.com/jobs/search?gh_jid=7267668,
"Integration Reliability Engineer, Technical Operations",Stripe,Singapore,https://stripe.com/jobs/search?gh_jid=7457268,
"Integration Reliability Engineer, Technical Operations, Cards",Stripe,"Toronto, Remote in Canada",https://stripe.com/jobs/search?gh_jid=7353393,
"Integration Reliability Engineer, Technical Operations, Commerce Systems",Stripe,Toronto,https://stripe.com/jobs/search?gh_jid=7525280,
"Integration Reliability Engineer, Technical Operations, Local Payment Methods",Stripe,"Toronto, Remote in Canada",https://stripe.com/jobs/search?gh_jid=7286378,
Internal Audit - Data Analytics,Stripe,"Bengaluru, Singapore",https://stripe.com/jobs/search?gh_jid=7493138,
"Internal Audit, Head of APAC Audit",Stripe,Singapore,https://stripe.com/jobs/search?gh_jid=7207059,
International Corporate Governance Counsel,Stripe,"Dublin, London",https://stripe.com/jobs/search?gh_jid=7397239,
IP Counsel,Stripe,US-Remote,https://stripe.com/jobs/search?gh_jid=7555491,
IT Support Engineer,Stripe,Singapore,https://stripe.com/jobs/search?gh_jid=7543818,
KYC Operations Associate,Stripe,LOCATION,https://stripe.com/jobs/search?gh_jid=6229345,
Launch Integration Engineer,Stripe,"Toronto, CA",https://stripe.com/jobs/search?gh_jid=7250097,
"Launch Manager, EMEA",Stripe,Dublin,https://stripe.com/jobs/search?gh_jid=7443108,
Launch Solutions Architect,Stripe,Chicago,https://stripe.com/jobs/search?gh_jid=7407399,
Leadership Onboarding Partner,Stripe,San Francisco,https://stripe.com/jobs/search?gh_jid=7488424,
"Legal Counsel, EMEA Marketing",Stripe,"Dublin, London",https://stripe.com/jobs/search?gh_jid=7557920,
Legal Entity Controller,Stripe,Bangalore,https://stripe.com/jobs/search?gh_jid=6209187,
"Loss Accounting, Operational & Analytics",Stripe,"Seattle, San Francisco ",https://stripe.com/jobs/search?gh_jid=7384489,
"Machine Learning Engineer, Foundation Model",Stripe,US - San Francisco; Seattle; New York City,https://stripe.com/jobs/search?gh_jid=7275014,
"Machine Learning Engineer, Identity Product",Stripe,"San Francisco, Seattle",https://stripe.com/jobs/search?gh_jid=6363655,
"Machine Learning Engineer, Payments ML Accelerator",Stripe,Seattle; San Francisco; New York City,https://stripe.com/jobs/search?gh_jid=7079044,
"Manager, Billing Sales (Enterprise)",Stripe,US-SF-HQ,https://stripe.com/jobs/search?gh_jid=7460974,
"Manager, Customer Success Management",Stripe,London,https://stripe.com/jobs/search?gh_jid=7446791,
"Manager, Data Analytics",Stripe,Mexico City,https://stripe.com/jobs/search?gh_jid=7489560,
"Manager, Financial Crimes (AML)",Stripe,Mexico City,https://stripe.com/jobs/search?gh_jid=6785098,
Manager of Financial Crimes Operations,Stripe,"Remote, US",https://stripe.com/jobs/search?gh_jid=7430298,
"Manager, Product Sales -  Managed Payments ",Stripe,"NYC, SF",https://stripe.com/jobs/search?gh_jid=7536069,
"Manager, Product Support Operations",Stripe,Mexico City,https://stripe.com/jobs/search?gh_jid=7456177,
"Manager, Product Support Operations - Top Startups",Stripe,Mexico City,https://stripe.com/jobs/search?gh_jid=7472519,
"Manager, Risk Operations Technical Programs",Stripe,US-Remote,https://stripe.com/jobs/search?gh_jid=7169392,
"Manager, Sales Development",Stripe,Chicago,https://stripe.com/jobs/search?gh_jid=7443750,
"Manager, Sales Development",Stripe,Dublin ,https://stripe.com/jobs/search?gh_jid=7337544,
"Manager, SMB Account Executives - Existing Business",Stripe,Chicago,https://stripe.com/jobs/search?gh_jid=7366142,
"Manager, Startups Account Executives - Existing Business",Stripe,Chicago,https://stripe.com/jobs/search?gh_jid=7368924,
"Manager, Technical Account Management",Stripe,Toronto ,https://stripe.com/jobs/search?gh_jid=7292522,
"Manager, Velocity Platforms Account Executives - Existing Business",Stripe,Chicago,https://stripe.com/jobs/search?gh_jid=7369298,
"Manager, Velocity Platforms Account Executives - New Business",Stripe,Chicago,https://stripe.com/jobs/search?gh_jid=7369289,
Marketing Operations Associate (Automation),Stripe,"Bengaluru, India",https://stripe.com/jobs/search?gh_jid=7573680,
Marketing Operations Specialist (Lead Generation),Stripe,Bangalore,https://stripe.com/jobs/search?gh_jid=7025164,
"Marketing Services Program Manager, Global",Stripe,US National,https://stripe.com/jobs/search?gh_jid=7253148,
Monetization Operation Analyst,Stripe,Bengaluru,https://stripe.com/jobs/search?gh_jid=7369422,
"Operations Associate, Financial Crimes (AML Investigations)",Stripe,Mexico City,https://stripe.com/jobs/search?gh_jid=5902523,
"Operations Associate, Financial Crimes Bridge KYB",Stripe,Mexico City,https://stripe.com/jobs/search?gh_jid=7456083,
"Operations Associate, Financial Crimes EDD/PEP",Stripe,Mexico City ,https://stripe.com/jobs/search?gh_jid=7202953,
"Operations Associate, GTM Accelerate",Stripe,Dublin,https://stripe.com/jobs/search?gh_jid=7520686,
"Operations Associate, GTM Onboarding Specialist",Stripe,Mexico,https://stripe.com/jobs/search?gh_jid=7393071,
"Operations Associate (IND), Sanctions",Stripe,Bengaluru,https://stripe.com/jobs/search?gh_jid=7179661,
"Operations Associate, Managed Support",Stripe,Mexico City,https://stripe.com/jobs/search?gh_jid=6630229,
"Operations Associate, New Grad",Stripe,"Bengaluru, India",https://stripe.com/jobs/search?gh_jid=7544545,
"Operations Associate, New Grad (Mexico)",Stripe,"Mexico City, Mexico",https://stripe.com/jobs/search?gh_jid=7544547,
"Operations Associate, Sanctions",Stripe,Bengaluru,https://stripe.com/jobs/search?gh_jid=7540835,
"Operations Associate, Sanctions",Stripe,Mexico City,https://stripe.com/jobs/search?gh_jid=6891805,
"Operations Manager, Enhanced Due Diligence",Stripe,Mexico City,https://stripe.com/jobs/search?gh_jid=7576867,
"Operations Manager, GTM Accelerate",Stripe,Dublin,https://stripe.com/jobs/search?gh_jid=7348391,
Operations Recruiter ,Stripe,Mexico City,https://stripe.com/jobs/search?gh_jid=7309418,
"Operations Specialist, Product Support",Stripe,MX - Mexico City,https://stripe.com/jobs/search?gh_jid=5114866,
Oracle Fusion apps-Techno functional consultant,Stripe,Bengaluru,https://stripe.com/jobs/search?gh_jid=5853649,
Partner Development Manager,Stripe,Tokyo,https://stripe.com/jobs/search?gh_jid=6521109,
"Partner Development Manager, Ecosystem Product",Stripe,US-Remote; US-San Francisco; US-NYC; US-Seattle; Canada-Toronto; Canada-Remote,https://stripe.com/jobs/search?gh_jid=7481368,
"Partner Development Manager, Enterprise",Stripe,Dublin,https://stripe.com/jobs/search?gh_jid=7422491,
"Partner Development Manager, Financial Partnership Capabilities ",Stripe,AMER,https://stripe.com/jobs/search?gh_jid=7249573,
Partner Development Manager- Germany,Stripe,Germany,https://stripe.com/jobs/search?gh_jid=7556207,
Partner Development Manager (India),Stripe,Bengaluru,https://stripe.com/jobs/search?gh_jid=7433806,
Partner Sales Manager (Australia),Stripe,Sydney,https://stripe.com/jobs/search?gh_jid=7451701,
"Partner Sales Manager - SaaS Platforms, Ireland",Stripe,LOCATION,https://stripe.com/jobs/search?gh_jid=7481363,
"Partnerships, Bridge",Stripe,San Francisco or New York,https://stripe.com/jobs/search?gh_jid=7545603,
Partner Solutions Architect,Stripe,Chicago or Atlanta,https://stripe.com/jobs/search?gh_jid=7411434,
Payments Fraud Investigator,Stripe,Dublin,https://stripe.com/jobs/search?gh_jid=7554002,
 Payments Performance Strategist,Stripe,Singapore,https://stripe.com/jobs/search?gh_jid=7374526,
Payments Performance Strategist,Stripe,"Chicago, IL; Atlanta, GA; US-Remote; San Francisco, CA; New York; NY ",https://stripe.com/jobs/search?gh_jid=7409686,
Payments Process Owner - Global Finance Operations,Stripe,IN-Bengaluru,https://stripe.com/jobs/search?gh_jid=7522190,
People Consultant,Stripe,Toronto,https://stripe.com/jobs/search?gh_jid=7060508,
People Operations Associate ,Stripe,Bengaluru,https://stripe.com/jobs/search?gh_jid=7529785,
People Partner,Stripe,"San Francisco, Seattle",https://stripe.com/jobs/search?gh_jid=7466921,
"People Partner, Technology",Stripe,"San Francisco, Seattle",https://stripe.com/jobs/search?gh_jid=7542823,
"PhD Data Scientist, Intern",Stripe,"Toronto, Ontario, Canada",https://stripe.com/jobs/search?gh_jid=7285974,
"PhD Machine Learning Engineer, Intern",Stripe,"San Francisco, New York City, Seattle",https://stripe.com/jobs/search?gh_jid=7216664,
"PhD Machine Learning Engineer, New Grad",Stripe,"San Francisco, New York City, Seattle",https://stripe.com/jobs/search?gh_jid=7216668,
Policy Enforcement Strategist ,Stripe,Dublin,https://stripe.com/jobs/search?gh_jid=7537163,
"Principal Customer Success Manager, Enterprise",Stripe,"San Francisco, CA; New York, NY; Atlanta, GA; Chicago, IL",https://stripe.com/jobs/search?gh_jid=7463614,
"Principal Customer Success Manager, Enterprise",Stripe,"Seattle, WA",https://stripe.com/jobs/search?gh_jid=7559141,
"Principal Customer Success Manager, Platforms ",Stripe,"San Francisco, CA; New York, NY; Atlanta, GA; Chicago, IL",https://stripe.com/jobs/search?gh_jid=7248610,
Procurement Operations Partner,Stripe,Bengaluru,https://stripe.com/jobs/search?gh_jid=7547590,
"Producer, Breakout and Keynote",Stripe,Remote in United States,https://stripe.com/jobs/search?gh_jid=7571070,
Product Communications: crypto and emerging payments products,Stripe,SF,https://stripe.com/jobs/search?gh_jid=6716819,
"Product Counsel, Crypto and Money Movement Legal",Stripe,"London, Dublin",https://stripe.com/jobs/search?gh_jid=7540179,
Product Designer,Stripe,US / Canada,https://stripe.com/jobs/search?gh_jid=7568117,
"Product Designer, Issuing",Stripe,Canada,https://stripe.com/jobs/search?gh_jid=7520327,
"Product Designer, Payments",Stripe,Canada,https://stripe.com/jobs/search?gh_jid=7538361,
Production Design Operations Associate,Stripe,Bengaluru,https://stripe.com/jobs/search?gh_jid=7431303,
"Product Lead, Connect",Stripe,"SF, NYC, SEA",https://stripe.com/jobs/search?gh_jid=7412254,
"Product Manager, AMER Cards",Stripe,"SF, NY, SEA, US-Remote",https://stripe.com/jobs/search?gh_jid=7568269,
"Product Manager, Banking as a Service",Stripe,Chicago / Remote,https://stripe.com/jobs/search?gh_jid=7561053,
"Product Manager, Bridge",Stripe,New York or San Francisco,https://stripe.com/jobs/search?gh_jid=7453988,
"Product Manager, Card Costs and Settlement",Stripe,"SF, NY, SEA, US-Remote",https://stripe.com/jobs/search?gh_jid=7176532,
"Product Manager, Cards Pricing",Stripe,"SF, NY, SEA, US-Remote",https://stripe.com/jobs/search?gh_jid=7435001,
"Product Manager, Cards Vault",Stripe,"SF, SEA, US-Remote (West)",https://stripe.com/jobs/search?gh_jid=7306879,
"Product Manager, Compliance Platform",Stripe,"San Francisco, Seattle, New York, US - Remote",https://stripe.com/jobs/search?gh_jid=7363602,
"Product Manager, Compliance Platform",Stripe,Hawaii,https://stripe.com/jobs/search?gh_jid=7444899,
"Product Manager, Connect",Stripe,London,https://stripe.com/jobs/search?gh_jid=7536057,
"Product Manager, Financial Connections — Merchant Experience",Stripe,"SF, SEA, NY",https://stripe.com/jobs/search?gh_jid=7556049,
"Product Manager, Local Payment Methods",Stripe,New York,https://stripe.com/jobs/search?gh_jid=7187035,
"Product Manager, Local Payment Methods EMEA",Stripe,Dublin,https://stripe.com/jobs/search?gh_jid=7486955,
"Product Manager, Local Payment Methods EMEA",Stripe,Barcelona,https://stripe.com/jobs/search?gh_jid=7547596,
"Product Manager, ML Foundations and GenAI",Stripe,"Seattle, San Francisco, New York, US - Remote",https://stripe.com/jobs/search?gh_jid=7517535,
"Product Manager, Payment Records Platform",Stripe,"SF, NY, SEA, Remote-US",https://stripe.com/jobs/search?gh_jid=7564817,
"Product Manager, Payments Intelligence",Stripe,United States,https://stripe.com/jobs/search?gh_jid=7303224,
"Product Manager, Payments Intelligence",Stripe,US,https://stripe.com/jobs/search?gh_jid=7580706,
"Product Manager, Risk UX",Stripe,Dublin,https://stripe.com/jobs/search?gh_jid=7407030,
"Product Manager, Seller Systems",Stripe,"SF, SEA, NYC, US-Remote",https://stripe.com/jobs/search?gh_jid=6964987,
"Product Manager, Stripe Infrastructure",Stripe,Remote in the US,https://stripe.com/jobs/search?gh_jid=6651889,
"Product Manager, Support Products - Support Experience",Stripe,Dublin,https://stripe.com/jobs/search?gh_jid=7440429,
"Product Manager, Terminal Device Expansion",Stripe,"Seattle, San Francisco, New York",https://stripe.com/jobs/search?gh_jid=7397265,
"Product Manager, Usage Based Billing",Stripe,"San Francisco, New York, Seattle, Chicago",https://stripe.com/jobs/search?gh_jid=7015087,
"Product Marketing Lead, GTM",Stripe,"Chicago, Remote in US",https://stripe.com/jobs/search?gh_jid=7354060,
Product Marketing Manager,Stripe,"San Francisco, New York, Seattle, Chicago, Remote, Toronto",https://stripe.com/jobs/search?gh_jid=6348471,
"Product Marketing Manager, AI Industry",Stripe,"Remote, NYC, SF, Seattle, Chicago, Toronto",https://stripe.com/jobs/search?gh_jid=7347493,
"Product Marketing Manager, Stripe Billing",Stripe,"Remote US, Canada",https://stripe.com/jobs/search?gh_jid=7421572,
"Product Marketing, Velocity (Mid-market & SMB) Segment",Stripe,Remote US,https://stripe.com/jobs/search?gh_jid=7564364,
Product Operations Program Manager,Stripe,"CHI, ATL, US-Remote",https://stripe.com/jobs/search?gh_jid=7302542,
Product Pricing Strategist,Stripe,US,https://stripe.com/jobs/search?gh_jid=7540241,
Product Sales Finance & Strategy Lead,Stripe,"San Francisco, Seattle, New York",https://stripe.com/jobs/search?gh_jid=7260872,
"Product Sales Manager, Capital",Stripe,"NYC, SF",https://stripe.com/jobs/search?gh_jid=7391537,
"Product Support, Bridge",Stripe,San Francisco or New York,https://stripe.com/jobs/search?gh_jid=7536897,
Product Support Manager,Stripe,Singapore,https://stripe.com/jobs/search?gh_jid=7545852,
"Product Support Operations Associate, Weekend Shift ",Stripe,Bengaluru,https://stripe.com/jobs/search?gh_jid=6814190,
Product Support Specialist,Stripe,Singapore,https://stripe.com/jobs/search?gh_jid=7524531,
"Professional Services Strategy & Operations, Analyst",Stripe,"Berlin, Madrid, Dublin",https://stripe.com/jobs/search?gh_jid=7412511,
"Program Manager, Card Network Office (CNO) ",Stripe,"USA - San Francisco, Seattle, New York (office) or remote",https://stripe.com/jobs/search?gh_jid=7061338,
"Program Manager, Enterprise Servicing ",Stripe,U.S. ,https://stripe.com/jobs/search?gh_jid=7467934,
"Program Manager, Risk Ops Enablement",Stripe,US-Remote,https://stripe.com/jobs/search?gh_jid=7214197,
"Program Manager, Risk Ops Enablement",Stripe,IE-Dublin,https://stripe.com/jobs/search?gh_jid=7214195,
"Program Manager, Solutions Architecture",Stripe,"Chicago, Atlanta, US-Remote",https://stripe.com/jobs/search?gh_jid=7470827,
"Program Manager, Solutions Architecture (Product Interlock)",Stripe,Chicago,https://stripe.com/jobs/search?gh_jid=7536460,
Program Manager - TechOps,Stripe,Bengaluru,https://stripe.com/jobs/search?gh_jid=7227498,
"Program Manager, Third Party Regulatory Risk",Stripe,"Dublin, London, Remote",https://stripe.com/jobs/search?gh_jid=7230209,
"Program Manager, Third Party Risk",Stripe,"US (Remote), SF, SEA, CHI, NYC, ATL",https://stripe.com/jobs/search?gh_jid=7559403,
"Project Manager, Fraud Operations",Stripe,Mexico City,https://stripe.com/jobs/search?gh_jid=6996373,
"Project Manager, Performance",Stripe,"SF, SEA, CHI, NYC",https://stripe.com/jobs/search?gh_jid=7538363,
Proposal Lead,Stripe,US-Remote,https://stripe.com/jobs/search?gh_jid=7456714,
Recruiter (DASH) - (Fixed Term Contract),Stripe,"Chicago, Atlanta",https://stripe.com/jobs/search?gh_jid=7526010,
Recruiter (Fixed Term Contract),Stripe,"Dublin, London",https://stripe.com/jobs/search?gh_jid=7453909,
"Recruiter, Privy ",Stripe,NYC,https://stripe.com/jobs/search?gh_jid=7284362,
Recruiting Coordinator (FTE),Stripe,Singapore,https://stripe.com/jobs/search?gh_jid=7456364,
"Recruiting Coordinator Manager, EMEA/APAC",Stripe,Dublin,https://stripe.com/jobs/search?gh_jid=7541513,
"Recruiting Manager, SDC Operations",Stripe,"Mexico City, MX",https://stripe.com/jobs/search?gh_jid=7455537,
"Recruiting Program Manager, Centralized Operations",Stripe,"SF, NYC, CHI, SEA",https://stripe.com/jobs/search?gh_jid=7544632,
"Recruiting Program Manager, Tech Recruiting",Stripe,"SF, NYC, CHI, SEA",https://stripe.com/jobs/search?gh_jid=7569527,
Recruiting Scheduler,Stripe,NYC,https://stripe.com/jobs/search?gh_jid=7511443,
Regulatory Counsel,Stripe,Remote US and Canada,https://stripe.com/jobs/search?gh_jid=7564745,
Regulatory Reporting Analyst,Stripe,Bengaluru,https://stripe.com/jobs/search?gh_jid=7369424,
Resource Planning Manager - Professional Services,Stripe,Dublin,https://stripe.com/jobs/search?gh_jid=7515810,
Risk & Control Health Data Analyst,Stripe,US-Remote,https://stripe.com/jobs/search?gh_jid=7577621,
Risk Operations Analyst,Stripe,Remote,https://stripe.com/jobs/search?gh_jid=7230921,
"Risk Operations Analyst, Financial Crimes",Stripe,Dublin,https://stripe.com/jobs/search?gh_jid=7430332,
Risk Operations Associate ,Stripe,Bengaluru,https://stripe.com/jobs/search?gh_jid=5423044,
"Risk Operations Associate (CDMX), User Policy Operations (UPO)",Stripe,Mexico City,https://stripe.com/jobs/search?gh_jid=7211193,
"Risk Operations Manager, Verifications",Stripe,Mexico City,https://stripe.com/jobs/search?gh_jid=7482838,
Risk Partnerships Manager,Stripe,Singapore,https://stripe.com/jobs/search?gh_jid=7309521,
Risk Partnerships Manager - Banks & Treasury,Stripe,"US Remote or Toronto, CA",https://stripe.com/jobs/search?gh_jid=7028809,
SaaS Operations Engineer,Stripe,Dublin ,https://stripe.com/jobs/search?gh_jid=7355652,
SaaS Platforms Solutions Architecture Manager,Stripe,"Chicago, IL",https://stripe.com/jobs/search?gh_jid=7394633,
Sales Development Associate (German speaking) ,Stripe,Dublin,https://stripe.com/jobs/search?gh_jid=6570259,
Sales Development Representative,Stripe,"Singapore, Tokyo, Sydney, Bangkok",https://stripe.com/jobs/search?gh_jid=6470774,
Sales Development Representative,Stripe,"Chicago, Illinois",https://stripe.com/jobs/search?gh_jid=6570253,
"Sales Development Representative, AUNZ",Stripe,"Sydney, Australia",https://stripe.com/jobs/search?gh_jid=6570374,
"Sales Development Representative, Bridge",Stripe,San Francisco or New York,https://stripe.com/jobs/search?gh_jid=7505572,
Sales Development Representative (Dutch-speaking),Stripe,Dublin ,https://stripe.com/jobs/search?gh_jid=7578112,
"Sales Development Representative, Japan",Stripe,"Tokyo, Japan",https://stripe.com/jobs/search?gh_jid=7355424,
"Sales Development Representative, Korean-speaking",Stripe,Singapore,https://stripe.com/jobs/search?gh_jid=7532744,
"Sales Development Representative, Spanish",Stripe,Dublin,https://stripe.com/jobs/search?gh_jid=7385839,
"Sales Development Representative, SSMBs SEA",Stripe,Singapore,https://stripe.com/jobs/search?gh_jid=7552408,
Sales Enablement & Training Specialist,Stripe,SF,https://stripe.com/jobs/search?gh_jid=7359215,
"Sales Manager, Enterprise, Japan",Stripe,Tokyo,https://stripe.com/jobs/search?gh_jid=7243072,
"Sales Manager, Enterprise Platforms; Hunter Team",Stripe,"San Francisco, CA",https://stripe.com/jobs/search?gh_jid=7375436,
Sales Manager Existing Business,Stripe,US,https://stripe.com/jobs/search?gh_jid=7508817,
"Sales Manager, Mid Market",Stripe,Chicago,https://stripe.com/jobs/search?gh_jid=7306952,
"Sales Manager, Platforms (Existing Business)",Stripe,US-SF,https://stripe.com/jobs/search?gh_jid=7342373,
"Sales Manager, Platforms (Existing Business)",Stripe,US-NYC,https://stripe.com/jobs/search?gh_jid=7522069,
"Sales Manager, Platforms (Existing Business)",Stripe,US-SF,https://stripe.com/jobs/search?gh_jid=7375100,
"Sales Manager, SMB & Mid-Market",Stripe,Dublin,https://stripe.com/jobs/search?gh_jid=7538274,
"Sales Manager, Startup SaaS Platforms - German or French Speaking",Stripe,Dublin,https://stripe.com/jobs/search?gh_jid=7527325,
Sales Operations Associate,Stripe,Mexico City,https://stripe.com/jobs/search?gh_jid=7456456,
"Sales Strategy & Operations Analyst, Platform Sales",Stripe,"CHI, ATL, US-Remote",https://stripe.com/jobs/search?gh_jid=7411273,
"Scaled Account Executive, Japan",Stripe,Tokyo,https://stripe.com/jobs/search?gh_jid=7294292,
"SDC Operations Manager, Financial Crimes (AML)",Stripe,Bengaluru,https://stripe.com/jobs/search?gh_jid=7325566,
SDC Program Manager,Stripe,Dublin,https://stripe.com/jobs/search?gh_jid=7461064,
"Security Engineer, Bridge",Stripe,"SF, New York, Seattle",https://stripe.com/jobs/search?gh_jid=7573236,
"Security Engineer, New Grad ",Stripe,"Seattle, WA; San Francisco, CA; Toronto, CAN",https://stripe.com/jobs/search?gh_jid=7477571,
"Seller Experience Process & Systems, Program Manager",Stripe,Remote,https://stripe.com/jobs/search?gh_jid=7417568,
"Senior Manager, Sales Development",Stripe,Dublin ,https://stripe.com/jobs/search?gh_jid=7337546,
Senior People Partner,Stripe,Dublin,https://stripe.com/jobs/search?gh_jid=7317375,
"Senior Staff Product Designer, Payments",Stripe,"SF, Seattle, New York, Remote in the US",https://stripe.com/jobs/search?gh_jid=7202630,
"Senior Staff Software Engineer,  Developer Infrastructure ",Stripe,"SEA, SF",https://stripe.com/jobs/search?gh_jid=7409691,
Senior US Payroll Tax Specialist,Stripe,Bengaluru,https://stripe.com/jobs/search?gh_jid=7282552,
Services Consultant - Scaled Professional Services,Stripe,Dublin,https://stripe.com/jobs/search?gh_jid=7457706,
"Short-form Video & Social, Community Comms",Stripe,"SF, NYC",https://stripe.com/jobs/search?gh_jid=7373865,
Social Media Customer Support Associate ,Stripe,Mexico,https://stripe.com/jobs/search?gh_jid=6898905,
"Software Engineer, Bridge",Stripe,"San Francisco, NY, Seattle",https://stripe.com/jobs/search?gh_jid=7277110,
"Software Engineer, Cards",Stripe,Singapore,https://stripe.com/jobs/search?gh_jid=7529787,
"Software Engineer, Core Technology",Stripe,IN-Bengaluru,https://stripe.com/jobs/search?gh_jid=7174299,
"Software Engineer, Data & AI",Stripe,Bengaluru,https://stripe.com/jobs/search?gh_jid=7529428,
"Software Engineer, Data Orchestration",Stripe,N/A,https://stripe.com/jobs/search?gh_jid=7230670,
"Software Engineering, New Grad",Stripe,Singapore,https://stripe.com/jobs/search?gh_jid=7176977,
"Software Engineer, Intern",Stripe,Toronto,https://stripe.com/jobs/search?gh_jid=7206389,
"Software Engineer, Intern",Stripe,Dublin,https://stripe.com/jobs/search?gh_jid=7206494,
"Software Engineer, Intern",Stripe,London,https://stripe.com/jobs/search?gh_jid=7360840,
"Software Engineer, Intern",Stripe,Singapore,https://stripe.com/jobs/search?gh_jid=7206401,
"Software Engineer, Internal Systems",Stripe,"Bengaluru, India",https://stripe.com/jobs/search?gh_jid=7543868,
"Software Engineer, Internal Systems",Stripe,"Seattle, San Francisco, New York City ",https://stripe.com/jobs/search?gh_jid=7009186,
"Software Engineer, Intern (Summer and Winter)",Stripe,"San Francisco, Seattle, New York City",https://stripe.com/jobs/search?gh_jid=7210115,
"Software Engineer, Machine Learning Infrastructure",Stripe,"Toronto, Canada",https://stripe.com/jobs/search?gh_jid=6099228,
"Software Engineer, Money as a Service",Stripe,Singapore,https://stripe.com/jobs/search?gh_jid=7555999,
"Software Engineer, Money Movement ",Stripe,London,https://stripe.com/jobs/search?gh_jid=7208537,
"Software Engineer, New Grad",Stripe,"San Francisco, Seattle",https://stripe.com/jobs/search?gh_jid=7210112,
"Software Engineer, New Grad",Stripe,Toronto,https://stripe.com/jobs/search?gh_jid=7206505,
"Software Engineer, New Grad",Stripe,Dublin,https://stripe.com/jobs/search?gh_jid=7206515,
"Software Engineer, New Grad",Stripe,Barcelona,https://stripe.com/jobs/search?gh_jid=7213871,
"Software Engineer, Payments & Risk",Stripe,IN-Bengaluru,https://stripe.com/jobs/search?gh_jid=4952353,
"Software Engineer, Product Security Data Platforms",Stripe,Seattle,https://stripe.com/jobs/search?gh_jid=7545459,
"Software Engineer, Secrets Infrastructure",Stripe,na,https://stripe.com/jobs/search?gh_jid=7396679,
"Software Engineer,Service Ecosystem Sustainability ",Stripe,Bengaluru,https://stripe.com/jobs/search?gh_jid=6967304,
"Software Engineer - Smart Contract, Bridge",Stripe,San Francisco or New York,https://stripe.com/jobs/search?gh_jid=7507904,
Solution Architect (Greater China),Stripe,Singapore,https://stripe.com/jobs/search?gh_jid=7510748,
Solutions Architect (Australia),Stripe,Australia,https://stripe.com/jobs/search?gh_jid=7366524,
"Solutions Architect, Enterprise",Stripe,"Chicago, IL",https://stripe.com/jobs/search?gh_jid=7374610,
"Solutions Architect, Enterprise Hunter",Stripe,"New York City, South San Francisco, or Remote",https://stripe.com/jobs/search?gh_jid=7462261,
"Solutions Architect, Enterprise Platforms Grower",Stripe,"Chicago, IL or New York, NY or San Francisco, CA",https://stripe.com/jobs/search?gh_jid=7396509,
Solutions Architect (Japan),Stripe,"Tokyo, Japan",https://stripe.com/jobs/search?gh_jid=7366526,
"Solutions Architect Manager, SAAS Platforms - EMEA  ",Stripe,LOCATION,https://stripe.com/jobs/search?gh_jid=7518744,
"Solutions Architect, SMB",Stripe,Chicago,https://stripe.com/jobs/search?gh_jid=7361440,
"Solutions Architect, Startup & SMB (French-Speaking)",Stripe,Dublin,https://stripe.com/jobs/search?gh_jid=7571573,
"Solutions Architect, Startup & SMB (German-Speaking)",Stripe,LOCATION,https://stripe.com/jobs/search?gh_jid=7442995,
"Solutions Architect, Strategic Enterprise Platforms",Stripe,"San Francisco, CA or New York, NY or Remote",https://stripe.com/jobs/search?gh_jid=7386950,
"Solutions Engineer, Bridge",Stripe,San Francisco or New York,https://stripe.com/jobs/search?gh_jid=7396430,
"Solutions Engineer, Bridge",Stripe,LOCATION,https://stripe.com/jobs/search?gh_jid=7434912,
Sourcer,Stripe,"Mexico City, MX",https://stripe.com/jobs/search?gh_jid=7489525,
SOX IT Controls Lead,Stripe,"Seattle, San Francisco",https://stripe.com/jobs/search?gh_jid=7555647,
"Specialist Solutions Architect, Crypto & Stablecoins",Stripe,US-NY,https://stripe.com/jobs/search?gh_jid=7120766,
"Specialist Solutions Architect, Money Management",Stripe,"NY, SF, Remote",https://stripe.com/jobs/search?gh_jid=7380371,
"Specialist Solutions Architect, Payments",Stripe,SF or NY,https://stripe.com/jobs/search?gh_jid=7316617,
"Specialist Solutions Architect, Payments",Stripe,Chicago,https://stripe.com/jobs/search?gh_jid=7377593,
"Specialist Solutions Architect, Payments (Terminal)",Stripe,SF,https://stripe.com/jobs/search?gh_jid=7376950,
"Specialist Solutions Architect, Radar (Fraud/Risk)",Stripe,NY or SF,https://stripe.com/jobs/search?gh_jid=7365914,
Stablecoin Policy Development Lead,Stripe,US-Remote,https://stripe.com/jobs/search?gh_jid=7554006,
"Staff Backend Engineer, Privy",Stripe,NYC-Privy,https://stripe.com/jobs/search?gh_jid=7235875,
"Staff Content Designer, Dashboard",Stripe,US-remote,https://stripe.com/jobs/search?gh_jid=7542825,
"Staff Engineer, Account Engineering",Stripe,"NYC, SEA",https://stripe.com/jobs/search?gh_jid=7369269,
"Staff Engineer, Capital Engineering",Stripe,US,https://stripe.com/jobs/search?gh_jid=7191847,
"Staff Engineer , Data & AI",Stripe,Bengaluru,https://stripe.com/jobs/search?gh_jid=7430826,
"Staff Engineer, Data Engineering Solutions",Stripe,Bengaluru,https://stripe.com/jobs/search?gh_jid=7548037,
"Staff Engineer, Experimental Projects",Stripe,US-Remote,https://stripe.com/jobs/search?gh_jid=7280343,
"Staff Engineer, Financial Business Insights ",Stripe,Bengaluru,https://stripe.com/jobs/search?gh_jid=7217778,
"Staff Engineer, Payments",Stripe,"Seattle, San Francisco",https://stripe.com/jobs/search?gh_jid=7416957,
"Staff Engineer, RFA Forward Deployed Engineering",Stripe,Seattle,https://stripe.com/jobs/search?gh_jid=7154047,
"Staff Engineer, Usage Based Billing ",Stripe,US Locations,https://stripe.com/jobs/search?gh_jid=7124531,
"Staff Full Stack Engineer, Payments Dashboard",Stripe,Seattle,https://stripe.com/jobs/search?gh_jid=7492950,
"Staff Fullstack Engineer, Privy",Stripe,"NYC-Privy, US-Remote ",https://stripe.com/jobs/search?gh_jid=7091959,
"Staff Infrastructure Engineer, Privy",Stripe,New York,https://stripe.com/jobs/search?gh_jid=7462961,
Staff Product Designer,Stripe,US ,https://stripe.com/jobs/search?gh_jid=7536458,
"Staff Product Designer, Developer AI",Stripe,US / Canada,https://stripe.com/jobs/search?gh_jid=7164051,
"Staff Product Manager, Compliance UX",Stripe,Dublin,https://stripe.com/jobs/search?gh_jid=7573905,
"Staff Product Manager, Link Balance",Stripe,"NY, SF, SEA, Remote-US",https://stripe.com/jobs/search?gh_jid=7118153,
"Staff Product Manager, Link Consumer Product",Stripe,"SF, SEA, NY, Remote-US",https://stripe.com/jobs/search?gh_jid=7392697,
"Staff Product Manager, Orchestration Lead",Stripe,"SF, NY, SEA, US-Remote",https://stripe.com/jobs/search?gh_jid=7568987,
"Staff Product Manager, Stripe Apps and Extensibility Platform",Stripe,"San Francisco, Seattle, NYC, Chicago, Toronto, US- Remote, Canada-Remote",https://stripe.com/jobs/search?gh_jid=7550590,
"Staff Product Manager, Terminal - Global Payment Acceptance",Stripe,United States or Canada,https://stripe.com/jobs/search?gh_jid=7301942,
"Staff Product Manager, Web Presence & Platform",Stripe,Remote / Chicago,https://stripe.com/jobs/search?gh_jid=7169955,
"Staff Security Engineer, Security Partnerships",Stripe,"Remote, North America",https://stripe.com/jobs/search?gh_jid=6892149,
"Staff Software Engineer, Billing",Stripe,"Toronto, Canada, Canada Remote",https://stripe.com/jobs/search?gh_jid=5846766,
"Staff Software Engineer, Data",Stripe,"Toronto, Canada, Canada Remote ",https://stripe.com/jobs/search?gh_jid=6482105,
"Staff Software Engineer, Developer Productivity ",Stripe,"US Remote, Seattle, San Francisco ",https://stripe.com/jobs/search?gh_jid=7438882,
"Staff Software Engineer, Stream Infrastructure",Stripe,Seattle,https://stripe.com/jobs/search?gh_jid=7517258,
"Staff UX Researcher, Payments",Stripe,US,https://stripe.com/jobs/search?gh_jid=7312489,
"Startup Field Marketing, Greater China",Stripe,Singapore,https://stripe.com/jobs/search?gh_jid=7446793,
"Startup & Investor Partnerships Lead, Australia & New Zealand",Stripe,"Sydney, Australia",https://stripe.com/jobs/search?gh_jid=7489577,
"Startup & Investor Partnerships Lead, Greater China",Stripe,Singapore,https://stripe.com/jobs/search?gh_jid=7317031,
"Startup & Investor Partnerships Lead, India",Stripe,Bengaluru,https://stripe.com/jobs/search?gh_jid=7430732,
"Startup Partner, Germany",Stripe,Berlin/Munich,https://stripe.com/jobs/search?gh_jid=7564183,
"Startup Partner, UK",Stripe,London,https://stripe.com/jobs/search?gh_jid=7562380,
 Strategic Capacity Planning Specialist,Stripe,Dublin,https://stripe.com/jobs/search?gh_jid=7554169,
Strategic Payment Advisors Lead - Global Alliances and Channels - AMER,Stripe,US-Chicago,https://stripe.com/jobs/search?gh_jid=7435757,
Strategic Payment Advisors Lead - Global Alliances and Channels - EMEA,Stripe,LOCATION,https://stripe.com/jobs/search?gh_jid=7454647,
Strategic Program Manager - Support,Stripe,"US-Remote, Chicago",https://stripe.com/jobs/search?gh_jid=7249436,
"Strategic Sourcing Manager, Tech",Stripe,US,https://stripe.com/jobs/search?gh_jid=7378398,
"Strategic Sourcing Manager, Workplace",Stripe,"US (Remote), SF, SEA, CHI, NYC",https://stripe.com/jobs/search?gh_jid=7555197,
Strategic Sourcing Specialist,Stripe,Bengaluru,https://stripe.com/jobs/search?gh_jid=7543993,
"Strategy & Business Operations, Stripe Business Performance ",Stripe,"San Francisco, Seattle, Chicago, US-remote, New York",https://stripe.com/jobs/search?gh_jid=5956528,
"Strategy & Operations Analyst, Customer Success",Stripe,Chicago ,https://stripe.com/jobs/search?gh_jid=7397878,
Strategy & Operations Business Partner,Stripe,"New York, San Fransisco, Seattle, Chicago, Remote in the US, Canada",https://stripe.com/jobs/search?gh_jid=7309571,
"Strategy & Operations Business Partner, Product Sales",Stripe,US,https://stripe.com/jobs/search?gh_jid=7360958,
"Strategy & Operations, Connect",Stripe,"San Francisco, NYC, Seattle, Chicago, US Remote, Toronto",https://stripe.com/jobs/search?gh_jid=7351222,
"Strategy & Operations, Infrastructure ",Stripe,"Seattle, San Francisco, NYC, Chicago, Remote",https://stripe.com/jobs/search?gh_jid=7339964,
"Strategy & Operations, Payouts",Stripe,Dublin,https://stripe.com/jobs/search?gh_jid=7564390,
Systems Analyst - Legal Applications,Stripe,Bangalore,https://stripe.com/jobs/search?gh_jid=7508564,
"Team Lead, Data Analytics",Stripe,Mexico City,https://stripe.com/jobs/search?gh_jid=7490743,
"Team Lead, Risk Operations (PRO)",Stripe,Bengaluru,https://stripe.com/jobs/search?gh_jid=7290256,
"Team Lead Technical Operations, Stripe Delivery Center",Stripe,Bengaluru,https://stripe.com/jobs/search?gh_jid=7142550,
Technical Accounting & Policy ,Stripe,US-SEA or US-SF,https://stripe.com/jobs/search?gh_jid=7110218,
Technical Account Manager,Stripe,"Atlanta, Chicago, New York City, San Francisco, Seattle, US Remote",https://stripe.com/jobs/search?gh_jid=6458492,
Technical Account Manager,Stripe,London,https://stripe.com/jobs/search?gh_jid=7549012,
Technical Account Manager,Stripe,"Toronto, Canada",https://stripe.com/jobs/search?gh_jid=6988288,
Technical Account Manager,Stripe,Dublin,https://stripe.com/jobs/search?gh_jid=6613516,
"Technical Account Manager, French-Speaking",Stripe,Paris,https://stripe.com/jobs/search?gh_jid=6941317,
"Technical Account Manager, German",Stripe,Berlin,https://stripe.com/jobs/search?gh_jid=7549010,
"Technical Account Manager, German or Polish Speaking",Stripe,Dublin,https://stripe.com/jobs/search?gh_jid=7076173,
Technical Account Manager (Greater China) ,Stripe,Singapore,https://stripe.com/jobs/search?gh_jid=7528441,
"Technical Account Manager, Spanish Speaking",Stripe,Madrid,https://stripe.com/jobs/search?gh_jid=7204777,
"Technical Account Manager, Spanish Speaking - Madrid or Dublin",Stripe,Madrid or Dublin,https://stripe.com/jobs/search?gh_jid=6456836,
Technical Operations Associate,Stripe,Mexico City ,https://stripe.com/jobs/search?gh_jid=6282403,
"Technical Operations Engineer, GTM",Stripe,Toronto,https://stripe.com/jobs/search?gh_jid=7525282,
"Technical Partner Manager, Global Partner Engineering & Operations",Stripe,Singapore,https://stripe.com/jobs/search?gh_jid=7485488,
Technical Partner Manager - Networks,Stripe,US-Remote; US-Chicago; US-Atlanta; Canada-Toronto,https://stripe.com/jobs/search?gh_jid=7543679,
"Technical Program Manager, Commerce Systems",Stripe,"Seattle, San Francisco, Remote in the US",https://stripe.com/jobs/search?gh_jid=7296916,
Technical Program Manager - Local Payment Methods,Stripe,Dublin,https://stripe.com/jobs/search?gh_jid=6978174,
"Technical Program Manager, Sandboxes",Stripe,"Seattle, SF, NYC",https://stripe.com/jobs/search?gh_jid=7417090,
"Technical Program Manager, Security",Stripe,"SF, Seattle, Remote in the US",https://stripe.com/jobs/search?gh_jid=7264927,
Technical Recruiter (Fixed Term Contract),Stripe,US-rem,https://stripe.com/jobs/search?gh_jid=7179312,
Technical Recruiter (Fixed Term Contract),Stripe,London,https://stripe.com/jobs/search?gh_jid=7453363,
"Technical Recruiting Manager, EMEA",Stripe,Dublin,https://stripe.com/jobs/search?gh_jid=7449125,
"Technical Recruiting Manager, Product Management + Design ",Stripe,"San Francisco, NYC, Chicago",https://stripe.com/jobs/search?gh_jid=7452605,
Technical Solutions Engineer,Stripe,CA-Remote-British Columbia,https://stripe.com/jobs/search?gh_jid=7377101,
Technical Solutions Engineer,Stripe,"Remote - California, Remote - Colorado, Remote - Oregon, Remote - Washington ",https://stripe.com/jobs/search?gh_jid=7404437,
[TEMPLATE] Default Template,Stripe,LOCATION,https://stripe.com/jobs/search?gh_jid=7247179,
"Training Engineer, Training & Certification",Stripe,US-SF,https://stripe.com/jobs/search?gh_jid=7521020,
Transaction Fraud Strategy Analyst,Stripe,"Chicago, US-Remote, Toronto, Canada-Remote",https://stripe.com/jobs/search?gh_jid=7274401,
Treasury Finance Operations,Stripe,Toronto,https://stripe.com/jobs/search?gh_jid=7555681,
UKI Sales Development Representative,Stripe,Dublin ,https://stripe.com/jobs/search?gh_jid=6669460,
University Recruiter,Stripe,"Mexico City, MX",https://stripe.com/jobs/search?gh_jid=7476012,
University Recruiter (Fixed Term Contract),Stripe,Bangalore,https://stripe.com/jobs/search?gh_jid=7419549,
User Enablement Compliance Manager,Stripe,Dublin OR London,https://stripe.com/jobs/search?gh_jid=7530580,
User Escalations Specialist,Stripe,US-Chicago or US-Seattle,https://stripe.com/jobs/search?gh_jid=7258040,
User Health Strategist ,Stripe,"Atlanta, GA; Chicago, IL; US-Remote ",https://stripe.com/jobs/search?gh_jid=7469426,
User Risk Strategist ,Stripe,"(US-Remote, US-Atlanta, US-Chicago, CA-Toronto, CA-Remote)",https://stripe.com/jobs/search?gh_jid=7226586,
"UX Researcher, Reporting and Data",Stripe,"US, Canada",https://stripe.com/jobs/search?gh_jid=7409756,
Vendor Onboarding Specialist,Stripe,Bengaluru,https://stripe.com/jobs/search?gh_jid=7491166,
Vendor Operations Lead,Stripe,"CHI, ATL, US Remote ",https://stripe.com/jobs/search?gh_jid=7394979,
Workplace Real Estate Portfolio Strategist,Stripe,"San Francisco, CA",https://stripe.com/jobs/search?gh_jid=7559405,
"Writer, Content Marketing",Stripe,"US Remote, CHI, ATL",https://stripe.com/jobs/search?gh_jid=7343534,
"Account Executive, Airbnb for Business",Airbnb,Canada,https://careers.airbnb.com/positions/7434393?gh_jid=7434393,
"Acquisition Lead, Experiences, Mexico City (12 month contract)",Airbnb,Mexico,https://careers.airbnb.com/positions/7467432?gh_jid=7467432,
"Acquisition Manager, Experiences, Mexico City",Airbnb,Mexico,https://careers.airbnb.com/positions/7467455?gh_jid=7467455,
Advanced Analytics Intern (MS),Airbnb,United States,https://careers.airbnb.com/positions/7556971?gh_jid=7556971,
"Analyste sur la Qualité, Soutien Prioritaire (Portugais)",Airbnb,Canada,https://careers.airbnb.com/positions/7550112?gh_jid=7550112,
"Android Engineer, Guest & Host",Airbnb,"Remote, USA",https://careers.airbnb.com/positions/7575997?gh_jid=7575997,
"Associate Art Direction, Media Operations",Airbnb,"Gurugram, India",https://careers.airbnb.com/positions/7510624?gh_jid=7510624,
"Brand Marketing Intern, France",Airbnb,"Paris, France",https://careers.airbnb.com/positions/7563987?gh_jid=7563987,
Business Analyst,Airbnb,Singapore,https://careers.airbnb.com/positions/7543907?gh_jid=7543907,
Business Data Analyst (12 Month FTC),Airbnb,"Paris, France",https://careers.airbnb.com/positions/7455067?gh_jid=7455067,
"Business Solutions Engineer, (Agentic AI)",Airbnb,"Bangalore, India",https://careers.airbnb.com/positions/7541082?gh_jid=7541082,
"Chef de l’Approvisionnement en Logements, Canada",Airbnb,Canada,https://careers.airbnb.com/positions/7326052?gh_jid=7326052,
"Chef d'équipe, Rétablissement de service ",Airbnb,Canada,https://careers.airbnb.com/positions/7534549?gh_jid=7534549,
Claims Experience Specialist (French/Spanish/Italian/Portuguese),Airbnb,"Montreal,Canada",https://careers.airbnb.com/positions/7288960?gh_jid=7288960,
Claims Experience Specialist(Japanese and English Speaking),Airbnb,Japan,https://careers.airbnb.com/positions/7439746?gh_jid=7439746,
"Communications Intern, France",Airbnb,"Paris, France",https://careers.airbnb.com/positions/7573845?gh_jid=7573845,
"Communications Lead, U.S. Latino",Airbnb,United States ,https://careers.airbnb.com/positions/7571445?gh_jid=7571445,
"Community Regional Lead, APAC",Airbnb,"Singapore, Singapore",https://careers.airbnb.com/positions/7454771?gh_jid=7454771,
Community Support BizOps Lead,Airbnb,"Dublin, Ireland",https://careers.airbnb.com/positions/7451784?gh_jid=7451784,
Concepteur·Rice De Formations,Airbnb,Canada,https://careers.airbnb.com/positions/7552978?gh_jid=7552978,
CS Delivery Excellence Manager,Airbnb,United States,https://careers.airbnb.com/positions/7530752?gh_jid=7530752,
CS Delivery Excellence Manager,Airbnb,Canada,https://careers.airbnb.com/positions/7530910?gh_jid=7530910,
CS Delivery Manager,Airbnb,Korea,https://careers.airbnb.com/positions/7256581?gh_jid=7256581,
"Engineering Manager, Ambassador Routing",Airbnb,Remote - USA,https://careers.airbnb.com/positions/7569268?gh_jid=7569268,
"Engineering Manager, Client Products & Emerging Tech",Airbnb,Remote - USA,https://careers.airbnb.com/positions/7522011?gh_jid=7522011,
"Engineering Manager, Control Plane - Distributed Transactional Database",Airbnb,United States,https://careers.airbnb.com/positions/7525334?gh_jid=7525334,
"Engineering Manager, CS Data Services",Airbnb,United States,https://careers.airbnb.com/positions/7402675?gh_jid=7402675,
"Engineering Manager, Guest Displays and Platforms",Airbnb,Remote - USA,https://careers.airbnb.com/positions/7521998?gh_jid=7521998,
"Engineering Manager, Guest & Host",Airbnb,"London, United Kingdom",https://careers.airbnb.com/positions/7532824?gh_jid=7532824,
"Engineering Manager, Mobile Quality Engineering ",Airbnb,"São Paulo, Brazil",https://careers.airbnb.com/positions/7434498?gh_jid=7434498,
Engineering Manager - Tax Platform ,Airbnb,United States,https://careers.airbnb.com/positions/7481629?gh_jid=7481629,
Fraud Investigations Manager,Airbnb,Canada,https://careers.airbnb.com/positions/7535582?gh_jid=7535582,
Fraud & Safety Risk Manager,Airbnb,United States ,https://careers.airbnb.com/positions/7545335?gh_jid=7545335,
"Frontend Engineer, Payments",Airbnb,China,https://careers.airbnb.com/positions/7546721?gh_jid=7546721,
"Head of Homes Supply, India",Airbnb,"Gurugram, India",https://careers.airbnb.com/positions/7543889?gh_jid=7543889,
"Head of Home Supply, Canada",Airbnb,Canada,https://careers.airbnb.com/positions/7326051?gh_jid=7326051,
Instructional Designer,Airbnb,"Dublin, Ireland",https://careers.airbnb.com/positions/7553044?gh_jid=7553044,
Instructional Designer,Airbnb,Canada ,https://careers.airbnb.com/positions/7552977?gh_jid=7552977,
"LATAM Senior Growth Marketing Manager, SEM (Brazil)",Airbnb,Brazil,https://careers.airbnb.com/positions/7579540?gh_jid=7579540,
"LATAM Senior Growth Marketing Manager, SEM (Mexico)",Airbnb,Mexico,https://careers.airbnb.com/positions/7579581?gh_jid=7579581,
Lead Actuary,Airbnb,United States ,https://careers.airbnb.com/positions/7344147?gh_jid=7344147,
"Lead, Advanced Analytics, Community Support",Airbnb,United States,https://careers.airbnb.com/positions/6762224?gh_jid=6762224,
"Lead Advanced Analytics, Digital & AI Products",Airbnb,"Bangalore, India",https://careers.airbnb.com/positions/7443212?gh_jid=7443212,
"Lead, Business Process Improvement",Airbnb,United States ,https://careers.airbnb.com/positions/7555757?gh_jid=7555757,
"Lead Experience Designer, International",Airbnb,China,https://careers.airbnb.com/positions/7256544?gh_jid=7256544,
"Lead Influencer, LATAM",Airbnb,"Miami, United States ",https://careers.airbnb.com/positions/7559250?gh_jid=7559250,
"Lead Influencer, LATAM ",Airbnb,"São Paulo, Brazil ",https://careers.airbnb.com/positions/7559420?gh_jid=7559420,
"Lead Influencer, LATAM ",Airbnb,"Mexico City, Mexico",https://careers.airbnb.com/positions/7559417?gh_jid=7559417,
"Lead Product Manager, Airbnb.org",Airbnb,Remote United States ,https://careers.airbnb.com/positions/7481945?gh_jid=7481945,
"Legal Intern, Policy",Airbnb,"New York, Washington D.C., San Francisco",https://careers.airbnb.com/positions/7485545?gh_jid=7485545,
"Legal Intern, Tax",Airbnb,United States ,https://careers.airbnb.com/positions/7469328?gh_jid=7469328,
"Localization Manager, Canada",Airbnb,Canada,https://careers.airbnb.com/positions/7258829?gh_jid=7258829,
"Localization Manager, Canada",Airbnb,Canada,https://careers.airbnb.com/positions/7258830?gh_jid=7258830,
"Manager, Business Process Improvement",Airbnb,"Gurugram, India",https://careers.airbnb.com/positions/7361968?gh_jid=7361968,
"Manager, Engineering - Guest & Host",Airbnb,United States,https://careers.airbnb.com/positions/7277976?gh_jid=7277976,
"Manager, Engineering, Guest & Host",Airbnb,"Bangalore, India",https://careers.airbnb.com/positions/7436260?gh_jid=7436260,
"Manager, Enquêtes sur la fraude",Airbnb,Canada,https://careers.airbnb.com/positions/7535583?gh_jid=7535583,
"Manager, Field Operations, Northeast",Airbnb,United States,https://careers.airbnb.com/positions/7531129?gh_jid=7531129,
"Manager, Fraud and Safety Investigations Operations",Airbnb,"Gurugram, India",https://careers.airbnb.com/positions/7532782?gh_jid=7532782,
"Manager, Localization - Americas",Airbnb,United States,https://careers.airbnb.com/positions/7293161?gh_jid=7293161,
"Manager, Localization - Americas",Airbnb,Mexico,https://careers.airbnb.com/positions/6804446?gh_jid=6804446,
"Manager, Localization - Americas",Airbnb,Brazil,https://careers.airbnb.com/positions/6804906?gh_jid=6804906,
"Manager, Operations APAC, BizTech",Airbnb,"Bangalore, India",https://careers.airbnb.com/positions/7538279?gh_jid=7538279,
Manager Safety Regional Operations,Airbnb,United States,https://careers.airbnb.com/positions/7347324?gh_jid=7347324,
Market Associate,Airbnb,"London, United Kingdom",https://careers.airbnb.com/positions/7548296?gh_jid=7548296,
Market Associate,Airbnb,"Paris, France",https://careers.airbnb.com/positions/7535063?gh_jid=7535063,
Market Associate,Airbnb,"Berlin, Germany ",https://careers.airbnb.com/positions/7534756?gh_jid=7534756,
Market Associate (Croatian & Italian Speaking),Airbnb,"Milan, Italy ",https://careers.airbnb.com/positions/7539121?gh_jid=7539121,
Market Associate (Italian Speaking),Airbnb,"Milan, Italy",https://careers.airbnb.com/positions/7538964?gh_jid=7538964,
Market Associate (Spanish) ,Airbnb,"Barcelona, Spain",https://careers.airbnb.com/positions/7553474?gh_jid=7553474,
Market Lead,Airbnb,"Los Angeles, United States",https://careers.airbnb.com/positions/7417126?gh_jid=7417126,
Market Manager,Airbnb,"Texas, United States ",https://careers.airbnb.com/positions/7417139?gh_jid=7417139,
Market Manager,Airbnb,"Nevada, United States, Utah, United States",https://careers.airbnb.com/positions/7417141?gh_jid=7417141,
Market Manager,Airbnb,"Sydney, Australia",https://careers.airbnb.com/positions/7430754?gh_jid=7430754,
Market Manager,Airbnb,"Dubai, United Arab Emirates",https://careers.airbnb.com/positions/7557118?gh_jid=7557118,
"Market Manager, Japan",Airbnb,"Tokyo, Japan",https://careers.airbnb.com/positions/7543952?gh_jid=7543952,
Market Manager (Perth),Airbnb,"Perth, Australia",https://careers.airbnb.com/positions/7543925?gh_jid=7543925,
"Market Manager, Services (12 Month Fixed-Term Contract)",Airbnb,"Paris, France",https://careers.airbnb.com/positions/7235251?gh_jid=7235251,
Operations Investigation Specialist,Airbnb,"Singapore, Singapore",https://careers.airbnb.com/positions/7555713?gh_jid=7555713,
Planning Business Manager,Airbnb,United States ,https://careers.airbnb.com/positions/7565742?gh_jid=7565742,
"Platform Lead - Agent Products, Community Support ",Airbnb,United States,https://careers.airbnb.com/positions/7559510?gh_jid=7559510,
Premium Support Delivery Manager (German),Airbnb,Ireland,https://careers.airbnb.com/positions/7454907?gh_jid=7454907,
Premium Support Delivery Manager (Italian),Airbnb,Ireland,https://careers.airbnb.com/positions/7454895?gh_jid=7454895,
Premium Support Delivery Manager (Japanese Speaking),Airbnb,"Tokyo, Japan",https://careers.airbnb.com/positions/7457616?gh_jid=7457616,
Premium Support Delivery Manager (Mandarin Speaking),Airbnb,"Singapore, Singapore",https://careers.airbnb.com/positions/7457656?gh_jid=7457656,
Process Strategy and Optimization Manager,Airbnb,United States ,https://careers.airbnb.com/positions/7550345?gh_jid=7550345,
"Product Manager, Guest Merchandising",Airbnb,"San Francisco, CA",https://careers.airbnb.com/positions/7357118?gh_jid=7357118,
"Product Manager, New Guest Experience",Airbnb,United States,https://careers.airbnb.com/positions/7441029?gh_jid=7441029,
"Product Owner, Supply (GTM) Technology",Airbnb,United States ,https://careers.airbnb.com/positions/7476785?gh_jid=7476785,
"Product Program Manager, Roadmap Planning & Program Management",Airbnb,"San Francisco, United States ",https://careers.airbnb.com/positions/6557174?gh_jid=6557174,
"Program Manager, Community Support",Airbnb,United States ,https://careers.airbnb.com/positions/7564955?gh_jid=7564955,
"Programs and Business Operations Lead, Airbnb Services",Airbnb,"France, Ireland, UK",https://careers.airbnb.com/positions/7461559?gh_jid=7461559,
"Programs and Business Operations Lead, Services",Airbnb,United States ,https://careers.airbnb.com/positions/7565862?gh_jid=7565862,
Public Policy Project Manager - 18 month Fixed Term Contract ,Airbnb,"Paris, France",https://careers.airbnb.com/positions/7476245?gh_jid=7476245,
"Quality Insights Analyst, Premium Support (German Speaking)",Airbnb,Ireland,https://careers.airbnb.com/positions/7564060?gh_jid=7564060,
"Quality Insights Analyst, Premium Support (Italian Speaking)",Airbnb,Ireland,https://careers.airbnb.com/positions/7563933?gh_jid=7563933,
"Quality Insights Analyst, Premium Support (Portuguese)",Airbnb,Canada,https://careers.airbnb.com/positions/7550111?gh_jid=7550111,
"Regulatory Operations Lead, APAC",Airbnb,"Seoul, South Korea",https://careers.airbnb.com/positions/7571217?gh_jid=7571217,
"Regulatory Operations Lead, EMEA",Airbnb,"Paris, France",https://careers.airbnb.com/positions/7571193?gh_jid=7571193,
Responsable de l'excellence de la prestation du soutien à la communauté,Airbnb,Canada,https://careers.airbnb.com/positions/7545362?gh_jid=7545362,
Responsable de marché senior ,Airbnb,Canada,https://careers.airbnb.com/positions/7434394?gh_jid=7434394,
Responsable des partenariats stratégiques,Airbnb,Canada,https://careers.airbnb.com/positions/7535340?gh_jid=7535340,
"Risk Operations Analyst, EMEA Payments (FTC)",Airbnb,Luxembourg,https://careers.airbnb.com/positions/7471420?gh_jid=7471420,
"Sales Operations & Vendor Performance Lead, APAC",Airbnb,"Singapore, Singapore",https://careers.airbnb.com/positions/7433769?gh_jid=7433769,
"Senior Analyst, WFM",Airbnb,"Gurugram, India",https://careers.airbnb.com/positions/7474519?gh_jid=7474519,
Senior Analytics Engineer - Communication and Connectivity Data,Airbnb,United States,https://careers.airbnb.com/positions/7575964?gh_jid=7575964,
"Senior Android Software Engineer, Quality",Airbnb,Brazil - Remote,https://careers.airbnb.com/positions/7380149?gh_jid=7380149,
"Senior Android Software Engineer, Quality Engineering",Airbnb,United States,https://careers.airbnb.com/positions/6602436?gh_jid=6602436,
"Senior Backend Engineer, GraphQL",Airbnb,Remote - USA,https://careers.airbnb.com/positions/7547843?gh_jid=7547843,
"Senior Backend Engineer, Reservations and Additional Products",Airbnb,Remote-USA,https://careers.airbnb.com/positions/7521025?gh_jid=7521025,
"Senior Backend Software Engineer,  Media Ingestion & Serving",Airbnb,Remote - USA,https://careers.airbnb.com/positions/7539174?gh_jid=7539174,
"Senior Business Solutions Engineer, BizTech",Airbnb,United States,https://careers.airbnb.com/positions/7306160?gh_jid=7306160,
Senior Claims Specialist,Airbnb,"Gurugram, India",https://careers.airbnb.com/positions/7543876?gh_jid=7543876,
"Senior Communications Lead, DACH & CEE",Airbnb,Germany,https://careers.airbnb.com/positions/7451609?gh_jid=7451609,
Senior Connectivity Partner Manager (Mandarin speaking),Airbnb,"Tokyo, Japan",https://careers.airbnb.com/positions/7540875?gh_jid=7540875,
"Senior Counsel, Product",Airbnb,United States ,https://careers.airbnb.com/positions/7565511?gh_jid=7565511,
"Senior Data Engineer, Payments",Airbnb,"Bangalore, India",https://careers.airbnb.com/positions/7256787?gh_jid=7256787,
"Senior Data Scientist - Inference, Global Markets",Airbnb,China,https://careers.airbnb.com/positions/7446449?gh_jid=7446449,
"Senior Data Scientist, Marketplace",Airbnb,Remote,https://careers.airbnb.com/positions/7415761?gh_jid=7415761,
"Senior Data Scientist, Pricing ",Airbnb,Remote,https://careers.airbnb.com/positions/7555483?gh_jid=7555483,
"Senior Engineering Manager, Brazil Site Lead",Airbnb,"São Paulo, Brazil",https://careers.airbnb.com/positions/7484546?gh_jid=7484546,
Senior Engineering Manager - Marketplaces DNA (Data & AI),Airbnb,Remote - USA,https://careers.airbnb.com/positions/7450569?gh_jid=7450569,
Senior EX Operations Specialist,Airbnb,"Dublin, Ireland",https://careers.airbnb.com/positions/7431890?gh_jid=7431890,
"Senior Frontend Engineer, GraphQL & Networking Platform",Airbnb,United States,https://careers.airbnb.com/positions/7358446?gh_jid=7358446,
"Senior Frontend Engineer, Hosting Services",Airbnb,"London, England",https://careers.airbnb.com/positions/7544451?gh_jid=7544451,
"Senior Frontend Engineer, Reliability Experience",Airbnb,Brazil - Remote,https://careers.airbnb.com/positions/7378231?gh_jid=7378231,
"Senior Fullstack Engineer, App Foundation",Airbnb,China,https://careers.airbnb.com/positions/7551863?gh_jid=7551863,
"Senior Fullstack Engineer, Trust ",Airbnb,"Remote, USA ",https://careers.airbnb.com/positions/7381159?gh_jid=7381159,
"Senior iOS Automation Engineer, Quality Engineering",Airbnb,Brazil - Remote,https://careers.airbnb.com/positions/7453190?gh_jid=7453190,
"Senior iOS Engineer, Client Media Foundation",Airbnb,"Remote, USA",https://careers.airbnb.com/positions/7558530?gh_jid=7558530,
"Senior iOS Engineer, Guest Displays & Platforms",Airbnb,"Remote, USA",https://careers.airbnb.com/positions/7531251?gh_jid=7531251,
"Senior iOS Engineer, On Trip",Airbnb,"Remote, USA",https://careers.airbnb.com/positions/7577001?gh_jid=7577001,
Senior iOS Software Engineer,Airbnb,Brazil - Remote,https://careers.airbnb.com/positions/7453202?gh_jid=7453202,
Senior Key Account Manager (12-month FTC),Airbnb,"Barcelona, Spain",https://careers.airbnb.com/positions/7516331?gh_jid=7516331,
"Senior Machine Learning Engineer, Listing Integrity",Airbnb,Remote-USA,https://careers.airbnb.com/positions/7551019?gh_jid=7551019,
"Senior Manager, Field Operations, Brazil and Spanish Speaking South America",Airbnb,"São Paulo, Brazil",https://careers.airbnb.com/positions/7473239?gh_jid=7473239,
"Senior Manager, Machine Learning Engineering - GenAI",Airbnb,United Stated,https://careers.airbnb.com/positions/6760488?gh_jid=6760488,
Senior Market Manager,Airbnb,Canada,https://careers.airbnb.com/positions/7255684?gh_jid=7255684,
Senior Market Manager,Airbnb,"Riyadh, Saudi Arabia",https://careers.airbnb.com/positions/7553737?gh_jid=7553737,
Senior Market Manager,Airbnb,"Arizona, United States ",https://careers.airbnb.com/positions/7417135?gh_jid=7417135,
Senior Market Manager,Airbnb,Canada,https://careers.airbnb.com/positions/7255685?gh_jid=7255685,
"Senior Market Manager, France",Airbnb,"Paris, France",https://careers.airbnb.com/positions/7262102?gh_jid=7262102,
"Senior Market Manager, Services",Airbnb,"Mexico City, Mexico",https://careers.airbnb.com/positions/7540550?gh_jid=7540550,
"Senior Operations Specialist, Hosting",Airbnb,"Gurugram, India",https://careers.airbnb.com/positions/7464418?gh_jid=7464418,
"Senior Principal, Internal Audit and Advisory",Airbnb,"Remote, United States ",https://careers.airbnb.com/positions/7183547?gh_jid=7183547,
"Senior Product Program Manager, Roadmap Planning & Program Management ",Airbnb,"San Francisco, United States ",https://careers.airbnb.com/positions/6153760?gh_jid=6153760,
Senior Program Manager Design,Airbnb,United States,https://careers.airbnb.com/positions/7560312?gh_jid=7560312,
"Senior Program Manager, Design, International",Airbnb,China,https://careers.airbnb.com/positions/7543755?gh_jid=7543755,
Senior Routing & Channel Optimization Coordinator,Airbnb,United States,https://careers.airbnb.com/positions/7540054?gh_jid=7540054,
"Senior Sales Operations Lead, APAC",Airbnb,Singapore,https://careers.airbnb.com/positions/7340344?gh_jid=7340344,
"Senior Software Engineer, AI Compute",Airbnb,Remote - USA,https://careers.airbnb.com/positions/7568919?gh_jid=7568919,
"Senior Software Engineer, BizTech",Airbnb,United States,https://careers.airbnb.com/positions/7175614?gh_jid=7175614,
"Senior Software Engineer, Cloud Networking (Brazil)",Airbnb,Brazil,https://careers.airbnb.com/positions/7391864?gh_jid=7391864,
"Senior Software Engineer, Community Support Engineering ",Airbnb,"Remote, USA",https://careers.airbnb.com/positions/7482013?gh_jid=7482013,
"Senior Software Engineer, Community Support Engineering(AI Product)",Airbnb,"Beijing, China",https://careers.airbnb.com/positions/7446513?gh_jid=7446513,
"Senior Software Engineer, Distributed Transactional Database",Airbnb,United States,https://careers.airbnb.com/positions/7070179?gh_jid=7070179,
"Senior Software Engineer, Experimentation Infrastructure",Airbnb,Remote USA,https://careers.airbnb.com/positions/7107439?gh_jid=7107439,
"Senior Software Engineer, Guest Displays & Platform",Airbnb,United States,https://careers.airbnb.com/positions/7551565?gh_jid=7551565,
"Senior Software Engineer, Guest & Host",Airbnb,"Remote, USA",https://careers.airbnb.com/positions/7430121?gh_jid=7430121,
"Senior Software Engineer, Guest & Host",Airbnb,United States,https://careers.airbnb.com/positions/7383965?gh_jid=7383965,
"Senior Software Engineer, Guest & Host - Global Markets",Airbnb,China,https://careers.airbnb.com/positions/7174313?gh_jid=7174313,
"Senior Software Engineer, Guest & Host (Listing)",Airbnb,"Remote, USA",https://careers.airbnb.com/positions/7450454?gh_jid=7450454,
"Senior Software Engineer, Host Pricing & Settings",Airbnb,Remote USA,https://careers.airbnb.com/positions/6718415?gh_jid=6718415,
"Senior Software Engineer, Reliability Engineering",Airbnb,"São Paulo, Brazil",https://careers.airbnb.com/positions/7565550?gh_jid=7565550,
"Senior Software Engineer, Service Tools",Airbnb,Brazil,https://careers.airbnb.com/positions/7490348?gh_jid=7490348,
"Senior Software Engineer, Tax Platform",Airbnb,"Bangalore, India",https://careers.airbnb.com/positions/7529789?gh_jid=7529789,
"Senior Software Engineer, Unified Data Store",Airbnb,United States,https://careers.airbnb.com/positions/7569920?gh_jid=7569920,
"Senior Specialist, Premium Support (German)",Airbnb,Ireland,https://careers.airbnb.com/positions/7454959?gh_jid=7454959,
"Senior Specialist, Premium Support (Italian)",Airbnb,"Nevada, United States",https://careers.airbnb.com/positions/7439185?gh_jid=7439185,
"Senior Specialist, Premium Support (Italian)",Airbnb,Ireland,https://careers.airbnb.com/positions/7454977?gh_jid=7454977,
"Senior Specialist, Premium Support (Japanese speaker)",Airbnb,Japan,https://careers.airbnb.com/positions/7559316?gh_jid=7559316,
"Senior Specialist, Premium Support (Korean Speaking)",Airbnb,"Seoul, Korea",https://careers.airbnb.com/positions/7556586?gh_jid=7556586,
"Senior Specialist, Premium Support(Mandarin)",Airbnb,Singapore,https://careers.airbnb.com/positions/7552162?gh_jid=7552162,
"Senior Specialist, Premium Support (Portuguese)",Airbnb,Canada,https://careers.airbnb.com/positions/7437704?gh_jid=7437704,
"Senior Specialist, Premium Support (Portuguese)",Airbnb,"Nevada, United States",https://careers.airbnb.com/positions/7438723?gh_jid=7438723,
"Senior Specialist, Safety",Airbnb,Canada,https://careers.airbnb.com/positions/7545848?gh_jid=7545848,
"Senior Staff Data Engineer, Marketplaces DNA",Airbnb,United States,https://careers.airbnb.com/positions/7463663?gh_jid=7463663,
"Senior Staff Data Scientist, Guest & Host Marketplace AI",Airbnb,Remote,https://careers.airbnb.com/positions/7107054?gh_jid=7107054,
Senior Staff Machine Learning Engineer - AI Safety and Guardrail ,Airbnb,United States,https://careers.airbnb.com/positions/7159569?gh_jid=7159569,
"Senior Staff Machine Learning Engineer, Communication & Connectivity",Airbnb,Remote - USA,https://careers.airbnb.com/positions/7005605?gh_jid=7005605,
Senior Staff Machine Learning Engineer – GenAI,Airbnb,United States,https://careers.airbnb.com/positions/7028263?gh_jid=7028263,
Senior Staff Machine Learning Engineer - Guest & Host,Airbnb,United States,https://careers.airbnb.com/positions/6817373?gh_jid=6817373,
"Senior Staff Machine Learning Engineer, Relevance and Personalization",Airbnb,United States ,https://careers.airbnb.com/positions/7381973?gh_jid=7381973,
"Senior Staff Software Engineer, Community Support Engineering",Airbnb,China,https://careers.airbnb.com/positions/6480711?gh_jid=6480711,
"Senior Staff Software Engineer, Payments",Airbnb,"Bangalore, India",https://careers.airbnb.com/positions/7525479?gh_jid=7525479,
Senior Supply Market Planning Manager,Airbnb,"Dublin, Ireland, London, United Kingdom",https://careers.airbnb.com/positions/7451677?gh_jid=7451677,
Senior Systems Engineer - OIC,Airbnb,"Remote - Bangalore, India",https://careers.airbnb.com/positions/7556182?gh_jid=7556182,
"Social Lead, Executive and Corporate Communications",Airbnb,"San Francisco, United States ",https://careers.airbnb.com/positions/7378977?gh_jid=7378977,
"Software Engineer, Community Support Engineering(AI Products)",Airbnb,"Beijing, China",https://careers.airbnb.com/positions/7461111?gh_jid=7461111,
"Specialist, CS Labs (Italian)",Airbnb,Canada,https://careers.airbnb.com/positions/7561476?gh_jid=7561476,
"Specialist, CS Labs (Mandarin)",Airbnb,Singapore,https://careers.airbnb.com/positions/7555985?gh_jid=7555985,
"Specialist, CS Labs (Portuguese / German)",Airbnb,Ireland,https://careers.airbnb.com/positions/7556065?gh_jid=7556065,
Spécialiste au Support Premium,Airbnb,"British Columbia, Canada",https://careers.airbnb.com/positions/6188810?gh_jid=6188810,
Spécialiste CS Labs (italien),Airbnb,Canada,https://careers.airbnb.com/positions/7568268?gh_jid=7568268,
"Spécialiste de l’Expérience Réclamations (Français, Italien, Espagnol ou Portugais)",Airbnb,Canada,https://careers.airbnb.com/positions/7288961?gh_jid=7288961,
"Spécialiste principal, Sécurité",Airbnb,Canada,https://careers.airbnb.com/positions/7545849?gh_jid=7545849,
"Spécialiste Sénior, Support Premium (Portugais)",Airbnb,Canada,https://careers.airbnb.com/positions/7437705?gh_jid=7437705,
"Spécialiste, Soutien Premium (mandarin)",Airbnb,Canada,https://careers.airbnb.com/positions/7569828?gh_jid=7569828,
"Specialist, Premium Support",Airbnb,Japan,https://careers.airbnb.com/positions/7566181?gh_jid=7566181,
"Specialist, Premium Support ",Airbnb,Ireland,https://careers.airbnb.com/positions/7343336?gh_jid=7343336,
"Specialist, Premium Support (French)",Airbnb,"British Columbia, Canada",https://careers.airbnb.com/positions/6188716?gh_jid=6188716,
"Specialist, Premium Support (German)",Airbnb,Ireland,https://careers.airbnb.com/positions/7300159?gh_jid=7300159,
"Specialist, Premium Support (Italian)",Airbnb,Canada,https://careers.airbnb.com/positions/7347431?gh_jid=7347431,
"Specialist, Premium Support (Italian)",Airbnb,"Nevada, United States ",https://careers.airbnb.com/positions/7437344?gh_jid=7437344,
"Specialist, Premium Support (Korean Speaking)",Airbnb,"Seoul, Korea",https://careers.airbnb.com/positions/7542898?gh_jid=7542898,
"Specialist, Premium Support (Mandarin)",Airbnb,Canada,https://careers.airbnb.com/positions/7569827?gh_jid=7569827,
"Specialist, Premium Support (Mandarin Speaking)",Airbnb,Singapore,https://careers.airbnb.com/positions/7542996?gh_jid=7542996,
"Specialist, Premium Support (Portuguese)",Airbnb,"Nevada, United States ",https://careers.airbnb.com/positions/7436144?gh_jid=7436144,
"Staff, Advanced Analytics, New Business",Airbnb,United States,https://careers.airbnb.com/positions/7440935?gh_jid=7440935,
"Staff AI Innovation Engineer, Employee Experience",Airbnb,United States ,https://careers.airbnb.com/positions/7464655?gh_jid=7464655,
Staff Android Automation Engineer,Airbnb,Brazil - Remote,https://careers.airbnb.com/positions/7380185?gh_jid=7380185,
"Staff Android Engineer, Reservation Management & Additional Products",Airbnb,Remote - USA,https://careers.airbnb.com/positions/7539152?gh_jid=7539152,
Staff Data Engineer - Data AI-Listings & Structured Data,Airbnb,United States,https://careers.airbnb.com/positions/7012829?gh_jid=7012829,
"Staff Data Scientist, Forecasting-Finance",Airbnb,United States ,https://careers.airbnb.com/positions/7551313?gh_jid=7551313,
"Staff Data Scientist, Listing Understanding",Airbnb,Remote,https://careers.airbnb.com/positions/7360248?gh_jid=7360248,
"Staff Data Scientist, Marketplace",Airbnb,Remote,https://careers.airbnb.com/positions/7415829?gh_jid=7415829,
Staff Experience Designer,Airbnb,United States,https://careers.airbnb.com/positions/6717690?gh_jid=6717690,
"Staff Experience Designer, International",Airbnb,China,https://careers.airbnb.com/positions/7256586?gh_jid=7256586,
"Staff Fullstack Engineer, Reservation Management",Airbnb,United States,https://careers.airbnb.com/positions/7385025?gh_jid=7385025,
"Staff Fullstack Software Engineer, Marketing Technology",Airbnb,Remote - USA,https://careers.airbnb.com/positions/7554915?gh_jid=7554915,
"Staff GenAI System Engineer, Automation Foundation",Airbnb,Remote - USA,https://careers.airbnb.com/positions/7463421?gh_jid=7463421,
"Staff Machine Learning Engineer, Communication & Connectivity",Airbnb,Remote - USA,https://careers.airbnb.com/positions/7380455?gh_jid=7380455,
Staff Machine Learning Engineer - Community Support Engineering,Airbnb,Remote - USA,https://careers.airbnb.com/positions/7116975?gh_jid=7116975,
"Staff Machine Learning Engineer, Listings and Host Tools Data and AI",Airbnb,Remote-USA,https://careers.airbnb.com/positions/7454348?gh_jid=7454348,
Staff Platform Manager - Agent Products and Intelligence Platforms,Airbnb,United States ,https://careers.airbnb.com/positions/7525175?gh_jid=7525175,
"Staff Platform Manager, Community Experience Platforms",Airbnb,United States ,https://careers.airbnb.com/positions/7451574?gh_jid=7451574,
"Staff Software Engineer, Android Platform",Airbnb,Remote - USA,https://careers.airbnb.com/positions/7235415?gh_jid=7235415,
"Staff Software Engineer, Communication & Connectivity",Airbnb,United States,https://careers.airbnb.com/positions/7421419?gh_jid=7421419,
"Staff Software Engineer, Community Support Engineering",Airbnb,China,https://careers.airbnb.com/positions/6448191?gh_jid=6448191,
"Staff Software Engineer, Experimentation Data",Airbnb,Remote USA,https://careers.airbnb.com/positions/7306868?gh_jid=7306868,
Staff Software Engineer - GenAI Systems,Airbnb,Remote - USA,https://careers.airbnb.com/positions/7373817?gh_jid=7373817,
"Staff Software Engineer, Growth Platform",Airbnb,"Remote, USA ",https://careers.airbnb.com/positions/6886222?gh_jid=6886222,
"Staff Software Engineer, Guest & Host - Global Markets",Airbnb,China,https://careers.airbnb.com/positions/7058464?gh_jid=7058464,
"Staff Software Engineer, Host Pricing & Settings",Airbnb,"Remote, USA",https://careers.airbnb.com/positions/7373734?gh_jid=7373734,
"Staff Software Engineer, iOS Platform",Airbnb,Remote - USA,https://careers.airbnb.com/positions/7467354?gh_jid=7467354,
"Staff Software Engineer, Listings & Host Tools and AI",Airbnb,United States,https://careers.airbnb.com/positions/7528577?gh_jid=7528577,
"Staff Software Engineer, Performance ",Airbnb,Remote - USA,https://careers.airbnb.com/positions/6996864?gh_jid=6996864,
"Staff Software Engineer, Search Infrastructure",Airbnb,Brazil,https://careers.airbnb.com/positions/7362663?gh_jid=7362663,
"Staff Software Engineer, Technical Lead - KV Stores & Caching",Airbnb,United States,https://careers.airbnb.com/positions/7527285?gh_jid=7527285,
"Staff Technical Program Manager, Reliability & Observability",Airbnb,United States,https://careers.airbnb.com/positions/7558202?gh_jid=7558202,
Strategic Finance & Analytics Intern (MBA/MS),Airbnb,United States,https://careers.airbnb.com/positions/7488879?gh_jid=7488879,
Strategic Partnership Lead ,Airbnb,Canada,https://careers.airbnb.com/positions/7535339?gh_jid=7535339,
Strategic Sourcing Manager - Corporate,Airbnb,United States ,https://careers.airbnb.com/positions/7407490?gh_jid=7407490,
Strategy and Business Growth Lead,Airbnb,"Rome, Italy",https://careers.airbnb.com/positions/7578602?gh_jid=7578602,
"Strategy and Business Growth Lead, Experiences (London)",Airbnb,"London, United Kingdom",https://careers.airbnb.com/positions/7578629?gh_jid=7578629,
Strategy and Business Growth Lead - Los Angeles or Miami,Airbnb,United States,https://careers.airbnb.com/positions/7541501?gh_jid=7541501,
Strategy and Business Growth Lead - Mexico City,Airbnb,"Mexico City, Mexico",https://careers.airbnb.com/positions/7541528?gh_jid=7541528,
Strategy and Business Growth Lead - New York City,Airbnb,"New York City, New York, United States",https://careers.airbnb.com/positions/7541153?gh_jid=7541153,
"Supervisor, Liability Claims ",Airbnb,"Gurugram , India",https://careers.airbnb.com/positions/7436362?gh_jid=7436362,
"Supervisor, Service Recovery",Airbnb,Canada,https://careers.airbnb.com/positions/7534548?gh_jid=7534548,
"Supervisor, Service Recovery",Airbnb,United States,https://careers.airbnb.com/positions/7545529?gh_jid=7545529,
"Team Specialist, Premium Support",Airbnb,Japan,https://careers.airbnb.com/positions/7559568?gh_jid=7559568,
"Team Specialist, Premium Support (German)",Airbnb,Ireland,https://careers.airbnb.com/positions/7491211?gh_jid=7491211,
"Team Specialist, Premium Support (Italian)",Airbnb,Ireland,https://careers.airbnb.com/positions/7491205?gh_jid=7491205,
"Team Specialist, Premium Support (Korean Speaking)",Airbnb,"Seoul, Korea",https://careers.airbnb.com/positions/7552398?gh_jid=7552398,
"Team Specialist, Premium Support(Mandarin Speaking)",Airbnb,Singapore,https://careers.airbnb.com/positions/7552175?gh_jid=7552175,
"Tech Lead Manager, Cloud Networking (Brazil)",Airbnb,Brazil,https://careers.airbnb.com/positions/7381450?gh_jid=7381450,
Treasury Operations Manager,Airbnb,United States ,https://careers.airbnb.com/positions/7482636?gh_jid=7482636,
"Accountant, Prime Financing",Coinbase,Remote - USA,https://www.coinbase.com/careers/positions/7532645?gh_jid=7532645,
Accounting Intern,Coinbase,"Hybrid - New York, NY",https://www.coinbase.com/careers/positions/7404504?gh_jid=7404504,
"Accounting Manager, Canada CIRO",Coinbase,Remote - Canada,https://www.coinbase.com/careers/positions/7528144?gh_jid=7528144,
"Accounting Manager, Global GL Operations",Coinbase,Remote - Canada,https://www.coinbase.com/careers/positions/7453742?gh_jid=7453742,
"Accounting Manager, India Exchange",Coinbase,Remote - India,https://www.coinbase.com/careers/positions/7526890?gh_jid=7526890,
"Associate Manager, Billing Operations & Strategy",Coinbase,Remote - USA,https://www.coinbase.com/careers/positions/7386397?gh_jid=7386397,
"Associate Manager, Compliance",Coinbase,"Charlotte, NC",https://www.coinbase.com/careers/positions/7530570?gh_jid=7530570,
"Associate Manager, Compliance",Coinbase,Remote - USA,https://www.coinbase.com/careers/positions/6675524?gh_jid=6675524,
"Associate Manager, Compliance",Coinbase,"London, UK",https://www.coinbase.com/careers/positions/6994022?gh_jid=6994022,
"Associate Manager, Compliance",Coinbase,"Hyderabad, India",https://www.coinbase.com/careers/positions/7309638?gh_jid=7309638,
"Associate Manager, Customer Support",Coinbase,"Manila, Philippines",https://www.coinbase.com/careers/positions/7374756?gh_jid=7374756,
"Associate Manager, EDD Compliance",Coinbase,"Charlotte, NC",https://www.coinbase.com/careers/positions/6984450?gh_jid=6984450,
"Associate Manager, Quality Compliance",Coinbase,"Charlotte, NC",https://www.coinbase.com/careers/positions/7394927?gh_jid=7394927,
"Associate Manager, Transaction Monitoring Compliance",Coinbase,"Charlotte, NC",https://www.coinbase.com/careers/positions/6984453?gh_jid=6984453,
Associate Product Manager Intern,Coinbase,"Hybrid - San Francisco, CA",https://www.coinbase.com/careers/positions/7269743?gh_jid=7269743,
Base Ecosystem Fund Lead,Coinbase,Remote - USA,https://www.coinbase.com/careers/positions/7376780?gh_jid=7376780,
Business Controller Intern,Coinbase,"Hybrid - New York, NY",https://www.coinbase.com/careers/positions/7434684?gh_jid=7434684,
"Business Operations Senior Associate / Manager, Platform",Coinbase,Remote - USA,https://www.coinbase.com/careers/positions/7087061?gh_jid=7087061,
CaaS Sales Manager,Coinbase,Remote - USA,https://www.coinbase.com/careers/positions/7332723?gh_jid=7332723,
Chief of Staff to the COO,Coinbase,Remote - USA,https://www.coinbase.com/careers/positions/7298274?gh_jid=7298274,
"Coinbase Ventures, Principal",Coinbase,Remote - USA,https://www.coinbase.com/careers/positions/6698952?gh_jid=6698952,
Complaints Analyst III - French Speaking,Coinbase,Remote - Luxembourg,https://www.coinbase.com/careers/positions/7182062?gh_jid=7182062,
Complaints Quality Control Analyst III,Coinbase,Remote - USA,https://www.coinbase.com/careers/positions/7407954?gh_jid=7407954,
Complaints Quality Control Analyst III,Coinbase,"Hybrid - London, U.K.",https://www.coinbase.com/careers/positions/7538172?gh_jid=7538172,
Complaints Quality Control Analyst III,Coinbase,"Dublin, Ireland",https://www.coinbase.com/careers/positions/7407956?gh_jid=7407956,
Compliance Lead Analyst,Coinbase,Remote - USA,https://www.coinbase.com/careers/positions/7309500?gh_jid=7309500,
Compliance Lead Analyst,Coinbase,Remote - USA,https://www.coinbase.com/careers/positions/7134498?gh_jid=7134498,
Compliance Manager,Coinbase,Hybrid - Luxembourg,https://www.coinbase.com/careers/positions/7371239?gh_jid=7371239,
Compliance QA Analyst II,Coinbase,Remote - India,https://www.coinbase.com/careers/positions/7548256?gh_jid=7548256,
"Compliance Testing and Assurance, Senior Associate",Coinbase,Hybrid - Luxembourg,https://www.coinbase.com/careers/positions/7494528?gh_jid=7494528,
Consumer Content and Knowledge Operations Lead,Coinbase,Remote - USA,https://www.coinbase.com/careers/positions/7558580?gh_jid=7558580,
Consumer L&D SME Trainer Lead Analyst,Coinbase,Remote - USA,https://www.coinbase.com/careers/positions/7545374?gh_jid=7545374,
Consumer L&D SME Trainer Lead Analyst,Coinbase,"Hyderabad, India",https://www.coinbase.com/careers/positions/7422271?gh_jid=7422271,
"Counsel, Commercial (Institutional Legal)",Coinbase,Remote - UK,https://www.coinbase.com/careers/positions/7543273?gh_jid=7543273,
"Counsel, Commercial (Institutional Legal)",Coinbase,Remote - USA,https://www.coinbase.com/careers/positions/7543271?gh_jid=7543271,
"Counsel, Marketing",Coinbase,Remote - USA,https://www.coinbase.com/careers/positions/7550873?gh_jid=7550873,
"Country Director, Canada",Coinbase,Remote - Canada,https://www.coinbase.com/careers/positions/7516016?gh_jid=7516016,
Customer Success Specialist,Coinbase,"Charlotte, NC",https://www.coinbase.com/careers/positions/7551492?gh_jid=7551492,
Customer Support Specialist,Coinbase,Remote - Singapore,https://www.coinbase.com/careers/positions/7546677?gh_jid=7546677,
Customer Support Supervisor,Coinbase,"Manila, Philippines",https://www.coinbase.com/careers/positions/6342576?gh_jid=6342576,
Customer Support Supervisor,Coinbase,"Hyderabad, India",https://www.coinbase.com/careers/positions/7277767?gh_jid=7277767,
Customer Support Supervisor (Social Media Support),Coinbase,"Hyderabad, India",https://www.coinbase.com/careers/positions/7139637?gh_jid=7139637,
CX Vendor Manager,Coinbase,Remote - Ireland,https://www.coinbase.com/careers/positions/7399218?gh_jid=7399218,
CX Vendor Manager,Coinbase,Remote - USA,https://www.coinbase.com/careers/positions/7399216?gh_jid=7399216,
Data Scientist II - Product,Coinbase,Remote - USA,https://www.coinbase.com/careers/positions/7565761?gh_jid=7565761,
Data Scientist II - Product Analytics,Coinbase,Remote - UK,https://www.coinbase.com/careers/positions/6746202?gh_jid=6746202,
Data Scientist II - Product Analytics,Coinbase,"Berlin, Germany",https://www.coinbase.com/careers/positions/6746206?gh_jid=6746206,
Derivatives Sales Manager,Coinbase,Remote - India,https://www.coinbase.com/careers/positions/7315304?gh_jid=7315304,
"Director, APAC Policy",Coinbase,Remote - Singapore,https://www.coinbase.com/careers/positions/7565155?gh_jid=7565155,
"Director of Engineering, Custody",Coinbase,Remote - USA,https://www.coinbase.com/careers/positions/7483990?gh_jid=7483990,
Director of Product  - Growth,Coinbase,Remote - Canada,https://www.coinbase.com/careers/positions/7392430?gh_jid=7392430,
Director of Product  - Growth,Coinbase,Remote - USA,https://www.coinbase.com/careers/positions/7361764?gh_jid=7361764,
"Director, Operational Risk",Coinbase,Remote - USA,https://www.coinbase.com/careers/positions/7580183?gh_jid=7580183,
"Director, Product Management - Platform Infrastructure",Coinbase,Remote - USA,https://www.coinbase.com/careers/positions/7032070?gh_jid=7032070,
"EDD Manager Compliance, London COE ",Coinbase,"London, UK",https://www.coinbase.com/careers/positions/7002449?gh_jid=7002449,
Employee & Workplace Experience Intern,Coinbase,"Hybrid - New York, NY",https://www.coinbase.com/careers/positions/7307242?gh_jid=7307242,
Engineering Manager (Consumer - Coinbase Card),Coinbase,Remote - USA,https://www.coinbase.com/careers/positions/6375111?gh_jid=6375111,
Engineering Manager (Consumer - Growth),Coinbase,Remote - USA,https://www.coinbase.com/careers/positions/7261791?gh_jid=7261791,
Engineering Manager (Consumer - Growth),Coinbase,Remote - Canada,https://www.coinbase.com/careers/positions/5963736?gh_jid=5963736,
Engineering Manager (Consumer - Payments),Coinbase,Remote - USA,https://www.coinbase.com/careers/positions/6600248?gh_jid=6600248,
Engineering Manager (Consumer - Trading),Coinbase,Remote - Canada; Remote - USA,https://www.coinbase.com/careers/positions/6936640?gh_jid=6936640,
Engineering Manager - Data Platform,Coinbase,Remote - India,https://www.coinbase.com/careers/positions/7340153?gh_jid=7340153,
Engineering Manager (Institutional - Derivatives),Coinbase,Remote - Canada,https://www.coinbase.com/careers/positions/7462997?gh_jid=7462997,
Engineering Manager (Institutional - Derivatives),Coinbase,Remote - USA,https://www.coinbase.com/careers/positions/7462963?gh_jid=7462963,
Engineering Manager (Institutional - Exchange),Coinbase,Remote - Canada,https://www.coinbase.com/careers/positions/7017524?gh_jid=7017524,
Engineering Manager (Institutional - Exchange),Coinbase,Remote - USA,https://www.coinbase.com/careers/positions/7017481?gh_jid=7017481,
Engineering Manager - Risk Platform,Coinbase,Remote - USA,https://www.coinbase.com/careers/positions/7563703?gh_jid=7563703,
Expense Analyst,Coinbase,Remote - India,https://www.coinbase.com/careers/positions/7571801?gh_jid=7571801,
Finance Manager,Coinbase,Hybrid - Luxembourg,https://www.coinbase.com/careers/positions/7550090?gh_jid=7550090,
Fund Operations Associate (Echo),Coinbase,Remote - UK,https://www.coinbase.com/careers/positions/7571621?gh_jid=7571621,
Head of SEC Reporting,Coinbase,Remote - USA,https://www.coinbase.com/careers/positions/6964998?gh_jid=6964998,
Head of SEC Reporting,Coinbase,Remote - Canada,https://www.coinbase.com/careers/positions/6965002?gh_jid=6965002,
Head of Social Media Support,Coinbase,Remote - USA,https://www.coinbase.com/careers/positions/7523732?gh_jid=7523732,
"Institutional Sales, RFP Associate",Coinbase,Remote - USA,https://www.coinbase.com/careers/positions/7421527?gh_jid=7421527,
Internal Audit Intern,Coinbase,Hybrid - Luxembourg,https://www.coinbase.com/careers/positions/7322937?gh_jid=7322937,
Internal Audit Intern,Coinbase,"Hybrid - London, U.K.",https://www.coinbase.com/careers/positions/7322939?gh_jid=7322939,
Internal Audit Model Risk Manager,Coinbase,Remote - USA,https://www.coinbase.com/careers/positions/7542725?gh_jid=7542725,
Internal Audit - Professional Practices Lead,Coinbase,Remote - USA,https://www.coinbase.com/careers/positions/7542788?gh_jid=7542788,
"Internal Audit Senior, IT",Coinbase,Remote - USA,https://www.coinbase.com/careers/positions/7365422?gh_jid=7365422,
Lead Analyst - Transaction Monitoring Compliance,Coinbase,Remote - Singapore,https://www.coinbase.com/careers/positions/7516383?gh_jid=7516383,
Lead Compliance Analyst,Coinbase,"Charlotte, NC",https://www.coinbase.com/careers/positions/7579665?gh_jid=7579665,
Lead EDD Compliance Analyst,Coinbase,"Charlotte, NC",https://www.coinbase.com/careers/positions/6984439?gh_jid=6984439,
Lead TMS Compliance Analyst ,Coinbase,"Charlotte, NC",https://www.coinbase.com/careers/positions/6984444?gh_jid=6984444,
Lead TMS Compliance Analyst III,Coinbase,Remote - USA,https://www.coinbase.com/careers/positions/7452539?gh_jid=7452539,
Lead TMS Quality Compliance Analyst,Coinbase,"Charlotte, NC",https://www.coinbase.com/careers/positions/6984448?gh_jid=6984448,
Machine Learning Engineer Intern,Coinbase,"Hybrid - San Francisco, CA",https://www.coinbase.com/careers/positions/7294075?gh_jid=7294075,
Machine Learning Engineer - Risk AI/ML,Coinbase,Remote - USA,https://www.coinbase.com/careers/positions/7569237?gh_jid=7569237,
"Manager, Corporate Development",Coinbase,"Hybrid - New York, NY",https://www.coinbase.com/careers/positions/7549879?gh_jid=7549879,
"Manager, Growth Partnerships",Coinbase,Remote - USA,https://www.coinbase.com/careers/positions/7558773?gh_jid=7558773,
Manager of Compliance Testing and Assurance,Coinbase,Hybrid - Luxembourg,https://www.coinbase.com/careers/positions/7286062?gh_jid=7286062,
"Manager, On-Site Executive IT Support (Residential Operations)",Coinbase,"Hybrid - Los Angeles, CA",https://www.coinbase.com/careers/positions/7409945?gh_jid=7409945,
"Manager, Tax Accounting and Provision",Coinbase,Remote - USA,https://www.coinbase.com/careers/positions/7523987?gh_jid=7523987,
On‑Site IT Support Engineer (Residential Operations),Coinbase,"Hybrid - Los Angeles, CA",https://www.coinbase.com/careers/positions/7409941?gh_jid=7409941,
Operations Manager,Coinbase,Remote - Canada,https://www.coinbase.com/careers/positions/7574405?gh_jid=7574405,
Operations Senior Associate,Coinbase,Remote - UK,https://www.coinbase.com/careers/positions/7304704?gh_jid=7304704,
"Principal Software Engineer, Backend - Platform ",Coinbase,Remote - India,https://www.coinbase.com/careers/positions/6821476?gh_jid=6821476,
"Product Counsel, Financial Services & Loyalty",Coinbase,Remote - USA,https://www.coinbase.com/careers/positions/7565853?gh_jid=7565853,
Product Designer II ,Coinbase,Remote - USA,https://www.coinbase.com/careers/positions/5958223?gh_jid=5958223,
Product Design Intern,Coinbase,"Hybrid - San Francisco, CA",https://www.coinbase.com/careers/positions/7325051?gh_jid=7325051,
Product Manager II - Blockchain Data Platform,Coinbase,Remote - Canada; Remote - USA,https://www.coinbase.com/careers/positions/7035824?gh_jid=7035824,
Product Manager II - Cash Balances ,Coinbase,Remote - USA,https://www.coinbase.com/careers/positions/7484189?gh_jid=7484189,
"Product Manager II, CB1 Member Experience",Coinbase,Remote - USA,https://www.coinbase.com/careers/positions/7574956?gh_jid=7574956,
"Product Manager II, DeFi Borrow ",Coinbase,Remote - USA,https://www.coinbase.com/careers/positions/7567991?gh_jid=7567991,
"Product manager II, Defi Lend ",Coinbase,Remote - USA,https://www.coinbase.com/careers/positions/7545975?gh_jid=7545975,
Product Manager I - Institutional Staking,Coinbase,Remote - USA,https://www.coinbase.com/careers/positions/7463201?gh_jid=7463201,
Product Manager II - Onchain Foundations,Coinbase,Remote - USA,https://www.coinbase.com/careers/positions/7411804?gh_jid=7411804,
Product Manager II - Onchain Foundations,Coinbase,Remote - Canada,https://www.coinbase.com/careers/positions/7411808?gh_jid=7411808,
Product Manager II - Platform Infrastructure,Coinbase,Remote - USA,https://www.coinbase.com/careers/positions/5957003?gh_jid=5957003,
"Product Manager II - Retail Tax, Transactions, and Performance",Coinbase,Remote - USA,https://www.coinbase.com/careers/positions/7558041?gh_jid=7558041,
"Program Design Manager, Compliance",Coinbase,Remote - USA,https://www.coinbase.com/careers/positions/7362897?gh_jid=7362897,
Program Manager II,Coinbase,Remote - Netherlands,https://www.coinbase.com/careers/positions/7297113?gh_jid=7297113,
"Protocol Sales Associate, Capital Formation",Coinbase,Remote - USA,https://www.coinbase.com/careers/positions/7521900?gh_jid=7521900,
Resolution Operations Specialist,Coinbase,Remote - Singapore,https://www.coinbase.com/careers/positions/7361753?gh_jid=7361753,
Senior Accountant,Coinbase,Remote - UK,https://www.coinbase.com/careers/positions/7554014?gh_jid=7554014,
"Senior Accountant, Asset Management",Coinbase,Remote - USA,https://www.coinbase.com/careers/positions/7462964?gh_jid=7462964,
"Senior Accountant, Capital Markets",Coinbase,Remote - USA,https://www.coinbase.com/careers/positions/7445174?gh_jid=7445174,
Senior AML Investigations Trainer,Coinbase,"Charlotte, NC",https://www.coinbase.com/careers/positions/6852375?gh_jid=6852375,
"Senior Analyst, Security Compliance (SOX IT)",Coinbase,Remote - USA,https://www.coinbase.com/careers/positions/7342506?gh_jid=7342506,
"Senior Analyst, Technology Risk",Coinbase,Remote - USA,https://www.coinbase.com/careers/positions/7550672?gh_jid=7550672,
Senior Analytics Engineer,Coinbase,Remote - USA,https://www.coinbase.com/careers/positions/7532597?gh_jid=7532597,
Senior Applied Scientist - Pricing,Coinbase,Remote - USA,https://www.coinbase.com/careers/positions/6260039?gh_jid=6260039,
"Senior Associate, Financial & International Partnerships",Coinbase,Remote - UK,https://www.coinbase.com/careers/positions/7520356?gh_jid=7520356,
"Senior Associate, Regulatory Change Management",Coinbase,Remote - USA,https://www.coinbase.com/careers/positions/7365908?gh_jid=7365908,
"Senior Counsel, Consumer Litigation",Coinbase,Remote - USA,https://www.coinbase.com/careers/positions/7452639?gh_jid=7452639,
"Senior Counsel, Licensing and Crypto Products",Coinbase,Remote - USA,https://www.coinbase.com/careers/positions/7565669?gh_jid=7565669,
"Senior Counsel, Product (Base)",Coinbase,Remote - USA,https://www.coinbase.com/careers/positions/7578610?gh_jid=7578610,
"Senior Counsel, Product Legal",Coinbase,Remote - USA,https://www.coinbase.com/careers/positions/7441637?gh_jid=7441637,
"Senior Counsel, Regulatory Litigation",Coinbase,Remote - USA,https://www.coinbase.com/careers/positions/7453869?gh_jid=7453869,
"Senior Counsel, Security and Technology",Coinbase,Remote - USA,https://www.coinbase.com/careers/positions/7550415?gh_jid=7550415,
Senior Data Scientist - Product,Coinbase,Remote - USA,https://www.coinbase.com/careers/positions/7565815?gh_jid=7565815,
Senior Engineering Manager (Consumer - Growth App & Infra),Coinbase,Remote - USA,https://www.coinbase.com/careers/positions/7354172?gh_jid=7354172,
"Senior Finance Analyst, Corporate Strategic Finance",Coinbase,Remote - USA,https://www.coinbase.com/careers/positions/7568051?gh_jid=7568051,
"Senior Finance & Strategy Analyst, Consumer",Coinbase,Remote - USA,https://www.coinbase.com/careers/positions/7438893?gh_jid=7438893,
Senior Institutional Sales Associate,Coinbase,Remote - USA,https://www.coinbase.com/careers/positions/7435374?gh_jid=7435374,
Senior Machine Learning Engineer - Risk AI/ML,Coinbase,Remote - USA,https://www.coinbase.com/careers/positions/7560847?gh_jid=7560847,
 Senior Machine Learning Platform Engineer,Coinbase,Remote - USA,https://www.coinbase.com/careers/positions/7527185?gh_jid=7527185,
Senior Machine Learning Platform Engineer,Coinbase,Remote - USA,https://www.coinbase.com/careers/positions/7484931?gh_jid=7484931,
"Senior Manager, Analytics Engineering",Coinbase,Remote - USA,https://www.coinbase.com/careers/positions/7551227?gh_jid=7551227,
"Senior Manager, Base Ecosystem",Coinbase,Remote - USA,https://www.coinbase.com/careers/positions/7236346?gh_jid=7236346,
"Senior Manager, Compliance (Strategic Execution Lead)",Coinbase,Remote - UK,https://www.coinbase.com/careers/positions/7261886?gh_jid=7261886,
"Senior Manager, Data Loss Prevention",Coinbase,Remote - USA,https://www.coinbase.com/careers/positions/7363107?gh_jid=7363107,
"Senior Manager, Finance Transformation",Coinbase,Remote - USA,https://www.coinbase.com/careers/positions/7430307?gh_jid=7430307,
Senior Offensive Security Engineer (IOT / Network Pentesting),Coinbase,Remote - USA,https://www.coinbase.com/careers/positions/7411772?gh_jid=7411772,
"Senior Paralegal, Litigation",Coinbase,Remote - USA,https://www.coinbase.com/careers/positions/7339681?gh_jid=7339681,
Senior Platform Operations Manager,Coinbase,Remote - USA,https://www.coinbase.com/careers/positions/7300937?gh_jid=7300937,
Senior Product Designer - Institutional ,Coinbase,Remote - USA,https://www.coinbase.com/careers/positions/7516155?gh_jid=7516155,
"Senior Product Designer, Staking & Earn",Coinbase,Remote - USA,https://www.coinbase.com/careers/positions/7577219?gh_jid=7577219,
Senior Product Manager,Coinbase,Remote - USA,https://www.coinbase.com/careers/positions/7426746?gh_jid=7426746,
Senior Product Manager - Brokerage Product,Coinbase,Remote - USA,https://www.coinbase.com/careers/positions/6979056?gh_jid=6979056,
Senior Product Manager - Consumer Growth Incentives,Coinbase,Remote - USA,https://www.coinbase.com/careers/positions/7361803?gh_jid=7361803,
Senior Product Manager - Defi Lend ,Coinbase,Remote - USA,https://www.coinbase.com/careers/positions/6951225?gh_jid=6951225,
"Senior Product Manager, EAA - Finance Systems",Coinbase,Remote - USA,https://www.coinbase.com/careers/positions/7404427?gh_jid=7404427,
"Senior Product Manager, Enterprise Apps",Coinbase,Remote - USA,https://www.coinbase.com/careers/positions/7558831?gh_jid=7558831,
Senior Product Manager - Exchange,Coinbase,Remote - USA,https://www.coinbase.com/careers/positions/6979057?gh_jid=6979057,
Senior Product Manager - Financial Engineering,Coinbase,Remote - USA,https://www.coinbase.com/careers/positions/7368784?gh_jid=7368784,
"Senior Product Manager, HR Technology",Coinbase,Remote - USA,https://www.coinbase.com/careers/positions/7539707?gh_jid=7539707,
"Senior Product Manager, Security",Coinbase,Remote - USA,https://www.coinbase.com/careers/positions/6970063?gh_jid=6970063,
Senior Product Manager - Security Platform,Coinbase,Remote - USA,https://www.coinbase.com/careers/positions/7367386?gh_jid=7367386,
"Senior Product Manager, Tokenization",Coinbase,Remote - USA,https://www.coinbase.com/careers/positions/7392503?gh_jid=7392503,
Senior Program Lead (Proactive Support),Coinbase,Remote - USA,https://www.coinbase.com/careers/positions/7523743?gh_jid=7523743,
Senior Risk Analyst,Coinbase,Remote - USA,https://www.coinbase.com/careers/positions/7542630?gh_jid=7542630,
Senior Security Program Manager,Coinbase,Remote - UK,https://www.coinbase.com/careers/positions/7076823?gh_jid=7076823,
Senior Security Program Manager,Coinbase,Remote - Ireland,https://www.coinbase.com/careers/positions/6757034?gh_jid=6757034,
"Senior Site Reliability Engineer, Identity Platform",Coinbase,Remote - USA,https://www.coinbase.com/careers/positions/7516971?gh_jid=7516971,
"Senior Smart Contract Engineer, Tokenization",Coinbase,Remote - USA,https://www.coinbase.com/careers/positions/7426373?gh_jid=7426373,
Senior Software Engineer,Coinbase,Remote - USA,https://www.coinbase.com/careers/positions/7255761?gh_jid=7255761,
Senior Software Engineer - AI Platform  (AI Acceleration),Coinbase,Remote - Canada,https://www.coinbase.com/careers/positions/7575167?gh_jid=7575167,
Senior Software Engineer - AI Platform (AI Acceleration),Coinbase,Remote - USA,https://www.coinbase.com/careers/positions/7575142?gh_jid=7575142,
" Senior Software Engineer, Backend - Blockchain Platform (Blockchain Data Processing) ",Coinbase,Remote - USA,https://www.coinbase.com/careers/positions/7558592?gh_jid=7558592,
"Senior Software Engineer,  Backend - Blockchain Platform (Blockchain Nodes) ",Coinbase,Remote - USA,https://www.coinbase.com/careers/positions/7551868?gh_jid=7551868,
"Senior Software Engineer, Backend - Blockchain Platform (Staking Data)",Coinbase,Remote - USA,https://www.coinbase.com/careers/positions/7573222?gh_jid=7573222,
"Senior Software Engineer, Backend (Consumer - Coinbase Card)",Coinbase,Remote - USA,https://www.coinbase.com/careers/positions/7530582?gh_jid=7530582,
"Senior Software Engineer, Backend (Consumer - Coinbase One)",Coinbase,Remote - USA,https://www.coinbase.com/careers/positions/7135202?gh_jid=7135202,
"Senior Software Engineer, Backend (Consumer - Growth)",Coinbase,Remote - USA,https://www.coinbase.com/careers/positions/6650932?gh_jid=6650932,
"Senior Software Engineer, Backend (Consumer - Growth)",Coinbase,Remote - Canada,https://www.coinbase.com/careers/positions/6650938?gh_jid=6650938,
"Senior Software Engineer, Backend (Consumer - Growth & App Infra)",Coinbase,Remote - USA,https://www.coinbase.com/careers/positions/7257545?gh_jid=7257545,
"Senior Software Engineer, Backend (Consumer -  International)",Coinbase,Remote - Canada,https://www.coinbase.com/careers/positions/7012102?gh_jid=7012102,
"Senior Software Engineer, Backend (Consumer Products)",Coinbase,Remote - Canada,https://www.coinbase.com/careers/positions/5961458?gh_jid=5961458,
"Senior Software Engineer, Backend (Consumer - Stablecoin)",Coinbase,Remote - Canada,https://www.coinbase.com/careers/positions/6570384?gh_jid=6570384,
"Senior Software Engineer, Backend (Developer - Foundations)",Coinbase,Remote - Canada,https://www.coinbase.com/careers/positions/7306832?gh_jid=7306832,
"Senior Software Engineer, Backend (Developer - Foundations)",Coinbase,Remote - USA,https://www.coinbase.com/careers/positions/7306817?gh_jid=7306817,
"Senior Software Engineer, Backend (Developer - Stablecoin Ecosystem)",Coinbase,Remote - USA,https://www.coinbase.com/careers/positions/7306980?gh_jid=7306980,
"Senior Software Engineer, Backend (Developer - Stablecoin Payments)",Coinbase,Remote - Canada,https://www.coinbase.com/careers/positions/7306981?gh_jid=7306981,
"Senior Software Engineer, Backend - Financial Hub",Coinbase,Remote - USA,https://www.coinbase.com/careers/positions/6855597?gh_jid=6855597,
"Senior Software Engineer, Backend (Institutional - Markets)",Coinbase,Remote - Netherlands,https://www.coinbase.com/careers/positions/7364719?gh_jid=7364719,
"Senior Software Engineer, Backend (Institutional - Markets, Exchange)",Coinbase,Remote - USA,https://www.coinbase.com/careers/positions/7543285?gh_jid=7543285,
"Senior Software Engineer, Backend (Institutional - Prime Onchain Wallet)",Coinbase,Remote - Canada,https://www.coinbase.com/careers/positions/7469480?gh_jid=7469480,
"Senior Software Engineer, Backend (Institutional - Prime Onchain Wallet)",Coinbase,Remote - USA,https://www.coinbase.com/careers/positions/7469466?gh_jid=7469466,
"Senior Software Engineer, Backend (Institutional - Staking)",Coinbase,Remote - Canada,https://www.coinbase.com/careers/positions/7469473?gh_jid=7469473,
"Senior Software Engineer, Backend (Institutional - Staking)",Coinbase,Remote - USA,https://www.coinbase.com/careers/positions/7236987?gh_jid=7236987,
"Senior Software Engineer, Backend (Platform - Finance Engineering)",Coinbase,Remote - India,https://www.coinbase.com/careers/positions/4950761?gh_jid=4950761,
"Senior Software Engineer, Backend (Platform - Onboarding)",Coinbase,Remote - India,https://www.coinbase.com/careers/positions/7433023?gh_jid=7433023,
"Senior Software Engineer, Blockchain Platform (Blockchain Data Processing) ",Coinbase,Remote - USA,https://www.coinbase.com/careers/positions/7059330?gh_jid=7059330,
"Senior Software Engineer, Blockchain Platform (Staking Validators)",Coinbase,Remote - Canada,https://www.coinbase.com/careers/positions/7118768?gh_jid=7118768,
"Senior Software Engineer (Consumer - Growth & App Infra, Growth Foundations)",Coinbase,Remote - USA,https://www.coinbase.com/careers/positions/6276169?gh_jid=6276169,
"Senior Software Engineer, Data Platform ",Coinbase,Remote - India,https://www.coinbase.com/careers/positions/7440694?gh_jid=7440694,
Senior Software Engineer (EAA),Coinbase,Remote - USA,https://www.coinbase.com/careers/positions/7483221?gh_jid=7483221,
"Senior Software Engineer, Echo",Coinbase,Remote - UK,https://www.coinbase.com/careers/positions/7392110?gh_jid=7392110,
Senior Software Engineer - Financial Hub (Transfers),Coinbase,Remote - USA,https://www.coinbase.com/careers/positions/7579121?gh_jid=7579121,
"Senior Software Engineer, Frontend (Consumer - Growth)",Coinbase,Remote - USA,https://www.coinbase.com/careers/positions/7261961?gh_jid=7261961,
"Senior Software Engineer, Frontend (Consumer - Growth)",Coinbase,Remote - Canada,https://www.coinbase.com/careers/positions/7261976?gh_jid=7261976,
"Senior Software Engineer, Frontend (Consumer - Growth & App Infra)",Coinbase,Remote - USA,https://www.coinbase.com/careers/positions/7260887?gh_jid=7260887,
"Senior Software Engineer, Frontend (Consumer - Trading)",Coinbase,Remote - USA,https://www.coinbase.com/careers/positions/6946526?gh_jid=6946526,
"Senior Software Engineer, Frontend - Developer Experience",Coinbase,Remote - USA,https://www.coinbase.com/careers/positions/7576385?gh_jid=7576385,
"Senior Software Engineer, Frontend - Developer Experience (Mobile)",Coinbase,Remote - USA,https://www.coinbase.com/careers/positions/6981905?gh_jid=6981905,
"Senior Software Engineer, Frontend - Identity",Coinbase,Remote - USA,https://www.coinbase.com/careers/positions/7395606?gh_jid=7395606,
"Senior Software Engineer, Frontend - Risk Platform",Coinbase,Remote - USA,https://www.coinbase.com/careers/positions/7558027?gh_jid=7558027,
"Senior Software Engineer, Frontend - Risk Platform",Coinbase,Remote - USA,https://www.coinbase.com/careers/positions/7558031?gh_jid=7558031,
"Senior Software Engineer, Fullstack (Developer - CDP API)",Coinbase,Remote - USA,https://www.coinbase.com/careers/positions/7390052?gh_jid=7390052,
"Senior Software Engineer, Fullstack (Developer - Onramp)",Coinbase,Remote - USA,https://www.coinbase.com/careers/positions/7306982?gh_jid=7306982,
"Senior Software Engineer, Fullstack (Developer - Onramp)",Coinbase,Remote - Canada,https://www.coinbase.com/careers/positions/7306991?gh_jid=7306991,
"Senior Software Engineer, Fullstack (Developer - Stablecoin Payments)",Coinbase,Remote - USA,https://www.coinbase.com/careers/positions/7306954?gh_jid=7306954,
Senior Software Engineer - Infrastructure Enablement,Coinbase,Remote - USA,https://www.coinbase.com/careers/positions/7576748?gh_jid=7576748,
"Senior Staff Machine Learning Engineer, Risk AI/ML",Coinbase,Remote - USA,https://www.coinbase.com/careers/positions/7580263?gh_jid=7580263,
Senior Staff Product Designer - Platform ,Coinbase,Remote - USA,https://www.coinbase.com/careers/positions/7357049?gh_jid=7357049,
Senior Staff Product Designer - Platform ,Coinbase,Remote - Canada,https://www.coinbase.com/careers/positions/7357050?gh_jid=7357050,
"Senior Staff Software Engineer, Backend (Consumer) ",Coinbase,Remote - USA,https://www.coinbase.com/careers/positions/7339419?gh_jid=7339419,
"Senior Staff Software Engineer, Backend (Consumer - Financial Services and Loyalty)",Coinbase,Remote - USA,https://www.coinbase.com/careers/positions/7260606?gh_jid=7260606,
"Senior Staff Software Engineer, Backend (Consumer - Growth)",Coinbase,Remote - Canada,https://www.coinbase.com/careers/positions/7262059?gh_jid=7262059,
"Senior Staff Software Engineer, Backend (Consumer - Growth)",Coinbase,Remote - USA,https://www.coinbase.com/careers/positions/6947955?gh_jid=6947955,
"Senior Staff Software Engineer, Backend (Consumer - Growth & App Infra) ",Coinbase,Remote - USA,https://www.coinbase.com/careers/positions/7260614?gh_jid=7260614,
"Senior Staff Software Engineer, Backend - Platform (Core Automation)",Coinbase,Remote - USA,https://www.coinbase.com/careers/positions/7580292?gh_jid=7580292,
"Senior Staff Software Engineer, Backend (Platform - Onboarding)",Coinbase,Remote - India,https://www.coinbase.com/careers/positions/5804305?gh_jid=5804305,
"Senior Staff Software Engineer, Backend - Risk Platform",Coinbase,Remote - USA,https://www.coinbase.com/careers/positions/7573405?gh_jid=7573405,
Senior Staff Software Engineer - Blockchain Platform  (Asset Data),Coinbase,Remote - USA,https://www.coinbase.com/careers/positions/7580176?gh_jid=7580176,
"Site Reliability Engineer, IT Infrastructure",Coinbase,Remote - USA,https://www.coinbase.com/careers/positions/7559168?gh_jid=7559168,
Site Reliability Engineer - Platform,Coinbase,Remote - USA,https://www.coinbase.com/careers/positions/7576755?gh_jid=7576755,
"Software Engineer, Backend - Blockchain Platform (Blockchain Nodes)",Coinbase,Remote - USA,https://www.coinbase.com/careers/positions/6674800?gh_jid=6674800,
"Software Engineer, Backend - Blockchain Platform (Staking Validators)",Coinbase,Remote - USA,https://www.coinbase.com/careers/positions/7173250?gh_jid=7173250,
"Software Engineer, Backend - (Coinbase for Business)",Coinbase,Remote - Canada,https://www.coinbase.com/careers/positions/7578498?gh_jid=7578498,
"Software Engineer, Backend (Consumer)",Coinbase,Remote - UK,https://www.coinbase.com/careers/positions/5954689?gh_jid=5954689,
"Software Engineer, Backend  (Consumer - Coinbase Card)",Coinbase,Remote - USA,https://www.coinbase.com/careers/positions/6535287?gh_jid=6535287,
"Software Engineer, Backend (Consumer - Coinbase One)",Coinbase,Remote - USA,https://www.coinbase.com/careers/positions/7135188?gh_jid=7135188,
"Software Engineer, Backend  (Consumer - Growth)",Coinbase,Remote - USA,https://www.coinbase.com/careers/positions/6650914?gh_jid=6650914,
"Software Engineer, Backend (Consumer - Growth)",Coinbase,Remote - Canada,https://www.coinbase.com/careers/positions/6650921?gh_jid=6650921,
"Software Engineer, Backend (Consumer - International)",Coinbase,Remote - Brazil,https://www.coinbase.com/careers/positions/7544383?gh_jid=7544383,
"Software Engineer, Backend - (Consumer - Products)",Coinbase,Remote - Canada,https://www.coinbase.com/careers/positions/5961451?gh_jid=5961451,
"Software Engineer, Backend (Consumer - Stablecoin)",Coinbase,Remote - USA,https://www.coinbase.com/careers/positions/5948501?gh_jid=5948501,
"Software Engineer, Backend (Consumer - Stablecoin)",Coinbase,Remote - Canada,https://www.coinbase.com/careers/positions/6570379?gh_jid=6570379,
"Software Engineer, Backend  (Consumer - Trading)",Coinbase,Remote - USA,https://www.coinbase.com/careers/positions/6812261?gh_jid=6812261,
"Software Engineer, Backend  (Consumer - Trading)",Coinbase,Remote - Canada,https://www.coinbase.com/careers/positions/6869392?gh_jid=6869392,
"Software Engineer, Backend (Developer - x402)",Coinbase,Remote - USA,https://www.coinbase.com/careers/positions/7306942?gh_jid=7306942,
"Software Engineer, Backend - Financial Hub",Coinbase,Remote - USA,https://www.coinbase.com/careers/positions/6855601?gh_jid=6855601,
"Software Engineer, Backend (Institutional - Custody)",Coinbase,Remote - USA,https://www.coinbase.com/careers/positions/7247428?gh_jid=7247428,
"Software Engineer, Backend (Institutional - Markets, Derivatives)",Coinbase,Remote - USA,https://www.coinbase.com/careers/positions/6968491?gh_jid=6968491,
"Software Engineer, Backend - Platform (Core Automation)",Coinbase,Remote - USA,https://www.coinbase.com/careers/positions/7579370?gh_jid=7579370,
Software Engineer - Customer Agent Interactions System,Coinbase,Remote - Brazil,https://www.coinbase.com/careers/positions/7539703?gh_jid=7539703,
 Software Engineer (EAA),Coinbase,Remote - India,https://www.coinbase.com/careers/positions/6817252?gh_jid=6817252,
"Software Engineer, EAA Integrations",Coinbase,Remote - India,https://www.coinbase.com/careers/positions/7558051?gh_jid=7558051,
"Software Engineer, Frontend (Coinbase One)",Coinbase,Remote - Canada,https://www.coinbase.com/careers/positions/6222470?gh_jid=6222470,
"Software Engineer, Frontend (Consumer - Coinbase One)",Coinbase,Remote - USA,https://www.coinbase.com/careers/positions/7135192?gh_jid=7135192,
"Software Engineer, Frontend (Consumer - Growth)",Coinbase,Remote - Canada,https://www.coinbase.com/careers/positions/6652883?gh_jid=6652883,
"Software Engineer, Frontend - Consumer Products ",Coinbase,Remote - Canada,https://www.coinbase.com/careers/positions/5961369?gh_jid=5961369,
"Software Engineer, Frontend (Consumer - Trust and Loyalty)",Coinbase,Remote - USA,https://www.coinbase.com/careers/positions/5948954?gh_jid=5948954,
"Software Engineer, Frontend - Identity",Coinbase,Remote - USA,https://www.coinbase.com/careers/positions/7558035?gh_jid=7558035,
"Software Engineer, Frontend - Risk Platform",Coinbase,Remote - USA,https://www.coinbase.com/careers/positions/7295579?gh_jid=7295579,
"Software Engineer, Frontend (Trust and Loyalty)",Coinbase,Remote - Canada,https://www.coinbase.com/careers/positions/6204422?gh_jid=6204422,
"Software Engineer, Full-stack (EAA)",Coinbase,Remote - India,https://www.coinbase.com/careers/positions/5739771?gh_jid=5739771,
"Software Engineer, Full Stack (EAA)",Coinbase,Remote - Brazil,https://www.coinbase.com/careers/positions/7477280?gh_jid=7477280,
Software Engineering Manager - Cloud Provisioning,Coinbase,Remote - USA,https://www.coinbase.com/careers/positions/7576813?gh_jid=7576813,
Software Engineer Intern,Coinbase,"London, UK",https://www.coinbase.com/careers/positions/7370475?gh_jid=7370475,
Software Engineer Intern,Coinbase,"Hybrid - San Francisco, CA",https://www.coinbase.com/careers/positions/7268895?gh_jid=7268895,
"Specialist, CDE & INTX",Coinbase,Remote - Singapore,https://www.coinbase.com/careers/positions/7571812?gh_jid=7571812,
Specialist FCM,Coinbase,Remote - USA,https://www.coinbase.com/careers/positions/7567873?gh_jid=7567873,
"Specialist, Prime Client Services",Coinbase,Remote - Ireland,https://www.coinbase.com/careers/positions/7550408?gh_jid=7550408,
"Sr. Site Reliability Engineer, IT Infrastructure",Coinbase,Remote - USA,https://www.coinbase.com/careers/positions/7559108?gh_jid=7559108,
"Sr. Technical Program Manager, Enterprise Apps",Coinbase,Remote - USA,https://www.coinbase.com/careers/positions/7402016?gh_jid=7402016,
Staff Accountant,Coinbase,Remote - Cyprus,https://www.coinbase.com/careers/positions/7559052?gh_jid=7559052,
Staff Analytics Engineer,Coinbase,Remote - USA,https://www.coinbase.com/careers/positions/7060033?gh_jid=7060033,
Staff Applied Scientist - Causal Inference,Coinbase,Remote - USA,https://www.coinbase.com/careers/positions/7088358?gh_jid=7088358,
Staff Machine Learning Engineer - Risk AI/ML,Coinbase,Remote - USA,https://www.coinbase.com/careers/positions/7569263?gh_jid=7569263,
"Staff Product Designer, Advanced Trade",Coinbase,Remote - Canada,https://www.coinbase.com/careers/positions/7298946?gh_jid=7298946,
"Staff Product Designer, Advanced Trade",Coinbase,Remote - USA,https://www.coinbase.com/careers/positions/7270723?gh_jid=7270723,
"Staff Product Designer, Advanced Trade",Coinbase,Remote - Singapore,https://www.coinbase.com/careers/positions/7270725?gh_jid=7270725,
Staff Risk Analyst,Coinbase,Remote - USA,https://www.coinbase.com/careers/positions/7317917?gh_jid=7317917,
Staff Software Engineer - AI Growth Lead,Coinbase,Remote - USA,https://www.coinbase.com/careers/positions/7575042?gh_jid=7575042,
"Staff Software Engineer, Backend (Consumer)",Coinbase,Remote - USA,https://www.coinbase.com/careers/positions/5948906?gh_jid=5948906,
"Staff Software Engineer, Backend (Consumer - Financial Services & Loyalty, CB1 Growth)",Coinbase,Remote - USA,https://www.coinbase.com/careers/positions/7258513?gh_jid=7258513,
"Staff Software Engineer, Backend (Consumer - Growth)",Coinbase,Remote - Canada,https://www.coinbase.com/careers/positions/6650948?gh_jid=6650948,
"Staff Software Engineer, Backend (Consumer - Growth)",Coinbase,Remote - USA,https://www.coinbase.com/careers/positions/6650942?gh_jid=6650942,
"Staff Software Engineer, Backend (Consumer - Growth & App Infra)",Coinbase,Remote - USA,https://www.coinbase.com/careers/positions/7258523?gh_jid=7258523,
"Staff Software Engineer, Backend (Consumer - International)",Coinbase,Remote - Brazil,https://www.coinbase.com/careers/positions/6377946?gh_jid=6377946,
"Staff Software Engineer, Backend (Consumer - International)",Coinbase,Remote - Canada,https://www.coinbase.com/careers/positions/7292997?gh_jid=7292997,
"Staff Software Engineer, Backend - Consumer Product Group",Coinbase,Remote - Canada,https://www.coinbase.com/careers/positions/5968428?gh_jid=5968428,
"Staff Software Engineer, Backend (Consumer - Trading)",Coinbase,Remote - USA,https://www.coinbase.com/careers/positions/7309097?gh_jid=7309097,
"Staff Software Engineer, Backend - Customer Experience Team",Coinbase,Remote - India,https://www.coinbase.com/careers/positions/4969310?gh_jid=4969310,
"Staff Software Engineer, Backend - Financial Hub",Coinbase,Remote - Canada,https://www.coinbase.com/careers/positions/6855515?gh_jid=6855515,
"Staff Software Engineer, Backend - Financial Hub",Coinbase,Remote - USA,https://www.coinbase.com/careers/positions/7482196?gh_jid=7482196,
"Staff Software Engineer, Backend (Institutional - Foundations)",Coinbase,Remote - Canada,https://www.coinbase.com/careers/positions/7395303?gh_jid=7395303,
"Staff Software Engineer, Backend (Institutional - Foundations)",Coinbase,Remote - USA,https://www.coinbase.com/careers/positions/6628033?gh_jid=6628033,
"Staff Software Engineer, Backend - Platform (Core Automation)",Coinbase,Remote - USA,https://www.coinbase.com/careers/positions/7462710?gh_jid=7462710,
"Staff Software Engineer,  Backend (Platform - Onboarding)",Coinbase,Remote - India,https://www.coinbase.com/careers/positions/4969309?gh_jid=4969309,
"Staff Software Engineer, Backend - Platform (Relocate to India)",Coinbase,Remote - India,https://www.coinbase.com/careers/positions/4969312?gh_jid=4969312,
"Staff Software Engineer, Backend - Risk Platform (Travel Rule)",Coinbase,Remote - USA,https://www.coinbase.com/careers/positions/7573375?gh_jid=7573375,
Staff Software Engineer (EAA),Coinbase,Remote - USA,https://www.coinbase.com/careers/positions/6652022?gh_jid=6652022,
"Staff Software Engineer, Frontend (Consumer - Financial Services & Loyalty, CB1 Growth)",Coinbase,Remote - USA,https://www.coinbase.com/careers/positions/7387494?gh_jid=7387494,
"Staff Software Engineer, Frontend - Consumer Products",Coinbase,Remote - Canada,https://www.coinbase.com/careers/positions/5961307?gh_jid=5961307,
"Staff Software Engineer, Trading",Coinbase,Remote - Singapore,https://www.coinbase.com/careers/positions/7010523?gh_jid=7010523,
"Supervisor, Customer Success Team",Coinbase,Remote - USA,https://www.coinbase.com/careers/positions/7325246?gh_jid=7325246,
"Supervisor, Customer Success Team (Onsite - Relocation Assistance Available)",Coinbase,"Charlotte, NC",https://www.coinbase.com/careers/positions/7156049?gh_jid=7156049,
"Supervisor, Payments Risk",Coinbase,"Hyderabad, India",https://www.coinbase.com/careers/positions/7214582?gh_jid=7214582,
"Tax Analyst, Global Indirect Tax",Coinbase,Remote - Ireland,https://www.coinbase.com/careers/positions/7393692?gh_jid=7393692,
"Tax Analyst, Global Indirect Tax",Coinbase,Remote - UK,https://www.coinbase.com/careers/positions/7391727?gh_jid=7391727,
Tax Information Reporting Intern,Coinbase,"Hybrid - New York, NY",https://www.coinbase.com/careers/positions/7317551?gh_jid=7317551,
Technical Account Manager,Coinbase,Remote - Singapore,https://www.coinbase.com/careers/positions/7376178?gh_jid=7376178,
Technical Account Manager Analyst II ,Coinbase,Remote - EMEA,https://www.coinbase.com/careers/positions/7379659?gh_jid=7379659,
TMS Compliance Analyst III,Coinbase,"Hyderabad, India",https://www.coinbase.com/careers/positions/6804253?gh_jid=6804253,
TMS Compliance Analyst III,Coinbase,"Charlotte, NC",https://www.coinbase.com/careers/positions/6675542?gh_jid=6675542,
TMS Compliance Lead Analyst,Coinbase,Hybrid - Luxembourg,https://www.coinbase.com/careers/positions/7013044?gh_jid=7013044,
TMS Quality Compliance Analyst III,Coinbase,"Charlotte, NC",https://www.coinbase.com/careers/positions/6676764?gh_jid=6676764,
Transaction Monitoring Compliance QA Analyst IV,Coinbase,Remote - UK,https://www.coinbase.com/careers/positions/7140861?gh_jid=7140861,
User Researcher Intern,Coinbase,"Hybrid - San Francisco, CA",https://www.coinbase.com/careers/positions/7269775?gh_jid=7269775,
"VP, Tech Risk and Controls",Coinbase,Remote - USA,https://www.coinbase.com/careers/positions/7379271?gh_jid=7379271,
Account Executive - Enterprise Hunter,Databricks,"Tokyo, Japan",https://databricks.com/company/careers/open-positions/job?gh_jid=7852596002,
"Account Executive, Singapore",Databricks,Singapore,https://databricks.com/company/careers/open-positions/job?gh_jid=7726495002,
Account Executive - West,Databricks,"Mumbai, India",https://databricks.com/company/careers/open-positions/job?gh_jid=6918763002,
AI Engineer - FDE (Forward Deployed Engineer),Databricks,"London, United Kingdom",https://databricks.com/company/careers/open-positions/job?gh_jid=8024004002,
AI Engineer - FDE (Forward Deployed Engineer),Databricks,"Melbourne, Australia",https://databricks.com/company/careers/open-positions/job?gh_jid=8330188002,
AI Engineer - FDE (Forward Deployed Engineer),Databricks,Remote - India,https://databricks.com/company/careers/open-positions/job?gh_jid=8099751002,
AI Engineer - FDE (Forward Deployed Engineer),Databricks,"Amsterdam, Netherlands",https://databricks.com/company/careers/open-positions/job?gh_jid=8189900002,
AI Engineer - FDE (Forward Deployed Engineer),Databricks,"Munich, Germany",https://databricks.com/company/careers/open-positions/job?gh_jid=8395599002,
AI Engineer - FDE (Forward Deployed Engineer),Databricks,"Paris, France",https://databricks.com/company/careers/open-positions/job?gh_jid=8395601002,
AI Engineer - FDE (Forward Deployed Engineer),Databricks,United States,https://databricks.com/company/careers/open-positions/job?gh_jid=8024010002,
AI Engineer - FDE (Forward Deployed Engineer),Databricks,"Sydney, Australia",https://databricks.com/company/careers/open-positions/job?gh_jid=8298792002,
AI Engineer - FDE (Forward Deployed Engineer) - Public Sector,Databricks,"Maryland; Virginia; Washington, D.C.",https://databricks.com/company/careers/open-positions/job?gh_jid=7987849002,
AI GTM Leader,Databricks,United States,https://databricks.com/company/careers/open-positions/job?gh_jid=8341837002,
APAC Program Specialist,Databricks,Singapore,https://databricks.com/company/careers/open-positions/job?gh_jid=8371631002,
BDR,Databricks,"Bengaluru, India",https://databricks.com/company/careers/open-positions/job?gh_jid=8034217002,
Big Data Solutions Architect (Professional Services),Databricks,Remote - France,https://databricks.com/company/careers/open-positions/job?gh_jid=8336976002,
Business Development Representative,Databricks,"Tokyo, Japan",https://databricks.com/company/careers/open-positions/job?gh_jid=8167348002,
Business Development Representative,Databricks,"Sydney, Australia",https://databricks.com/company/careers/open-positions/job?gh_jid=8011326002,
Business Development Representative,Databricks,"Chicago, Illinois",https://databricks.com/company/careers/open-positions/job?gh_jid=7258972002,
Business Development Representative,Databricks,"New York City, New York",https://databricks.com/company/careers/open-positions/job?gh_jid=7258976002,
Business Development Representative (French-Speaking),Databricks,"Chicago, Illinois",https://databricks.com/company/careers/open-positions/job?gh_jid=8372896002,
"Business Development Representative (German-speaking, DACH)",Databricks,"Munich, Germany",https://databricks.com/company/careers/open-positions/job?gh_jid=8336294002,
Business Value Consultant,Databricks,"Munich, Germany",https://databricks.com/company/careers/open-positions/job?gh_jid=8282505002,
"Compensation Analyst,  Programs & Operations",Databricks,"Mountain View, California; New York City, New York; San Francisco, California; Seattle, Washington",https://databricks.com/company/careers/open-positions/job?gh_jid=8024692002,
Consulting Data Architect (Professional Services),Databricks,"Seoul, South Korea",https://databricks.com/company/careers/open-positions/job?gh_jid=8339825002,
Contracts Negotiator - Healthcare & Life Sciences,Databricks,"Bellevue, Washington; Chicago, Illinois; Denver, Colorado; Seattle, Washington",https://databricks.com/company/careers/open-positions/job?gh_jid=8223331002,
Core Account Executive - Indonesia ,Databricks,Singapore,https://databricks.com/company/careers/open-positions/job?gh_jid=8349361002,
Core Account Executive - Taiwan,Databricks,Singapore; Taiwan,https://databricks.com/company/careers/open-positions/job?gh_jid=8349355002,
Core Account Executive - Vietnam,Databricks,Singapore,https://databricks.com/company/careers/open-positions/job?gh_jid=8349367002,
Data & AI Solutions Architect (Professional Services),Databricks,"London, United Kingdom",https://databricks.com/company/careers/open-positions/job?gh_jid=8187465002,
Databricks Enterprise Lead Security Architect -   Principal IT Software Engineer,Databricks,"Mountain View, California; San Francisco, California",https://databricks.com/company/careers/open-positions/job?gh_jid=8207910002,
Data Platform Solutions Architect (Professional Services),Databricks,Remote - United Kingdom,https://databricks.com/company/careers/open-positions/job?gh_jid=8367942002,
Data Platform Solutions Architect (Professional Services) ,Databricks,"London, United Kingdom",https://databricks.com/company/careers/open-positions/job?gh_jid=8396801002,
Data Science Architect - Professional Services,Databricks,"Paris, France",https://databricks.com/company/careers/open-positions/job?gh_jid=8383101002,
"Delivery Partner Manager, Services",Databricks,"Bengaluru, India",https://databricks.com/company/careers/open-positions/job?gh_jid=8298163002,
Delivery Solutions Architect,Databricks,Remote - Italy,https://databricks.com/company/careers/open-positions/job?gh_jid=8368003002,
Delivery Solutions Architect,Databricks,"Berlin, Germany",https://databricks.com/company/careers/open-positions/job?gh_jid=8219391002,
Delivery Solutions Architect,Databricks,Remote - Germany,https://databricks.com/company/careers/open-positions/job?gh_jid=8219393002,
Delivery Solutions Architect,Databricks,"Mountain View, California; San Francisco, California",https://databricks.com/company/careers/open-positions/job?gh_jid=8378592002,
Delivery Solutions Architect,Databricks,"Auckland, New Zealand",https://databricks.com/company/careers/open-positions/job?gh_jid=8285292002,
Delivery Solutions Architect,Databricks,"Zürich, Switzerland",https://databricks.com/company/careers/open-positions/job?gh_jid=8309177002,
Delivery Solutions Architect - Canada,Databricks,"Toronto, Canada",https://databricks.com/company/careers/open-positions/job?gh_jid=7623149002,
Delivery Solutions Architect - Financial Services,Databricks,Remote - Georgia; Remote - Illinois; Remote - Massachusetts; Remote - New York; Remote - North Carolina; Remote - Texas,https://databricks.com/company/careers/open-positions/job?gh_jid=8183333002,
Delivery Solutions Architect - Healthcare & Life Sciences,Databricks,Northeast - United States,https://databricks.com/company/careers/open-positions/job?gh_jid=8233904002,
Delivery Solutions Architect - High-Tech & Manufacturing,Databricks,United States,https://databricks.com/company/careers/open-positions/job?gh_jid=7933497002,
Delivery Solutions Architect - High-Tech & Manufacturing,Databricks,West Coast - United States,https://databricks.com/company/careers/open-positions/job?gh_jid=8055321002,
Delivery Solutions Architect Manager – Healthcare & Life Sciences (HLS),Databricks,United States,https://databricks.com/company/careers/open-positions/job?gh_jid=8378700002,
Delivery Solutions Architect - Public Sector ,Databricks,Remote - Washington D.C.,https://databricks.com/company/careers/open-positions/job?gh_jid=8289852002,
Deployment Strategist,Databricks,"Sydney, Australia",https://databricks.com/company/careers/open-positions/job?gh_jid=8251129002,
Deployment Strategist,Databricks,Central - United States; Northeast - United States; Southeast - United States; USCA; West Coast - United States,https://databricks.com/company/careers/open-positions/job?gh_jid=8251087002,
Deployment Strategist,Databricks,Singapore,https://databricks.com/company/careers/open-positions/job?gh_jid=8373529002,
 Designated Support Engineer,Databricks,"Tokyo, Japan",https://databricks.com/company/careers/open-positions/job?gh_jid=8360308002,
Developer Advocate - Neon,Databricks,"San Francisco, California",https://databricks.com/company/careers/open-positions/job?gh_jid=8124849002,
Digital Native Account Executive,Databricks,"Seoul, South Korea",https://databricks.com/company/careers/open-positions/job?gh_jid=8390462002,
Digital Native Account Executive - China,Databricks,China; Singapore,https://databricks.com/company/careers/open-positions/job?gh_jid=8346309002,
Digital Native Growth Account Executive,Databricks,"London, United Kingdom",https://databricks.com/company/careers/open-positions/job?gh_jid=8376905002,
Digital Native Hunter Account Executive,Databricks,Singapore,https://databricks.com/company/careers/open-positions/job?gh_jid=8371717002,
"Director, Brand Design",Databricks,"San Francisco, California",https://databricks.com/company/careers/open-positions/job?gh_jid=8337365002,
"Director, Cloud Cost and Capacity Programs",Databricks,"San Francisco, California",https://databricks.com/company/careers/open-positions/job?gh_jid=8229046002,
"Director, Cloud Cost and Capacity Programs",Databricks,"Mountain View, California",https://databricks.com/company/careers/open-positions/job?gh_jid=8229048002,
"Director, Delivery Solutions Architects",Databricks,United States,https://databricks.com/company/careers/open-positions/job?gh_jid=8362500002,
"Director, Emerging Enterprise Sales",Databricks,United States,https://databricks.com/company/careers/open-positions/job?gh_jid=8346099002,
"Director, Engineering - Databricks Mosaic AI",Databricks,New York,https://databricks.com/company/careers/open-positions/job?gh_jid=8214272002,
"Director, Engineering Governance- Bellevue, WA",Databricks,"Mountain View, California",https://databricks.com/company/careers/open-positions/job?gh_jid=8295772002,
"Director, Engineering Governance- Mountain View, CA",Databricks,"Mountain View, California",https://databricks.com/company/careers/open-positions/job?gh_jid=8295622002,
"Director, Enterprise",Databricks,"Seoul, South Korea",https://databricks.com/company/careers/open-positions/job?gh_jid=8346337002,
"Director, Enterprise",Databricks,"Stockholm, Sweden",https://databricks.com/company/careers/open-positions/job?gh_jid=8378513002,
"Director, Enterprise - Retail & CPG, m/f/d",Databricks,"Munich, Germany",https://databricks.com/company/careers/open-positions/job?gh_jid=8285493002,
"Director, Enterprise Sales",Databricks,"Herzliya, Israel",https://databricks.com/company/careers/open-positions/job?gh_jid=8372418002,
"Director, Enterprise Sales - Retail, Travel & Hospitality",Databricks,Remote - Georgia,https://databricks.com/company/careers/open-positions/job?gh_jid=8039086002,
"Director, Field Engineering",Databricks,"Paris, France",https://databricks.com/company/careers/open-positions/job?gh_jid=7876192002,
"Director, Field Engineering",Databricks,"Amsterdam, Netherlands",https://databricks.com/company/careers/open-positions/job?gh_jid=8304674002,
"Director Finance, IT Product Specialist",Databricks,"Mountain View, California",https://databricks.com/company/careers/open-positions/job?gh_jid=8095230002,
"Director, Global Media Strategy",Databricks,United States,https://databricks.com/company/careers/open-positions/job?gh_jid=8337361002,
"Director, GTM Strategy",Databricks,"New York; San Francisco, California",https://databricks.com/company/careers/open-positions/job?gh_jid=8374721002,
"Director, IT Internal Audit",Databricks,"Bellevue, Washington; Mountain View, California; San Francisco, California; Seattle, Washington",https://databricks.com/company/careers/open-positions/job?gh_jid=8202664002,
Director of Engineering,Databricks,"Bengaluru, India",https://databricks.com/company/careers/open-positions/job?gh_jid=7896551002,
Director of Engineering (Data Infrastructure),Databricks,"Bengaluru, India",https://databricks.com/company/careers/open-positions/job?gh_jid=8290810002,
Director of Engineering (Data Infrastructure),Databricks,"Bengaluru, India",https://databricks.com/company/careers/open-positions/job?gh_jid=8220993002,
Director of Engineering (Lakeflow),Databricks,"Bengaluru, India",https://databricks.com/company/careers/open-positions/job?gh_jid=8139277002,
Director of Engineering (Service Foundations),Databricks,"Bengaluru, India",https://databricks.com/company/careers/open-positions/job?gh_jid=8201768002,
Director of Engineering (Service Foundations),Databricks,"Bengaluru, India",https://databricks.com/company/careers/open-positions/job?gh_jid=8290839002,
"Director, Retail & Consumer Goods - Enterprise Hunting org ",Databricks,United States,https://databricks.com/company/careers/open-positions/job?gh_jid=7625842002,
"Director, Startup Sales",Databricks,"Chicago, Illinois; New York City, New York; San Francisco, California",https://databricks.com/company/careers/open-positions/job?gh_jid=8346076002,
"Director, Strategic Partnerships",Databricks,"Seattle, Washington",https://databricks.com/company/careers/open-positions/job?gh_jid=8194495002,
Director - Support Engineering (Data & AI),Databricks,"Sao Paulo, Brazil",https://databricks.com/company/careers/open-positions/job?gh_jid=8163200002,
Emerging Digital Native Account Executive,Databricks,"Amsterdam, Netherlands",https://databricks.com/company/careers/open-positions/job?gh_jid=8388372002,
Emerging Enterprise Account Executive,Databricks,Singapore,https://databricks.com/company/careers/open-positions/job?gh_jid=8349363002,
Emerging Enterprise Account Executive,Databricks,United States,https://databricks.com/company/careers/open-positions/job?gh_jid=7716357002,
Emerging Enterprise Core Account Executive,Databricks,"London, United Kingdom",https://databricks.com/company/careers/open-positions/job?gh_jid=8394747002,
Engagement Manager,Databricks,"Auckland, New Zealand",https://databricks.com/company/careers/open-positions/job?gh_jid=8343080002,
Engagement Manager,Databricks,"Melbourne, Australia",https://databricks.com/company/careers/open-positions/job?gh_jid=8277585002,
"Engagement Manager, Manufacturing & High-Tech",Databricks,Central - United States,https://databricks.com/company/careers/open-positions/job?gh_jid=8395112002,
Engagement Manager - Professional Services (PubSec),Databricks,Northeast - United States,https://databricks.com/company/careers/open-positions/job?gh_jid=8362853002,
Engagement Manager- Retail,Databricks,United States,https://databricks.com/company/careers/open-positions/job?gh_jid=8047756002,
Engineering Manager - Backend,Databricks,"Amsterdam, Netherlands",https://databricks.com/company/careers/open-positions/job?gh_jid=5313313002,
Engineering Manager - Backend,Databricks,"Bengaluru, India",https://databricks.com/company/careers/open-positions/job?gh_jid=7439442002,
Engineering Manager - Identity and Access Management (IAM),Databricks,"Bellevue, Washington",https://databricks.com/company/careers/open-positions/job?gh_jid=8298018002,
Engineering Manager (Ingestion),Databricks,"Bengaluru, India",https://databricks.com/company/careers/open-positions/job?gh_jid=8357216002,
Engineering Manager - Money,Databricks,"Bellevue, Washington; Seattle, Washington",https://databricks.com/company/careers/open-positions/job?gh_jid=7529558002,
Engineering Manager - Notebook Dataplane,Databricks,"San Francisco, California",https://databricks.com/company/careers/open-positions/job?gh_jid=8190108002,
Engineering Manager - Streaming,Databricks,"Bellevue, Washington",https://databricks.com/company/careers/open-positions/job?gh_jid=8324875002,
Engineering Manager - UI Platform,Databricks,"Seattle, Washington",https://databricks.com/company/careers/open-positions/job?gh_jid=8013809002,
Enterprise Account Executive,Databricks,"Seoul, South Korea",https://databricks.com/company/careers/open-positions/job?gh_jid=8194918002,
Enterprise Account Executive,Databricks,"Herzliya, Israel",https://databricks.com/company/careers/open-positions/job?gh_jid=8299035002,
Enterprise Account Executive ,Databricks,"Melbourne, Australia",https://databricks.com/company/careers/open-positions/job?gh_jid=8349125002,
Enterprise Account Executive - Automotive ,Databricks,"London, United Kingdom",https://databricks.com/company/careers/open-positions/job?gh_jid=8376433002,
Enterprise Account Executive - CME,Databricks,Southwest - United States,https://databricks.com/company/careers/open-positions/job?gh_jid=7698278002,
Enterprise Account Executive (Core Accounts - Poland),Databricks,"Munich, Germany",https://databricks.com/company/careers/open-positions/job?gh_jid=7859719002,
Enterprise Account Executive (Core Accounts - Poland),Databricks,"London, United Kingdom",https://databricks.com/company/careers/open-positions/job?gh_jid=7859706002,
Enterprise Account Executive - Defence ,Databricks,"London, United Kingdom",https://databricks.com/company/careers/open-positions/job?gh_jid=8206138002,
Enterprise Account Executive - Energy ,Databricks,"London, United Kingdom",https://databricks.com/company/careers/open-positions/job?gh_jid=8309135002,
Enterprise Account Executive - Financial Services,Databricks,"Toronto, Canada",https://databricks.com/company/careers/open-positions/job?gh_jid=8226371002,
Enterprise Account Executive - FSI,Databricks,"Tokyo, Japan",https://databricks.com/company/careers/open-positions/job?gh_jid=8313489002,
"Enterprise Account Executive, GovTech",Databricks,Central - United States,https://databricks.com/company/careers/open-positions/job?gh_jid=8351954002,
Enterprise Account Executive - GSI ,Databricks,New York,https://databricks.com/company/careers/open-positions/job?gh_jid=8193157002,
Enterprise Account Executive - Healthcare,Databricks,Northeast - United States,https://databricks.com/company/careers/open-positions/job?gh_jid=8382255002,
Enterprise Account Executive - Healthcare,Databricks,Remote - California; Remote - Washington,https://databricks.com/company/careers/open-positions/job?gh_jid=8346315002,
Enterprise Account Executive - Kansai Region (Osaka),Databricks,Japan,https://databricks.com/company/careers/open-positions/job?gh_jid=8294402002,
"Enterprise Account Executive, Life Sciences",Databricks,Northeast - United States,https://databricks.com/company/careers/open-positions/job?gh_jid=8194253002,
Enterprise Account Executive - Manufacturing ,Databricks,"Tokyo, Japan",https://databricks.com/company/careers/open-positions/job?gh_jid=8349357002,
Enterprise Account Executive - Named Accounts Public Sector ,Databricks,"London, United Kingdom",https://databricks.com/company/careers/open-positions/job?gh_jid=8309155002,
Enterprise Account Executive - Public Sector,Databricks,"Wellington, New Zealand",https://databricks.com/company/careers/open-positions/job?gh_jid=8349333002,
Enterprise Account Executive - Public Sector,Databricks,"Tokyo, Japan",https://databricks.com/company/careers/open-positions/job?gh_jid=8365772002,
Enterprise Account Executive - Public Sector,Databricks,"Auckland, New Zealand",https://databricks.com/company/careers/open-positions/job?gh_jid=8349334002,
"Enterprise Account Executive, Public Sector",Databricks,"Ottawa, Canada",https://databricks.com/company/careers/open-positions/job?gh_jid=7837870002,
"Enterprise Account Executive, State and Local",Databricks,Remote - Washington D.C.,https://databricks.com/company/careers/open-positions/job?gh_jid=8344317002,
Enterprise Hunter Account Executive,Databricks,"Paris, France",https://databricks.com/company/careers/open-positions/job?gh_jid=7851145002,
"Enterprise Hunter Account Executive, Army",Databricks,Remote - Washington D.C.,https://databricks.com/company/careers/open-positions/job?gh_jid=8372689002,
Enterprise Hunter Account Executive - Retail & TTH,Databricks,Remote - Illinois,https://databricks.com/company/careers/open-positions/job?gh_jid=6547721002,
Enterprise Sales Account Executive - Professional Services ,Databricks,"London, United Kingdom",https://databricks.com/company/careers/open-positions/job?gh_jid=8376341002,
"Enterprise Sales Director, Energy & Utilities ",Databricks,"London, United Kingdom",https://databricks.com/company/careers/open-positions/job?gh_jid=8394014002,
Executive Briefing (EBC) Manager,Databricks,"San Francisco, California",https://databricks.com/company/careers/open-positions/job?gh_jid=7864933002,
Executive Engagement Strategist ,Databricks,"New York City, New York; San Francisco, California; Seattle, Washington",https://databricks.com/company/careers/open-positions/job?gh_jid=7854278002,
Executive IT Support,Databricks,"Mountain View, California",https://databricks.com/company/careers/open-positions/job?gh_jid=8192404002,
Field CTO - America Industries,Databricks,United States,https://databricks.com/company/careers/open-positions/job?gh_jid=8306218002,
Field Enablement Manager,Databricks,United States,https://databricks.com/company/careers/open-positions/job?gh_jid=8243034002,
"Field Enablement Manager, Japan",Databricks,"Tokyo, Japan",https://databricks.com/company/careers/open-positions/job?gh_jid=7839710002,
"Field Engineering, Data Warehousing Product Specialist",Databricks,Singapore,https://databricks.com/company/careers/open-positions/job?gh_jid=8151567002,
Finance Data & Systems Manager,Databricks,"San Francisco, California",https://databricks.com/company/careers/open-positions/job?gh_jid=8168394002,
Finance Manager,Databricks,"Mountain View, California; New York City, New York; San Francisco, California",https://databricks.com/company/careers/open-positions/job?gh_jid=8182383002,
Forward Deployed Engineer (FDE),Databricks,United States,https://databricks.com/company/careers/open-positions/job?gh_jid=8216469002,
Forward Deployed Engineer (FDE),Databricks,"London, United Kingdom",https://databricks.com/company/careers/open-positions/job?gh_jid=8251119002,
Forward Deployed Engineer (FDE),Databricks,"London, United Kingdom",https://databricks.com/company/careers/open-positions/job?gh_jid=8251122002,
Forward Deployment Engineer,Databricks,Singapore,https://databricks.com/company/careers/open-positions/job?gh_jid=8373538002,
Forward Deployment Engineer,Databricks,"Sydney, Australia",https://databricks.com/company/careers/open-positions/job?gh_jid=8251125002,
GenAI Research Scientist,Databricks,"San Francisco, California",https://databricks.com/company/careers/open-positions/job?gh_jid=7011271002,
Geo Core Account Executive,Databricks,"Sao Paulo, Brazil",https://databricks.com/company/careers/open-positions/job?gh_jid=8346386002,
Geo Core Digital Native Account Executive,Databricks,"Remote - New York; San Francisco, California",https://databricks.com/company/careers/open-positions/job?gh_jid=8396678002,
Global Account Manager - FSI,Databricks,"Paris, France",https://databricks.com/company/careers/open-positions/job?gh_jid=8345599002,
Global Account Manager - Gaming & Entertainment,Databricks,"London, United Kingdom",https://databricks.com/company/careers/open-positions/job?gh_jid=8340412002,
 Global Head of Technical Scale and Strategy (Field Engineering),Databricks,"San Francisco, California; United States",https://databricks.com/company/careers/open-positions/job?gh_jid=8223325002,
Global Payroll Compliance & Audit Lead,Databricks,"Bengaluru, India",https://databricks.com/company/careers/open-positions/job?gh_jid=8243024002,
Global RFx Project Coordinator,Databricks,"Bellevue, Washington; Denver, Colorado; Seattle, Washington",https://databricks.com/company/careers/open-positions/job?gh_jid=8199399002,
Greenfield Account Executive,Databricks,"Munich, Germany",https://databricks.com/company/careers/open-positions/job?gh_jid=7270648002,
Head of AI FDE (Forward Deployed Engineering) - APJ,Databricks,Singapore,https://databricks.com/company/careers/open-positions/job?gh_jid=8061930002,
Head of AI FDE (Forward Deployed Engineering) - APJ,Databricks,"Sydney, Australia",https://databricks.com/company/careers/open-positions/job?gh_jid=8385962002,
Head of Corporate Engineering,Databricks,"San Francisco, California",https://databricks.com/company/careers/open-positions/job?gh_jid=7293607002,
Head of Industry & Apps Partnerships,Databricks,United States,https://databricks.com/company/careers/open-positions/job?gh_jid=8244746002,
Head of Security & Observability ISV Partnerships,Databricks,United States,https://databricks.com/company/careers/open-positions/job?gh_jid=8379150002,
Hunter Account Executive - Philippines (Singapore Based),Databricks,Singapore,https://databricks.com/company/careers/open-positions/job?gh_jid=7856268002,
Lead Adoption Architect,Databricks,United States,https://databricks.com/company/careers/open-positions/job?gh_jid=8073329002,
Lead/Senior Solutions Architect – Retail & CPG (Data & AI),Databricks,"London, United Kingdom",https://databricks.com/company/careers/open-positions/job?gh_jid=8333893002,
"Lead Solutions Architect  (CTO level-CPG/Retail, DS/DE background)",Databricks,"London, United Kingdom",https://databricks.com/company/careers/open-positions/job?gh_jid=7803166002,
"Lead Solutions Architect  (CTO level-FSI, DS/DE background)",Databricks,"London, United Kingdom",https://databricks.com/company/careers/open-positions/job?gh_jid=7642125002,
Lead Specialist Solutions Architect - Built on Partners ,Databricks,"London, United Kingdom",https://databricks.com/company/careers/open-positions/job?gh_jid=8183119002,
Legal Counsel (Latin America),Databricks,"Sao Paulo, Brazil",https://databricks.com/company/careers/open-positions/job?gh_jid=8240507002,
"Legal Counsel, Public Sector",Databricks,"Washington, D.C.",https://databricks.com/company/careers/open-positions/job?gh_jid=8347882002,
Legal Intern,Databricks,"Mountain View, California; San Francisco, California",https://databricks.com/company/careers/open-positions/job?gh_jid=8377581002,
"Manager, Delivery Solutions Architects - Public Sector",Databricks,Remote - Washington D.C.,https://databricks.com/company/careers/open-positions/job?gh_jid=8289854002,
"Manager, Engineering - AI/BI",Databricks,"Vancouver, Canada",https://databricks.com/company/careers/open-positions/job?gh_jid=8176503002,
"Manager, Field Engineering",Databricks,Mexico City,https://databricks.com/company/careers/open-positions/job?gh_jid=8360069002,
"Manager, Field Engineering",Databricks,"San Francisco, California",https://databricks.com/company/careers/open-positions/job?gh_jid=8288039002,
"Manager, Field Engineering",Databricks,"Mumbai, India",https://databricks.com/company/careers/open-positions/job?gh_jid=8074594002,
"Manager, Field Engineering",Databricks,United States,https://databricks.com/company/careers/open-positions/job?gh_jid=8391857002,
"Manager, Field Engineering",Databricks,"Sydney, Australia",https://databricks.com/company/careers/open-positions/job?gh_jid=8277580002,
"Manager, Field Engineering",Databricks,"Melbourne, Australia",https://databricks.com/company/careers/open-positions/job?gh_jid=8316258002,
"Manager, Field Engineering",Databricks,United States,https://databricks.com/company/careers/open-positions/job?gh_jid=8291077002,
"Manager, Field Engineering",Databricks,"Sao Paulo, Brazil",https://databricks.com/company/careers/open-positions/job?gh_jid=8360067002,
"Manager, Field Engineering Italy",Databricks,Remote - Italy,https://databricks.com/company/careers/open-positions/job?gh_jid=8374096002,
"Manager, Field Engineering (Pre-Sales)",Databricks,Madrid,https://databricks.com/company/careers/open-positions/job?gh_jid=8326982002,
"Manager, Field Engineering (Pre-Sales)",Databricks,"Paris, France",https://databricks.com/company/careers/open-positions/job?gh_jid=8357604002,
"Manager, Field Engineering (Pre-Sales) - Nordics Enterprise",Databricks,"Stockholm, Sweden",https://databricks.com/company/careers/open-positions/job?gh_jid=8368215002,
"Manager, Field Engineering (Pre-Sales) - Strategic Accounts",Databricks,"Stockholm, Sweden",https://databricks.com/company/careers/open-positions/job?gh_jid=8383198002,
"Manager, Field Engineering - Strategic Accounts Germany",Databricks,"Munich, Germany",https://databricks.com/company/careers/open-positions/job?gh_jid=8351109002,
Manager of Professional Services (Project Managers),Databricks,"Munich, Germany",https://databricks.com/company/careers/open-positions/job?gh_jid=8317651002,
"Manager, Sales Development",Databricks,"Chicago, Illinois",https://databricks.com/company/careers/open-positions/job?gh_jid=7971633002,
"Manager, Sales Development (Benelux, Nordics)",Databricks,"Amsterdam, Netherlands",https://databricks.com/company/careers/open-positions/job?gh_jid=8310116002,
"Manager, Technical Accounting",Databricks,"London, United Kingdom",https://databricks.com/company/careers/open-positions/job?gh_jid=8337425002,
Mid Market Account Executive,Databricks,"Paris, France",https://databricks.com/company/careers/open-positions/job?gh_jid=8394745002,
Mid Market Hunter Account Executive,Databricks,"Paris, France",https://databricks.com/company/careers/open-positions/job?gh_jid=8376653002,
"Named Account Executive, Denmark",Databricks,Denmark,https://databricks.com/company/careers/open-positions/job?gh_jid=8210935002,
"Named Account Executive, Energy",Databricks,"Amsterdam, Netherlands",https://databricks.com/company/careers/open-positions/job?gh_jid=8238667002,
"Named Core Account Executive, Belo Horizonte",Databricks,Remote - Brazil,https://databricks.com/company/careers/open-positions/job?gh_jid=8308337002,
Named Core Account Executive - Germany,Databricks,"Munich, Germany",https://databricks.com/company/careers/open-positions/job?gh_jid=8353244002,
Named Core Account Executive - Manufacturing,Databricks,"Detroit, Michigan; Indiana; Ohio; Pittsburgh, Pennsylvania",https://databricks.com/company/careers/open-positions/job?gh_jid=8350617002,
Named Core Digital Native Account Executive,Databricks,Remote - California,https://databricks.com/company/careers/open-positions/job?gh_jid=8359778002,
"	Named Enterprise Account Executive (Manufacturing, Energy and Industrial)",Databricks,"Amsterdam, Netherlands",https://databricks.com/company/careers/open-positions/job?gh_jid=8211258002,
"Named Enterprise Account Executive, South Africa",Databricks,"London, United Kingdom",https://databricks.com/company/careers/open-positions/job?gh_jid=8394743002,
"Named Enterprise Account Executive, South Africa",Databricks,"Paris, France",https://databricks.com/company/careers/open-positions/job?gh_jid=8396104002,
"Named Enterprise Account Executive, South Africa",Databricks,"Amsterdam, Netherlands",https://databricks.com/company/careers/open-positions/job?gh_jid=8396099002,
"Named Enterprise Account Executive, Sweden",Databricks,"Stockholm, Sweden",https://databricks.com/company/careers/open-positions/job?gh_jid=8109658002,
Named Enterprise Account Executive - Utilities/Energy (Milan based),Databricks,Remote - Italy,https://databricks.com/company/careers/open-positions/job?gh_jid=8353240002,
Named Hunter Account Executive (Digital Natives),Databricks,"Paris, France",https://databricks.com/company/careers/open-positions/job?gh_jid=7945074002,
Partner Development Representative - SAP,Databricks,Singapore,https://databricks.com/company/careers/open-positions/job?gh_jid=8322772002,
Partner Sales Director,Databricks,"Chicago, Illinois; New York City, New York",https://databricks.com/company/careers/open-positions/job?gh_jid=8337427002,
 Partner Solutions Architect,Databricks,"Tokyo, Japan",https://databricks.com/company/careers/open-positions/job?gh_jid=8347880002,
Partner Solutions Architect,Databricks,"London, United Kingdom",https://databricks.com/company/careers/open-positions/job?gh_jid=8304672002,
Partner Solutions Engineer (Big Data),Databricks,"Bengaluru, India",https://databricks.com/company/careers/open-positions/job?gh_jid=7116754002,
PhD GenAI Research Scientist Intern,Databricks,"San Francisco, California",https://databricks.com/company/careers/open-positions/job?gh_jid=7011263002,
Platform Monitoring Engineer,Databricks,"Heredia, Costa Rica",https://databricks.com/company/careers/open-positions/job?gh_jid=8094976002,
Platform Monitoring Engineer ,Databricks,"Sao Paulo, Brazil",https://databricks.com/company/careers/open-positions/job?gh_jid=8094977002,
Pre-sales Manager Central (DACH) - Digital Natives and Startups,Databricks,"Munich, Germany",https://databricks.com/company/careers/open-positions/job?gh_jid=8363121002,
"Pre-Sales Manager, Field Engineering",Databricks,Germany,https://databricks.com/company/careers/open-positions/job?gh_jid=8342271002,
"Pre-Sales Manager, Field Engineering ",Databricks,"Zürich, Switzerland",https://databricks.com/company/careers/open-positions/job?gh_jid=8294630002,
"Principal Engineer, Compute Fleet Management",Databricks,"Bellevue, Washington",https://databricks.com/company/careers/open-positions/job?gh_jid=8334738002,
Principal Engineer - Privacy,Databricks,"Amsterdam, Netherlands",https://databricks.com/company/careers/open-positions/job?gh_jid=7274875002,
Principal Engineer - Privacy,Databricks,"New York City, New York",https://databricks.com/company/careers/open-positions/job?gh_jid=7274624002,
Principal Engineer - Privacy,Databricks,"Seattle, Washington",https://databricks.com/company/careers/open-positions/job?gh_jid=7274619002,
Principal Engineer - Privacy,Databricks,"San Francisco, California",https://databricks.com/company/careers/open-positions/job?gh_jid=7274488002,
Principal Engineer - Privacy,Databricks,"Mountain View, California",https://databricks.com/company/careers/open-positions/job?gh_jid=8224828002,
"Principal Partner Marketing Manager, Microsoft",Databricks,United States,https://databricks.com/company/careers/open-positions/job?gh_jid=8243018002,
"Principal Product Marketing Manager, Platform Marketing",Databricks,United States,https://databricks.com/company/careers/open-positions/job?gh_jid=7455691002,
Product Management Intern (2026) - Amsterdam,Databricks,"Amsterdam, Netherlands",https://databricks.com/company/careers/open-positions/job?gh_jid=8133715002,
Product Management Intern (2026) - Berlin,Databricks,"Berlin, Germany",https://databricks.com/company/careers/open-positions/job?gh_jid=8145776002,
"Product Manager, New Grad (2026) - Amsterdam",Databricks,"Amsterdam, Netherlands",https://databricks.com/company/careers/open-positions/job?gh_jid=8133727002,
"Product Manager, New Grad (2026) - Berlin",Databricks,"Berlin, Germany",https://databricks.com/company/careers/open-positions/job?gh_jid=8145800002,
Product Security Engineer,Databricks,United States,https://databricks.com/company/careers/open-positions/job?gh_jid=8026646002,
"Program Lead, AI Tooling",Databricks,India,https://databricks.com/company/careers/open-positions/job?gh_jid=8196879002,
Recruiting Coordinator (6-month contract),Databricks,"Bengaluru, India",https://databricks.com/company/careers/open-positions/job?gh_jid=6966472002,
"Regional Workplace Manager, Central & East Europe",Databricks,"Amsterdam, Netherlands",https://databricks.com/company/careers/open-positions/job?gh_jid=8223323002,
"Regional Workplace Manager, West Europe",Databricks,"London, United Kingdom",https://databricks.com/company/careers/open-positions/job?gh_jid=8316358002,
Renewals Manager,Databricks,Singapore,https://databricks.com/company/careers/open-positions/job?gh_jid=8119500002,
Resident Solutions Architect,Databricks,"Auckland, New Zealand",https://databricks.com/company/careers/open-positions/job?gh_jid=8322770002,
Resident Solutions Architect,Databricks,Central - United States; USCA; West Coast - United States,https://databricks.com/company/careers/open-positions/job?gh_jid=8341311002,
Resident Solutions Architect,Databricks,Remote - India,https://databricks.com/company/careers/open-positions/job?gh_jid=8081659002,
Resident Solutions Architect,Databricks,"Tokyo, Japan",https://databricks.com/company/careers/open-positions/job?gh_jid=8284237002,
Resident Solutions Architect - Financial Services,Databricks,Central - United States; Northeast - United States; Southeast - United States,https://databricks.com/company/careers/open-positions/job?gh_jid=8302447002,
Resident Solutions Architect-Manufacturing,Databricks,United States; USCA,https://databricks.com/company/careers/open-positions/job?gh_jid=8341313002,
Resident Solutions Architect - Mumbai,Databricks,"Mumbai, India",https://databricks.com/company/careers/open-positions/job?gh_jid=8107166002,
Resident Solutions Architect (Public Sector),Databricks,Central - United States; Northeast - United States; Southeast - United States; USCA,https://databricks.com/company/careers/open-positions/job?gh_jid=8250501002,
Resident Solutions Architect-Public Sector,Databricks,Remote - Washington D.C.; USCA,https://databricks.com/company/careers/open-positions/job?gh_jid=8356289002,
Resource Manager,Databricks,"Bengaluru, India",https://databricks.com/company/careers/open-positions/job?gh_jid=8081664002,
Retail & Consumer Goods EMEA Leader,Databricks,"Germany; London, United Kingdom; Netherlands; Paris, France",https://databricks.com/company/careers/open-positions/job?gh_jid=8374717002,
"RSA Manager, Professional Services",Databricks,Northeast - United States; Southeast - United States,https://databricks.com/company/careers/open-positions/job?gh_jid=8375629002,
Sales Development Representative,Databricks,"Sao Paulo, Brazil",https://databricks.com/company/careers/open-positions/job?gh_jid=8365361002,
Sales Development Representative,Databricks,"Heredia, Costa Rica",https://databricks.com/company/careers/open-positions/job?gh_jid=8165492002,
Scale Solution Engineer,Databricks,"Belgrade, Serbia",https://databricks.com/company/careers/open-positions/job?gh_jid=7932275002,
Scale Solution Engineer ,Databricks,Costa Rica,https://databricks.com/company/careers/open-positions/job?gh_jid=8024710002,
Senior Applied AI Engineer,Databricks,"Belgrade, Serbia",https://databricks.com/company/careers/open-positions/job?gh_jid=8091041002,
Senior Applied AI Engineer – ML for Systems & Infrastructure,Databricks,"San Francisco, California",https://databricks.com/company/careers/open-positions/job?gh_jid=7859597002,
Senior Backend Software Engineer- (AI Platform),Databricks,"Mountain View, California; San Francisco, California",https://databricks.com/company/careers/open-positions/job?gh_jid=8035969002,
Senior Backline Engineer (Platform),Databricks,"Bengaluru, India",https://databricks.com/company/careers/open-positions/job?gh_jid=7899565002,
Senior Business Systems Analyst -  Workday,Databricks,"Bengaluru, India",https://databricks.com/company/careers/open-positions/job?gh_jid=8210139002,
"Senior Counsel, Employment",Databricks,"Bellevue, Washington; Chicago, Illinois; Mountain View, California; New York City, New York; San Francisco, California; Seattle, Washington",https://databricks.com/company/careers/open-positions/job?gh_jid=8382691002,
"Senior Counsel, Employment (APAC)",Databricks,Singapore,https://databricks.com/company/careers/open-positions/job?gh_jid=8223333002,
"Senior Counsel, Employment (APAC)",Databricks,"Sydney, Australia",https://databricks.com/company/careers/open-positions/job?gh_jid=8223334002,
"Senior Counsel, Professional Services GTM",Databricks,"Bellevue, Washington; Mountain View, California; San Francisco, California; Seattle, Washington",https://databricks.com/company/careers/open-positions/job?gh_jid=8199401002,
Senior Customer Enablement Architect,Databricks,United States,https://databricks.com/company/careers/open-positions/job?gh_jid=8172541002,
Senior Delivery Solutions Architect,Databricks,"Paris, France",https://databricks.com/company/careers/open-positions/job?gh_jid=8298587002,
Senior Engineering Manager - Backend ,Databricks,"Bengaluru, India",https://databricks.com/company/careers/open-positions/job?gh_jid=7495457002,
Senior Engineering Manager - Enzyme,Databricks,"Mountain View, California",https://databricks.com/company/careers/open-positions/job?gh_jid=8109902002,
Senior Engineering Manager for Workspace Platform,Databricks,"San Francisco, California",https://databricks.com/company/careers/open-positions/job?gh_jid=7987658002,
Senior Engineering Manager - Lakeflow Pipeline,Databricks,"Mountain View, California",https://databricks.com/company/careers/open-positions/job?gh_jid=8109905002,
Senior Engineering Manager - Trust and Safety,Databricks,"Mountain View, California",https://databricks.com/company/careers/open-positions/job?gh_jid=8180690002,
Senior Engineering Manager - Trust and Safety,Databricks,"Seattle, Washington",https://databricks.com/company/careers/open-positions/job?gh_jid=8374883002,
Senior Engineering Manager - Trust and Safety,Databricks,"Bellevue, Washington",https://databricks.com/company/careers/open-positions/job?gh_jid=8374884002,
Senior GenAI Research Engineer - Optimization and Kernels,Databricks,"San Francisco, California",https://databricks.com/company/careers/open-positions/job?gh_jid=8297797002,
Senior GenAI Research Scientist - Scaling,Databricks,"San Francisco, California",https://databricks.com/company/careers/open-positions/job?gh_jid=8297804002,
Senior Incident Manager,Databricks,Remote - California; United States,https://databricks.com/company/careers/open-positions/job?gh_jid=8284230002,
Senior Machine Learning Engineer - GenAI Platform ,Databricks,"San Francisco, California",https://databricks.com/company/careers/open-positions/job?gh_jid=6954585002,
"Senior Manager, Field Engineering (Pre-Sales)",Databricks,"Amsterdam, Netherlands",https://databricks.com/company/careers/open-positions/job?gh_jid=8284935002,
"Senior Manager, Finance Commercialization, PMO, and Operations",Databricks,United States,https://databricks.com/company/careers/open-positions/job?gh_jid=8196595002,
"Senior Manager, Global IT Support",Databricks,"Mountain View, California; San Francisco, California",https://databricks.com/company/careers/open-positions/job?gh_jid=8209833002,
"Senior Manager, GTM Finance",Databricks,"Mountain View, California; San Francisco, California; Seattle, Washington",https://databricks.com/company/careers/open-positions/job?gh_jid=8182381002,
"Senior Manager, Identity & Access Management (IAM)",Databricks,"Mountain View, California",https://databricks.com/company/careers/open-positions/job?gh_jid=8301830002,
"Senior Manager, Infrastructure Data Science",Databricks,"Mountain View, California",https://databricks.com/company/careers/open-positions/job?gh_jid=7641390002,
"Senior Manager, Infrastructure Data Science",Databricks,"San Francisco, California",https://databricks.com/company/careers/open-positions/job?gh_jid=7734812002,
"Senior Manager, Sales Development (Central Europe)",Databricks,"Munich, Germany",https://databricks.com/company/careers/open-positions/job?gh_jid=8372900002,
Senior Product Operation Analyst,Databricks,"Mountain View, California",https://databricks.com/company/careers/open-positions/job?gh_jid=8298108002,
"Senior Program Manager, Talent & Leadership Development",Databricks,"Mountain View, California; New York City, New York; San Francisco, California; Seattle, Washington; Washington, D.C.",https://databricks.com/company/careers/open-positions/job?gh_jid=8071850002,
Senior Revenue Accounting Manager APAC,Databricks,Singapore,https://databricks.com/company/careers/open-positions/job?gh_jid=8346158002,
"Senior Sales Director, Strategic Accounts Benelux",Databricks,"Amsterdam, Netherlands",https://databricks.com/company/careers/open-positions/job?gh_jid=8313972002,
Senior Salesforce Developer ,Databricks,"Bengaluru, India",https://databricks.com/company/careers/open-positions/job?gh_jid=8192400002,
"Senior Security Engineer, Incident Response",Databricks,"Bengaluru, India",https://databricks.com/company/careers/open-positions/job?gh_jid=8026632002,
Senior Services Account Executive / Senior Engagement Manager,Databricks,"Stockholm, Sweden",https://databricks.com/company/careers/open-positions/job?gh_jid=8236326002,
Senior Services Account Executive / Senior Engagement Manager,Databricks,"Zürich, Switzerland",https://databricks.com/company/careers/open-positions/job?gh_jid=8370184002,
"Senior Software Engineer, Agentic Applications",Databricks,"Mountain View, California",https://databricks.com/company/careers/open-positions/job?gh_jid=7804049002,
Senior Software Engineer (App-Framework),Databricks,"Bengaluru, India",https://databricks.com/company/careers/open-positions/job?gh_jid=8210383002,
Senior Software Engineer (App-Framework),Databricks,"Bengaluru, India",https://databricks.com/company/careers/open-positions/job?gh_jid=8294304002,
Senior Software Engineer  - Application Traffic team,Databricks,"Mountain View, California",https://databricks.com/company/careers/open-positions/job?gh_jid=8183195002,
Senior Software Engineer - Backend,Databricks,"London, United Kingdom",https://databricks.com/company/careers/open-positions/job?gh_jid=8374597002,
Senior Software Engineer - Backend,Databricks,"San Francisco, California",https://databricks.com/company/careers/open-positions/job?gh_jid=4799387002,
Senior Software Engineer - Backend,Databricks,"Berlin, Germany",https://databricks.com/company/careers/open-positions/job?gh_jid=7477087002,
Senior Software Engineer - Backend,Databricks,"Bengaluru, India",https://databricks.com/company/careers/open-positions/job?gh_jid=8320183002,
Senior Software Engineer - Backend,Databricks,"Vancouver, Canada",https://databricks.com/company/careers/open-positions/job?gh_jid=8093295002,
Senior Software Engineer - Backend,Databricks,"Belgrade, Serbia",https://databricks.com/company/careers/open-positions/job?gh_jid=8012803002,
Senior Software Engineer - Backend,Databricks,"Mountain View, California",https://databricks.com/company/careers/open-positions/job?gh_jid=6544435002,
Senior Software Engineer - Backend,Databricks,"Bellevue, Washington",https://databricks.com/company/careers/open-positions/job?gh_jid=6779084002,
Senior Software Engineer (Backend),Databricks,"Bengaluru, India",https://databricks.com/company/careers/open-positions/job?gh_jid=6709301002,
Senior Software Engineer (Backend) - AI/ML Environments,Databricks,"Mountain View, California",https://databricks.com/company/careers/open-positions/job?gh_jid=8233899002,
Senior Software Engineer - Compliance,Databricks,"Mountain View, California",https://databricks.com/company/careers/open-positions/job?gh_jid=8029215002,
Senior Software Engineer - Data + AI Observability,Databricks,"Bengaluru, India",https://databricks.com/company/careers/open-positions/job?gh_jid=7897431002,
Senior Software Engineer - Database Engine Internals,Databricks,"Mountain View, California",https://databricks.com/company/careers/open-positions/job?gh_jid=6544383002,
Senior Software Engineer - Database Engine Internals,Databricks,"San Francisco, California",https://databricks.com/company/careers/open-positions/job?gh_jid=5048461002,
Senior Software Engineer - Database Engine Internals,Databricks,"Belgrade, Serbia",https://databricks.com/company/careers/open-positions/job?gh_jid=8012809002,
Senior Software Engineer - Data Platform,Databricks,"Bengaluru, India",https://databricks.com/company/careers/open-positions/job?gh_jid=7647369002,
Senior Software Engineer - Data Platform,Databricks,"Bengaluru, India",https://databricks.com/company/careers/open-positions/job?gh_jid=7601580002,
Senior Software Engineer – Data Visualization,Databricks,"Vancouver, Canada",https://databricks.com/company/careers/open-positions/job?gh_jid=8230883002,
Senior Software Engineer - Developer Experience,Databricks,"Amsterdam, Netherlands",https://databricks.com/company/careers/open-positions/job?gh_jid=8029673002,
Senior Software Engineer - Distributed Data Systems,Databricks,"San Francisco, California",https://databricks.com/company/careers/open-positions/job?gh_jid=4513122002,
Senior Software Engineer - Distributed Data Systems,Databricks,"Belgrade, Serbia",https://databricks.com/company/careers/open-positions/job?gh_jid=8012800002,
Senior Software Engineer - Distributed Data Systems,Databricks,"Mountain View, California",https://databricks.com/company/careers/open-positions/job?gh_jid=6544325002,
Senior Software Engineer - Fullstack,Databricks,"Vancouver, Canada",https://databricks.com/company/careers/open-positions/job?gh_jid=8099342002,
Senior Software Engineer - Fullstack,Databricks,"Bengaluru, India",https://databricks.com/company/careers/open-positions/job?gh_jid=8278343002,
Senior Software Engineer - Fullstack,Databricks,"Mountain View, California; San Francisco, California",https://databricks.com/company/careers/open-positions/job?gh_jid=5445641002,
Senior Software Engineer - Fullstack,Databricks,"Seattle, Washington",https://databricks.com/company/careers/open-positions/job?gh_jid=6544403002,
Senior Software Engineer - Fullstack,Databricks,"Mountain View, California; San Francisco, California",https://databricks.com/company/careers/open-positions/job?gh_jid=7898766002,
Senior Software Engineer - Fullstack,Databricks,"Amsterdam, Netherlands",https://databricks.com/company/careers/open-positions/job?gh_jid=8029679002,
"Senior Software Engineer - Fullstack, Assistant",Databricks,"San Francisco, California",https://databricks.com/company/careers/open-positions/job?gh_jid=7849869002,
Senior Software Engineer - Fullstack (NYC),Databricks,New York,https://databricks.com/company/careers/open-positions/job?gh_jid=8211634002,
Senior Software Engineer - IAM,Databricks,"Mountain View, California",https://databricks.com/company/careers/open-positions/job?gh_jid=8029209002,
Senior Software Engineer - Infrastructure,Databricks,"Bengaluru, India",https://databricks.com/company/careers/open-positions/job?gh_jid=7647289002,
Senior Software Engineer - Infrastructure and Tools,Databricks,"San Francisco, California",https://databricks.com/company/careers/open-positions/job?gh_jid=6318503002,
Senior Software Engineer - Ingestion,Databricks,"Bengaluru, India",https://databricks.com/company/careers/open-positions/job?gh_jid=7934782002,
Senior Software Engineer (L5) - Partner Ecosystem,Databricks,"Bengaluru, India",https://databricks.com/company/careers/open-positions/job?gh_jid=7938410002,
"Senior Software Engineer, Model Serving",Databricks,"San Francisco, California",https://databricks.com/company/careers/open-positions/job?gh_jid=8211648002,
"Senior Software Engineer - Money, Infrastructure",Databricks,"Bengaluru, India",https://databricks.com/company/careers/open-positions/job?gh_jid=7654347002,
Senior Software Engineer  - Money Team,Databricks,"Bellevue, Washington",https://databricks.com/company/careers/open-positions/job?gh_jid=8027404002,
Senior Software Engineer- Networking,Databricks,"Bengaluru, India",https://databricks.com/company/careers/open-positions/job?gh_jid=7647353002,
Senior Software Engineer - Networking Infra,Databricks,"Bengaluru, India",https://databricks.com/company/careers/open-positions/job?gh_jid=7619810002,
Senior Software Engineer - Observability,Databricks,"Bengaluru, India",https://databricks.com/company/careers/open-positions/job?gh_jid=7619811002,
Senior Software Engineer - Observability (Databases),Databricks,"Mountain View, California",https://databricks.com/company/careers/open-positions/job?gh_jid=8229742002,
Senior Software Engineer - Privacy,Databricks,"Mountain View, California",https://databricks.com/company/careers/open-positions/job?gh_jid=8029211002,
Senior Software Engineer - Search,Databricks,"Bengaluru, India",https://databricks.com/company/careers/open-positions/job?gh_jid=7841782002,
Senior Software Engineer - Security,Databricks,"Bellevue, Washington",https://databricks.com/company/careers/open-positions/job?gh_jid=7274451002,
Senior Software Engineer - Security ,Databricks,"Mountain View, California",https://databricks.com/company/careers/open-positions/job?gh_jid=7274459002,
Senior Software Engineer- Singapore,Databricks,Singapore,https://databricks.com/company/careers/open-positions/job?gh_jid=8350956002,
Senior Software Engineer- Tokyo,Databricks,"Tokyo, Japan",https://databricks.com/company/careers/open-positions/job?gh_jid=8350959002,
Senior Solutions Architect (Africa/MEA Fly-in),Databricks,"London, United Kingdom",https://databricks.com/company/careers/open-positions/job?gh_jid=8371827002,
Senior Solutions Engineer,Databricks,Remote - Denmark,https://databricks.com/company/careers/open-positions/job?gh_jid=8239195002,
Senior Solutions Engineer,Databricks,Finland,https://databricks.com/company/careers/open-positions/job?gh_jid=8325452002,
Senior Solutions Engineer - Financial Services,Databricks,"Amsterdam, Netherlands",https://databricks.com/company/careers/open-positions/job?gh_jid=8368201002,
Senior Solutions Engineer (Pre-Sales),Databricks,"Amsterdam, Netherlands",https://databricks.com/company/careers/open-positions/job?gh_jid=8346832002,
Senior Specialist Solutions Engineer,Databricks,"Denmark; Finland; Stockholm, Sweden",https://databricks.com/company/careers/open-positions/job?gh_jid=8300966002,
Senior Staff Software Engineer - App and Partner Ecosystem,Databricks,"Seattle, Washington",https://databricks.com/company/careers/open-positions/job?gh_jid=7807722002,
Senior Staff Software Engineer (Backend),Databricks,"Bengaluru, India",https://databricks.com/company/careers/open-positions/job?gh_jid=7651345002,
Senior Staff Software Engineer (Backend),Databricks,"Bengaluru, India",https://databricks.com/company/careers/open-positions/job?gh_jid=7651326002,
Senior Staff Software Engineer - Delta,Databricks,"Amsterdam, Netherlands",https://databricks.com/company/careers/open-positions/job?gh_jid=8303015002,
Senior Staff Software Engineer - Delta,Databricks,"Zürich, Switzerland",https://databricks.com/company/careers/open-positions/job?gh_jid=8303017002,
Senior Staff Software Engineer - Delta,Databricks,"Berlin, Germany",https://databricks.com/company/careers/open-positions/job?gh_jid=7319791002,
Senior Staff Software Engineer - Delta,Databricks,"Aarhus, Denmark",https://databricks.com/company/careers/open-positions/job?gh_jid=8303014002,
Senior Staff Software Engineer - Delta,Databricks,"London, United Kingdom",https://databricks.com/company/careers/open-positions/job?gh_jid=8303020002,
Senior Staff Software Engineer - Enzyme,Databricks,"Mountain View, California",https://databricks.com/company/careers/open-positions/job?gh_jid=7934466002,
Senior Staff Software Engineer - IAM,Databricks,"Mountain View, California",https://databricks.com/company/careers/open-positions/job?gh_jid=7274563002,
Senior Staff Software Engineer - IAM,Databricks,"Seattle, Washington",https://databricks.com/company/careers/open-positions/job?gh_jid=7274557002,
Senior Staff Software Engineer - Security Infrastructure,Databricks,"Mountain View, California",https://databricks.com/company/careers/open-positions/job?gh_jid=7274908002,
Senior Staff Software Engineer - Security Infrastructure,Databricks,"Bellevue, Washington",https://databricks.com/company/careers/open-positions/job?gh_jid=7274902002,
Senior Staff Threat Hunter & Intelligence Engineer - Databricks,Databricks,Remote - California; United States,https://databricks.com/company/careers/open-positions/job?gh_jid=8345801002,
"Senior Supportability Product Specialist, Supportability and Support Platforms",Databricks,"Mountain View, California; San Francisco, California",https://databricks.com/company/careers/open-positions/job?gh_jid=7995113002,
Senior Technical Program Manager (Engineering),Databricks,"Bengaluru, India",https://databricks.com/company/careers/open-positions/job?gh_jid=8174993002,
Senior Technical Solutions Engineer,Databricks,"Bengaluru, India",https://databricks.com/company/careers/open-positions/job?gh_jid=8041698002,
Senior Technical Solutions Engineer (Apache Spark™),Databricks,"Bengaluru, India",https://databricks.com/company/careers/open-positions/job?gh_jid=7845325002,
" Senior Technical Solutions Engineer, Platform",Databricks,Costa Rica,https://databricks.com/company/careers/open-positions/job?gh_jid=7902994002,
Senior Technical Solutions Engineer - Platform,Databricks,"Sao Paulo, Brazil",https://databricks.com/company/careers/open-positions/job?gh_jid=7874145002,
Senior Technical Solutions Engineer (Platform),Databricks,"Tokyo, Japan",https://databricks.com/company/careers/open-positions/job?gh_jid=8351765002,
Senior Technical Solutions Engineer (Platform),Databricks,"Bengaluru, India",https://databricks.com/company/careers/open-positions/job?gh_jid=7845320002,
"Senior Technical Solutions Engineer, Platform",Databricks,"Dallas, Texas",https://databricks.com/company/careers/open-positions/job?gh_jid=7902935002,
Senior Workday Developer,Databricks,"Bengaluru, India",https://databricks.com/company/careers/open-positions/job?gh_jid=8322077002,
Services Account Executive/Engagement Manager - Emerging Enterprise & DNB,Databricks,"London, United Kingdom",https://databricks.com/company/careers/open-positions/job?gh_jid=8336978002,
Software Asset Management Leader – Global Function,Databricks,"Bengaluru, India",https://databricks.com/company/careers/open-positions/job?gh_jid=8209835002,
Software Engineer - Backend,Databricks,"Amsterdam, Netherlands",https://databricks.com/company/careers/open-positions/job?gh_jid=8029666002,
Software Engineer - Backend,Databricks,"Aarhus, Denmark",https://databricks.com/company/careers/open-positions/job?gh_jid=7737233002,
Software Engineer - Backend,Databricks,"Belgrade, Serbia",https://databricks.com/company/careers/open-positions/job?gh_jid=8012650002,
Software Engineer - Database Engine Internals,Databricks,"Belgrade, Serbia",https://databricks.com/company/careers/open-positions/job?gh_jid=8012658002,
Software Engineer - Delta Managed Tables PhD Candidates,Databricks,"Mountain View, California",https://databricks.com/company/careers/open-positions/job?gh_jid=7850582002,
Software Engineer - Distributed Data Systems,Databricks,"Belgrade, Serbia",https://databricks.com/company/careers/open-positions/job?gh_jid=8012691002,
Software Engineer -  DLT PhD Candidates ,Databricks,"Mountain View, California",https://databricks.com/company/careers/open-positions/job?gh_jid=7471089002,
Software Engineer - Fullstack,Databricks,"Amsterdam, Netherlands",https://databricks.com/company/careers/open-positions/job?gh_jid=8029677002,
Software Engineer- Fullstack- Singapore,Databricks,Singapore,https://databricks.com/company/careers/open-positions/job?gh_jid=8341810002,
Software Engineer- Fullstack- Tokyo,Databricks,"Tokyo, Japan",https://databricks.com/company/careers/open-positions/job?gh_jid=8345074002,
Software Engineer - GenAI inference ,Databricks,"San Francisco, California",https://databricks.com/company/careers/open-positions/job?gh_jid=8202670002,
Software Engineering Intern (2026),Databricks,"Belgrade, Serbia",https://databricks.com/company/careers/open-positions/job?gh_jid=7640764002,
Software Engineering New Grad (2026),Databricks,"Belgrade, Serbia",https://databricks.com/company/careers/open-positions/job?gh_jid=7640776002,
Software Engineer IV,Databricks,"Mountain View, California; San Francisco, California",https://databricks.com/company/careers/open-positions/job?gh_jid=8378574002,
Software Engineer - New Grad (2026 Start),Databricks,"Berlin, Germany",https://databricks.com/company/careers/open-positions/job?gh_jid=6886281002,
Software Engineer - New Grad (2026 Start),Databricks,"Vancouver, Canada",https://databricks.com/company/careers/open-positions/job?gh_jid=6866542002,
Software Engineer - New Grad (2026 Start),Databricks,"Amsterdam, Netherlands",https://databricks.com/company/careers/open-positions/job?gh_jid=6866549002,
Software Engineer - New Grad (2026 Start) - Aarhus,Databricks,"Aarhus, Denmark",https://databricks.com/company/careers/open-positions/job?gh_jid=8133691002,
Software Engineer - Performance PhD Candidates,Databricks,"Mountain View, California",https://databricks.com/company/careers/open-positions/job?gh_jid=7466498002,
Software Engineer -  Systems PhD Candidates,Databricks,"Mountain View, California; San Francisco, California",https://databricks.com/company/careers/open-positions/job?gh_jid=6875433002,
Software Engineer - Systems PhD Candidates ,Databricks,"Bellevue, Washington; Seattle, Washington",https://databricks.com/company/careers/open-positions/job?gh_jid=7649293002,
Solutions Architect,Databricks,"Seattle, Washington",https://databricks.com/company/careers/open-positions/job?gh_jid=8141942002,
Solutions Architect,Databricks,"Seoul, South Korea",https://databricks.com/company/careers/open-positions/job?gh_jid=8194889002,
Solutions Architect,Databricks,"Auckland, New Zealand",https://databricks.com/company/careers/open-positions/job?gh_jid=8349392002,
Solutions Architect,Databricks,Remote - Denmark,https://databricks.com/company/careers/open-positions/job?gh_jid=8368209002,
Solutions Architect,Databricks,"Queensland, Australia",https://databricks.com/company/careers/open-positions/job?gh_jid=8349415002,
Solutions Architect,Databricks,Northeast - United States,https://databricks.com/company/careers/open-positions/job?gh_jid=8196833002,
Solutions Architect,Databricks,Mexico City,https://databricks.com/company/careers/open-positions/job?gh_jid=7896350002,
Solutions Architect,Databricks,"San Francisco, California",https://databricks.com/company/careers/open-positions/job?gh_jid=8243219002,
Solutions Architect ,Databricks,"Sao Paulo, Brazil",https://databricks.com/company/careers/open-positions/job?gh_jid=6356702002,
Solutions Architect : Data & AI,Databricks,"Pune, India",https://databricks.com/company/careers/open-positions/job?gh_jid=7978098002,
Solutions Architect : Data & AI,Databricks,"Bengaluru, India",https://databricks.com/company/careers/open-positions/job?gh_jid=8349410002,
Solutions Architect - Digital Native Business,Databricks,United States,https://databricks.com/company/careers/open-positions/job?gh_jid=6117719002,
"Solutions Architect - Digital Native Business, Strategic",Databricks,United States,https://databricks.com/company/careers/open-positions/job?gh_jid=8227356002,
Solutions Architect - Emerging Enterprise,Databricks,United States,https://databricks.com/company/careers/open-positions/job?gh_jid=6328361002,
Solutions Architect - Financial Services,Databricks,Massachusetts; New Jersey; New York,https://databricks.com/company/careers/open-positions/job?gh_jid=6956027002,
Solutions Architect - Finland,Databricks,Finland,https://databricks.com/company/careers/open-positions/job?gh_jid=8025551002,
Solutions Architect - German Regulated - FSI Customers,Databricks,"Munich, Germany",https://databricks.com/company/careers/open-positions/job?gh_jid=8342267002,
Solutions Architect (Greater China Region) ,Databricks,Singapore,https://databricks.com/company/careers/open-positions/job?gh_jid=8194868002,
Solutions Architect - Healthcare/Life Sciences Team (HLS),Databricks,Remote - Illinois,https://databricks.com/company/careers/open-positions/job?gh_jid=8085877002,
Solutions Architect - Healthcare/Life Sciences Team (HLS),Databricks,Remote - California,https://databricks.com/company/careers/open-positions/job?gh_jid=8231231002,
Solutions Architect - Manufacturing,Databricks,"Chicago, Illinois",https://databricks.com/company/careers/open-positions/job?gh_jid=6545547002,
Solutions Architect (Pre-sales) - Manufacturing,Databricks,"Amsterdam, Netherlands",https://databricks.com/company/careers/open-positions/job?gh_jid=8368207002,
Solutions Architect - Public Sector ,Databricks,Remote - Washington D.C.,https://databricks.com/company/careers/open-positions/job?gh_jid=6841734002,
"Solutions Architect, Retail",Databricks,West Coast - United States,https://databricks.com/company/careers/open-positions/job?gh_jid=6456675002,
"Solutions Architect, Retail ",Databricks,Remote - Ohio,https://databricks.com/company/careers/open-positions/job?gh_jid=6049142002,
"Solutions Architect, Retail - CPG",Databricks,Northeast - United States,https://databricks.com/company/careers/open-positions/job?gh_jid=8221491002,
"Solutions Architect, Retail - CPG",Databricks,Central - United States,https://databricks.com/company/careers/open-positions/job?gh_jid=6649865002,
Solutions Architect - Strategic Accounts Germany,Databricks,"Munich, Germany",https://databricks.com/company/careers/open-positions/job?gh_jid=8169750002,
Solutions Architect (UAE Fly-in),Databricks,"Paris, France",https://databricks.com/company/careers/open-positions/job?gh_jid=8216879002,
Solutions Engineer,Databricks,"Sydney, Australia",https://databricks.com/company/careers/open-positions/job?gh_jid=8349390002,
Solutions Engineer,Databricks,"Seoul, South Korea",https://databricks.com/company/careers/open-positions/job?gh_jid=8234183002,
Solutions Engineer,Databricks,Singapore,https://databricks.com/company/careers/open-positions/job?gh_jid=8349427002,
Solutions Engineer (Pre-sales),Databricks,"Tokyo, Japan",https://databricks.com/company/careers/open-positions/job?gh_jid=8349437002,
Specialist Solutions Architect - Data Science / Machine Learning (Public Sector),Databricks,"Maryland; Virginia; Washington, D.C.",https://databricks.com/company/careers/open-positions/job?gh_jid=8362886002,
Specialist Solutions Architect - GenAI & LLM,Databricks,"Toronto, Canada",https://databricks.com/company/careers/open-positions/job?gh_jid=7759592002,
Specialist Solutions Architect - HCLS - Data Warehousing ,Databricks,Northeast - United States,https://databricks.com/company/careers/open-positions/job?gh_jid=8337429002,
Specialist Solutions Architect - Platform Security and Cloud Infrastructure,Databricks,"Amsterdam, Netherlands",https://databricks.com/company/careers/open-positions/job?gh_jid=8287100002,
Sr Backline Engineer (Apache Spark™),Databricks,"Bengaluru, India",https://databricks.com/company/careers/open-positions/job?gh_jid=7335143002,
Sr. Big Data Engineer,Databricks,Remote - India,https://databricks.com/company/careers/open-positions/job?gh_jid=7968899002,
Sr. Brand Manager,Databricks,United States,https://databricks.com/company/careers/open-positions/job?gh_jid=8337363002,
Sr. Certification Exam Developer,Databricks,India,https://databricks.com/company/careers/open-positions/job?gh_jid=8291080002,
Sr. Compensation Manager,Databricks,"Mountain View, California; San Francisco, California",https://databricks.com/company/careers/open-positions/job?gh_jid=8384388002,
"Sr. Customer Marketing Manager, APJ",Databricks,Singapore,https://databricks.com/company/careers/open-positions/job?gh_jid=8337367002,
Sr Data & AI Technical Solutions Engineer ,Databricks,"Sao Paulo, Brazil",https://databricks.com/company/careers/open-positions/job?gh_jid=7330831002,
Sr. Delivery Solutions Architect,Databricks,"London, United Kingdom",https://databricks.com/company/careers/open-positions/job?gh_jid=8342273002,
Sr. Delivery Solutions Architect,Databricks,"Seoul, South Korea",https://databricks.com/company/careers/open-positions/job?gh_jid=8342881002,
"Sr. Developer Advocate, Databricks AI Agentic Systems",Databricks,"San Francisco, California",https://databricks.com/company/careers/open-positions/job?gh_jid=7930603002,
"Sr. Developer Advocate, Databricks AI Agentic Systems",Databricks,"Bellevue, Washington",https://databricks.com/company/careers/open-positions/job?gh_jid=7934669002,
"Sr. Developer Advocate, Databricks AI Agentic Systems",Databricks,"Amsterdam, Netherlands",https://databricks.com/company/careers/open-positions/job?gh_jid=8288319002,
"Sr. Director, Digital Natives & Emerging Enterprise",Databricks,Germany,https://databricks.com/company/careers/open-positions/job?gh_jid=8341835002,
"Sr. Director, Head of Global Accounting",Databricks,"Mountain View, California; San Francisco, California",https://databricks.com/company/careers/open-positions/job?gh_jid=8168383002,
"Sr. Director, Professional Services",Databricks,"Amsterdam, Netherlands",https://databricks.com/company/careers/open-positions/job?gh_jid=8336385002,
"Sr. Director, Sales Enablement",Databricks,"London, United Kingdom",https://databricks.com/company/careers/open-positions/job?gh_jid=8374711002,
Sr. Engagement Manager - Professional Services (FINS),Databricks,Northeast - United States,https://databricks.com/company/careers/open-positions/job?gh_jid=8365413002,
 Sr. Engineering Manager,Databricks,"Mountain View, California; San Francisco, California",https://databricks.com/company/careers/open-positions/job?gh_jid=8051883002,
Sr. Engineering Manager - Lakeflow Designer,Databricks,"Bellevue, Washington; Seattle, Washington",https://databricks.com/company/careers/open-positions/job?gh_jid=5627916002,
Sr. Engineering Manager  - Photon Team (San Francisco),Databricks,"San Francisco, California",https://databricks.com/company/careers/open-positions/job?gh_jid=8108743002,
Sr Engineering Manager - Service Foundations,Databricks,"Bengaluru, India",https://databricks.com/company/careers/open-positions/job?gh_jid=7006089002,
Sr. Event Content Manager,Databricks,USCA,https://databricks.com/company/careers/open-positions/job?gh_jid=8382689002,
Sr. Event Marketing Operations Manager,Databricks,United States,https://databricks.com/company/careers/open-positions/job?gh_jid=8337355002,
Sr Executive Assistant,Databricks,Singapore,https://databricks.com/company/careers/open-positions/job?gh_jid=8240597002,
Sr. Executive Assistant,Databricks,"New York City, New York",https://databricks.com/company/careers/open-positions/job?gh_jid=8397454002,
Sr. Financial Analyst,Databricks,"Mountain View, California; San Francisco, California",https://databricks.com/company/careers/open-positions/job?gh_jid=8347884002,
Sr. Financial Analyst,Databricks,"Mountain View, California; San Francisco, California",https://databricks.com/company/careers/open-positions/job?gh_jid=8122924002,
Sr Incident Manager,Databricks,"Bengaluru, India",https://databricks.com/company/careers/open-positions/job?gh_jid=8291205002,
"Sr. Industry Solutions Director, Retail & Consumer Goods",Databricks,United States,https://databricks.com/company/careers/open-positions/job?gh_jid=8391863002,
Sr. IT Product Manager - Employee Experience,Databricks,"Mountain View, California; San Francisco, California",https://databricks.com/company/careers/open-positions/job?gh_jid=8203285002,
"Sr. Legal Counsel, International Public Sector ",Databricks,"Paris, France",https://databricks.com/company/careers/open-positions/job?gh_jid=8035517002,
"Sr. Manager, Applied ML For Systems",Databricks,"San Francisco, California",https://databricks.com/company/careers/open-positions/job?gh_jid=8114426002,
"Sr. Manager, Commissions FP&A",Databricks,"Mountain View, California; New York City, New York; San Francisco, California",https://databricks.com/company/careers/open-positions/job?gh_jid=8024702002,
"Sr. Manager, Engineering - Identity Platform ",Databricks,"Berlin, Germany",https://databricks.com/company/careers/open-positions/job?gh_jid=8003987002,
"Sr. Manager, Engineering - Model Serving",Databricks,"San Francisco, California",https://databricks.com/company/careers/open-positions/job?gh_jid=8211957002,
"Sr. Manager, Engineering Performance",Databricks,Remote - Arizona; Remote - California; Remote - Canada; Remote - Colorado; Remote - Illinois; Remote - Massachusetts; Remote - Michigan; Remote - New York; Remote - Texas; Remote - Washington,https://databricks.com/company/careers/open-positions/job?gh_jid=8204135002,
"Sr. Manager, Engineering - Search",Databricks,"Mountain View, California",https://databricks.com/company/careers/open-positions/job?gh_jid=7959180002,
"Sr. Manager, Engineering - Unity Catalog Infra",Databricks,"Mountain View, California",https://databricks.com/company/careers/open-positions/job?gh_jid=8329804002,
"Sr. Manager, Field Engineering",Databricks,"Sao Paulo, Brazil",https://databricks.com/company/careers/open-positions/job?gh_jid=8360071002,
"Sr. Manager, Field Engineering - AI Natives",Databricks,Remote - California; Remote - Oregon; Remote - Washington,https://databricks.com/company/careers/open-positions/job?gh_jid=8369583002,
"Sr. Manager, Field Engineering - Public Sector",Databricks,"Maryland; Virginia; Washington, D.C.",https://databricks.com/company/careers/open-positions/job?gh_jid=8332835002,
"Sr. Manager, Field Engineering - Strategic Digital Native Business",Databricks,West Coast - United States,https://databricks.com/company/careers/open-positions/job?gh_jid=8291107002,
"Sr. Manager, Finance - Headcount Planning & Total Rewards",Databricks,"Mountain View, California; San Francisco, California",https://databricks.com/company/careers/open-positions/job?gh_jid=8071858002,
"Sr. Manager, Observability Platform Engineering",Databricks,"Mountain View, California",https://databricks.com/company/careers/open-positions/job?gh_jid=8342738002,
"Sr. Manager, Partner Solutions Architect",Databricks,Singapore,https://databricks.com/company/careers/open-positions/job?gh_jid=8073294002,
"Sr. Manager, Sales Development",Databricks,"Chicago, Illinois",https://databricks.com/company/careers/open-positions/job?gh_jid=8328401002,
"Sr. Manager, Sales Operations",Databricks,Remote - California,https://databricks.com/company/careers/open-positions/job?gh_jid=8329541002,
"Sr. Manager, UKI Marketing",Databricks,"London, United Kingdom",https://databricks.com/company/careers/open-positions/job?gh_jid=8337359002,
Sr. Named Hunter Account Executive,Databricks,Singapore,https://databricks.com/company/careers/open-positions/job?gh_jid=8346305002,
Sr. Payroll Analyst (US and Canada) ,Databricks,Costa Rica,https://databricks.com/company/careers/open-positions/job?gh_jid=8095220002,
Sr. People Generalist,Databricks,"London, United Kingdom",https://databricks.com/company/careers/open-positions/job?gh_jid=8026722002,
Sr. Product Designer,Databricks,"San Francisco, California",https://databricks.com/company/careers/open-positions/job?gh_jid=8155422002,
Sr. Product Designer,Databricks,"Seattle, Washington",https://databricks.com/company/careers/open-positions/job?gh_jid=8162222002,
"Sr. Product Designer, Data Engineering",Databricks,"San Francisco, California",https://databricks.com/company/careers/open-positions/job?gh_jid=8373533002,
"Sr. Product Designer, Data Engineering",Databricks,"Seattle, Washington",https://databricks.com/company/careers/open-positions/job?gh_jid=8373566002,
"Sr. Product Manager, Compute Platform",Databricks,"San Francisco, California",https://databricks.com/company/careers/open-positions/job?gh_jid=8200462002,
"Sr. Product Manager, Compute Platform",Databricks,"Seattle, Washington",https://databricks.com/company/careers/open-positions/job?gh_jid=8200284002,
"Sr. Product Manager, Databricks AI",Databricks,"San Francisco, California",https://databricks.com/company/careers/open-positions/job?gh_jid=8136071002,
"Sr. Product Manager, Databricks AI",Databricks,"Seattle, Washington",https://databricks.com/company/careers/open-positions/job?gh_jid=8136204002,
"Sr. Product Manager, Databricks Free Edition",Databricks,"San Francisco, California",https://databricks.com/company/careers/open-positions/job?gh_jid=7680573002,
"Sr. Product Manager, Databricks Free Edition",Databricks,"Seattle, Washington",https://databricks.com/company/careers/open-positions/job?gh_jid=8235785002,
"Sr. Product Manager, Databricks Repos",Databricks,"Seattle, Washington",https://databricks.com/company/careers/open-positions/job?gh_jid=8326570002,
"Sr. Product Manager, Databricks Repos",Databricks,"San Francisco, California",https://databricks.com/company/careers/open-positions/job?gh_jid=8326513002,
"Sr. Product Manager, Data Engineering",Databricks,"San Francisco, California",https://databricks.com/company/careers/open-positions/job?gh_jid=6322654002,
"Sr. Product Manager, Data Governance",Databricks,"San Francisco, California",https://databricks.com/company/careers/open-positions/job?gh_jid=7863365002,
"Sr. Product Manager, Data Governance",Databricks,"Seattle, Washington",https://databricks.com/company/careers/open-positions/job?gh_jid=7863522002,
"Sr. Product Manager, DBSQL",Databricks,"San Francisco, California",https://databricks.com/company/careers/open-positions/job?gh_jid=7924423002,
"Sr. Product Manager, DBSQL",Databricks,"Seattle, Washington",https://databricks.com/company/careers/open-positions/job?gh_jid=7929994002,
"Sr. Product Manager, Developer Ecosystem",Databricks,"Amsterdam, Netherlands",https://databricks.com/company/careers/open-positions/job?gh_jid=7870132002,
"Sr. Product Manager, Lakeflow",Databricks,"Amsterdam, Netherlands",https://databricks.com/company/careers/open-positions/job?gh_jid=8186386002,
Sr. Product Manager - Technical,Databricks,"New York City, New York",https://databricks.com/company/careers/open-positions/job?gh_jid=8387085002,
"Sr. Program Manager, Data for Good",Databricks,"Seattle, Washington",https://databricks.com/company/careers/open-positions/job?gh_jid=8389535002,
"Sr. Program Manager, Data for Good",Databricks,"San Francisco, California",https://databricks.com/company/careers/open-positions/job?gh_jid=8385177002,
"Sr. Project Manager, Services",Databricks,Singapore,https://databricks.com/company/careers/open-positions/job?gh_jid=8345420002,
Sr. Recruiter - Tech m/d/f,Databricks,"Berlin, Germany",https://databricks.com/company/careers/open-positions/job?gh_jid=8169006002,
Sr. Resident Solutions Architect,Databricks,Central - United States; USCA; West Coast - United States,https://databricks.com/company/careers/open-positions/job?gh_jid=8210937002,
Sr. Resident Solutions Architect,Databricks,Singapore,https://databricks.com/company/careers/open-positions/job?gh_jid=8114836002,
Sr. Software Engineer - Backend,Databricks,"Aarhus, Denmark",https://databricks.com/company/careers/open-positions/job?gh_jid=7643201002,
Sr. Software Engineer- Backend,Databricks,"New York City, New York",https://databricks.com/company/careers/open-positions/job?gh_jid=8379331002,
Sr. Software Engineer - Data Engineering ,Databricks,"Aarhus, Denmark",https://databricks.com/company/careers/open-positions/job?gh_jid=8300574002,
Sr Software Engineer-Networking,Databricks,"Bellevue, Washington",https://databricks.com/company/careers/open-positions/job?gh_jid=8211450002,
Sr Software Engineer-Networking,Databricks,"Mountain View, California",https://databricks.com/company/careers/open-positions/job?gh_jid=8211452002,
"Sr. Software Engineer, Observability",Databricks,"Bengaluru, India",https://databricks.com/company/careers/open-positions/job?gh_jid=7925560002,
Sr. Software Engineer - Performance,Databricks,"Mountain View, California",https://databricks.com/company/careers/open-positions/job?gh_jid=6569774002,
Sr. Software Engineer - Performance ,Databricks,"San Francisco, California",https://databricks.com/company/careers/open-positions/job?gh_jid=6569772002,
"Sr Software Engineer, Search",Databricks,"Bengaluru, India",https://databricks.com/company/careers/open-positions/job?gh_jid=7958967002,
"Sr Software Engineer, Search Relevance (Applied AI)",Databricks,"Bengaluru, India",https://databricks.com/company/careers/open-positions/job?gh_jid=7958676002,
Sr. Solutions Architect,Databricks,"Chicago, Illinois",https://databricks.com/company/careers/open-positions/job?gh_jid=8237105002,
Sr. Solutions Architect,Databricks,"Melbourne, Australia",https://databricks.com/company/careers/open-positions/job?gh_jid=8342879002,
Sr. Solutions Architect,Databricks,"Seoul, South Korea",https://databricks.com/company/careers/open-positions/job?gh_jid=8349431002,
Sr. Solutions Architect,Databricks,"Sydney, Australia",https://databricks.com/company/careers/open-positions/job?gh_jid=8194862002,
Sr. Solutions Architect,Databricks,"Tokyo, Japan",https://databricks.com/company/careers/open-positions/job?gh_jid=8163429002,
Sr. Solutions Architect,Databricks,Singapore,https://databricks.com/company/careers/open-positions/job?gh_jid=8194864002,
Sr. Solutions Architect (DS/ML/GenAI/LLM),Databricks,"London, United Kingdom",https://databricks.com/company/careers/open-positions/job?gh_jid=8340837002,
Sr. Solutions Architect - Emerging,Databricks,United States,https://databricks.com/company/careers/open-positions/job?gh_jid=8136954002,
Sr. Solutions Architect - Financial Services (Hunter) ,Databricks,"Atlanta, Georgia; Chicago, Illinois; Dallas, Texas; New York; Washington, D.C.",https://databricks.com/company/careers/open-positions/job?gh_jid=8343916002,
Sr. Solutions Architect - Financial Services (Insurance) ,Databricks,"Illinois; Massachusetts; New York; Washington, D.C.",https://databricks.com/company/careers/open-positions/job?gh_jid=8196770002,
Sr. Solutions Architect - Games,Databricks,West Coast - United States,https://databricks.com/company/careers/open-positions/job?gh_jid=8353049002,
Sr. Solutions Architect - GSI's and FinTech Data ,Databricks,Massachusetts; New York; North Carolina,https://databricks.com/company/careers/open-positions/job?gh_jid=8200376002,
Sr. Solutions Architect - Public Sector (Federal Civilian),Databricks,"Maryland; Virginia; Washington, D.C.",https://databricks.com/company/careers/open-positions/job?gh_jid=8198484002,
Sr. Solutions Architect - Public Sector (Federal Health) ,Databricks,"Maryland; Virginia; Washington, D.C.",https://databricks.com/company/careers/open-positions/job?gh_jid=8156919002,
Sr. Solutions Engineer,Databricks,"Tokyo, Japan",https://databricks.com/company/careers/open-positions/job?gh_jid=8349406002,
Sr. Solutions Engineer,Databricks,"Seoul, South Korea",https://databricks.com/company/careers/open-positions/job?gh_jid=8228058002,
Sr. Solutions Engineer,Databricks,Singapore,https://databricks.com/company/careers/open-positions/job?gh_jid=8027750002,
Sr. Solutions Engineer,Databricks,"Zürich, Switzerland",https://databricks.com/company/careers/open-positions/job?gh_jid=8351105002,
Sr. Solutions Engineer,Databricks,Remote - Italy,https://databricks.com/company/careers/open-positions/job?gh_jid=8161774002,
Sr. Solutions Engineer,Databricks,"Berlin, Germany; Munich, Germany",https://databricks.com/company/careers/open-positions/job?gh_jid=8342265002,
Sr. Solutions Engineer,Databricks,"Melbourne, Australia",https://databricks.com/company/careers/open-positions/job?gh_jid=8059387002,
Sr. Solutions Engineer Italy,Databricks,Remote - Italy,https://databricks.com/company/careers/open-positions/job?gh_jid=8389657002,
"Sr. Solutions Engineer, Retail - CPG",Databricks,Illinois,https://databricks.com/company/careers/open-positions/job?gh_jid=7507778002,
Sr. Solutions Engineer (Taiwan),Databricks,Singapore,https://databricks.com/company/careers/open-positions/job?gh_jid=8093734002,
Sr. Solutions Engineer (Vietnam),Databricks,Singapore,https://databricks.com/company/careers/open-positions/job?gh_jid=8064714002,
Sr. Staff Backend Software Engineer -  Enterprise Apps,Databricks,"Mountain View, California",https://databricks.com/company/careers/open-positions/job?gh_jid=8220983002,
Sr. Staff Designated Support Engineer,Databricks,"San Francisco, California",https://databricks.com/company/careers/open-positions/job?gh_jid=7995111002,
"Sr. Staff Fullstack Engineer, Agentic Applications",Databricks,"Mountain View, California",https://databricks.com/company/careers/open-positions/job?gh_jid=8220902002,
 Sr. Staff/ Saff Backline Technical Solution engineer,Databricks,"Bengaluru, India",https://databricks.com/company/careers/open-positions/job?gh_jid=8375176002,
Sr Staff Software Engineer (Backend),Databricks,"Bengaluru, India",https://databricks.com/company/careers/open-positions/job?gh_jid=7630152002,
"Sr. Staff Software Engineer, CoreX",Databricks,"Mountain View, California",https://databricks.com/company/careers/open-positions/job?gh_jid=7987676002,
Sr. Staff Software Engineer - Data Platform,Databricks,"Mountain View, California; San Francisco, California",https://databricks.com/company/careers/open-positions/job?gh_jid=7823561002,
Sr. Staff Software Engineer - Money Team,Databricks,"Bellevue, Washington",https://databricks.com/company/careers/open-positions/job?gh_jid=8285949002,
"Sr. Staff Software Engineer, Observability ",Databricks,"Mountain View, California",https://databricks.com/company/careers/open-positions/job?gh_jid=8391889002,
Sr. Staff Software Engineer - Unity Catalog Data Governance,Databricks,"Bellevue, Washington",https://databricks.com/company/careers/open-positions/job?gh_jid=7993609002,
Sr. Staff Technical Enablement Specialist,Databricks,United States,https://databricks.com/company/careers/open-positions/job?gh_jid=8185048002,
Sr. Staff Technical Program Manager - GenAI,Databricks,"Mountain View, California",https://databricks.com/company/careers/open-positions/job?gh_jid=8023728002,
Sr. Staff Technical Program Manager - Reliability,Databricks,"Bellevue, Washington; Mountain View, California; San Francisco, California",https://databricks.com/company/careers/open-positions/job?gh_jid=8341200002,
Sr. Technical Enablement Specialist,Databricks,"Bengaluru, India",https://databricks.com/company/careers/open-positions/job?gh_jid=8185059002,
Sr. Technical Marketing Engineer - Lakebase/Apps,Databricks,United States,https://databricks.com/company/careers/open-positions/job?gh_jid=8396813002,
Sr. Technical Program Manager - CPQ,Databricks,Costa Rica,https://databricks.com/company/careers/open-positions/job?gh_jid=8378424002,
Sr. Technical Program Manager (Release Management),Databricks,"Berlin, Germany",https://databricks.com/company/careers/open-positions/job?gh_jid=8244038002,
Sr. Technical Services Engineer,Databricks,"Belgrade, Serbia",https://databricks.com/company/careers/open-positions/job?gh_jid=8341839002,
Sr. Technical Solutions Engineer,Databricks,"Amsterdam, Netherlands",https://databricks.com/company/careers/open-positions/job?gh_jid=8329539002,
Sr. Technical Solutions Engineer (Platform),Databricks,"Seoul, South Korea",https://databricks.com/company/careers/open-positions/job?gh_jid=8097106002,
"Sr. Technical Writer, AI & Machine Learning",Databricks,"San Francisco, California",https://databricks.com/company/careers/open-positions/job?gh_jid=8027593002,
"Sr. Technical Writer, AI & Machine Learning",Databricks,"Seattle, Washington",https://databricks.com/company/careers/open-positions/job?gh_jid=8029119002,
"Staff Backend Software Engineer, Agentic Applications",Databricks,"Mountain View, California",https://databricks.com/company/careers/open-positions/job?gh_jid=8220958002,
Staff Backline Engineer (Spark),Databricks,"Bengaluru, India",https://databricks.com/company/careers/open-positions/job?gh_jid=8218286002,
Staff Data & AI Technical Solutions Engineer,Databricks,"Sao Paulo, Brazil",https://databricks.com/company/careers/open-positions/job?gh_jid=8006984002,
Staff Data Scientist ,Databricks,"San Francisco, California",https://databricks.com/company/careers/open-positions/job?gh_jid=5507088002,
Staff Data Scientist - Infrastructure,Databricks,"Mountain View, California",https://databricks.com/company/careers/open-positions/job?gh_jid=7069793002,
 Staff Data Scientist - Trust and Safety,Databricks,"San Francisco, California",https://databricks.com/company/careers/open-positions/job?gh_jid=8178287002,
Staff Designated Support Engineer,Databricks,"San Francisco, California",https://databricks.com/company/careers/open-positions/job?gh_jid=7839474002,
Staff Enablement Program Management,Databricks,"Amsterdam, Netherlands; London, United Kingdom",https://databricks.com/company/careers/open-positions/job?gh_jid=8333988002,
Staff Fullstack Engineer,Databricks,"San Francisco, California",https://databricks.com/company/careers/open-positions/job?gh_jid=6704975002,
"Staff Fullstack Engineer, Agentic Applications",Databricks,"Mountain View, California",https://databricks.com/company/careers/open-positions/job?gh_jid=8220836002,
Staff GenAI Research Scientist,Databricks,"San Francisco, California",https://databricks.com/company/careers/open-positions/job?gh_jid=7434532002,
Staff GenAI Research Scientist,Databricks,"New York City, New York",https://databricks.com/company/careers/open-positions/job?gh_jid=7434541002,
Staff Live Producer (Lead),Databricks,"San Francisco, California",https://databricks.com/company/careers/open-positions/job?gh_jid=8027286002,
Staff Machine Learning Engineer ,Databricks,"San Francisco, California",https://databricks.com/company/careers/open-positions/job?gh_jid=7276195002,
"Staff Partner Engineer, Data Collaboration & Industry",Databricks,"San Francisco, California",https://databricks.com/company/careers/open-positions/job?gh_jid=8375583002,
"Staff Partner Engineer, Data Collaboration & Industry",Databricks,"Seattle, Washington",https://databricks.com/company/careers/open-positions/job?gh_jid=8389608002,
Staff Product Manager,Databricks,"Amsterdam, Netherlands",https://databricks.com/company/careers/open-positions/job?gh_jid=7649409002,
Staff Product Manager,Databricks,"Berlin, Germany",https://databricks.com/company/careers/open-positions/job?gh_jid=7649411002,
"Staff Product Manager, Content Experience",Databricks,"Seattle, Washington",https://databricks.com/company/careers/open-positions/job?gh_jid=8041821002,
"Staff Product Manager, Content Experience",Databricks,"San Francisco, California",https://databricks.com/company/careers/open-positions/job?gh_jid=8040989002,
"Staff Product Manager, Databricks Notebooks ",Databricks,"San Francisco, California",https://databricks.com/company/careers/open-positions/job?gh_jid=8221270002,
"Staff Product Manager, Databricks Notebooks ",Databricks,"Seattle, Washington",https://databricks.com/company/careers/open-positions/job?gh_jid=8297805002,
"Staff Product Manager, Security",Databricks,"San Francisco, California",https://databricks.com/company/careers/open-positions/job?gh_jid=7110499002,
"Staff Product Manager, Security",Databricks,"Seattle, Washington",https://databricks.com/company/careers/open-positions/job?gh_jid=7110509002,
Staff Product Manager - Technical,Databricks,"Amsterdam, Netherlands",https://databricks.com/company/careers/open-positions/job?gh_jid=8394060002,
Staff Product Operations Manager,Databricks,"Mountain View, California",https://databricks.com/company/careers/open-positions/job?gh_jid=8236022002,
Staff Product Security Engineer,Databricks,United States,https://databricks.com/company/careers/open-positions/job?gh_jid=7882009002,
Staff Product Security Engineer,Databricks,Remote - Netherlands,https://databricks.com/company/careers/open-positions/job?gh_jid=8026634002,
Staff Product Security Engineer,Databricks,Remote - United Kingdom,https://databricks.com/company/careers/open-positions/job?gh_jid=8148273002,
Staff Product Security Engineer,Databricks,Remote - Germany,https://databricks.com/company/careers/open-positions/job?gh_jid=8148278002,
"Staff Project Manager, Professional Services - FINS",Databricks,Northeast - United States,https://databricks.com/company/careers/open-positions/job?gh_jid=8322791002,
"Staff Project Manager, Services",Databricks,"London, United Kingdom",https://databricks.com/company/careers/open-positions/job?gh_jid=8395519002,
Staff Security Detection Engineer ,Databricks,United States,https://databricks.com/company/careers/open-positions/job?gh_jid=8184634002,
Staff Security Software Engineer,Databricks,United States,https://databricks.com/company/careers/open-positions/job?gh_jid=7932280002,
Staff Software Engineer - Backend,Databricks,"Belgrade, Serbia",https://databricks.com/company/careers/open-positions/job?gh_jid=8012814002,
Staff Software Engineer - Backend,Databricks,"San Francisco, California",https://databricks.com/company/careers/open-positions/job?gh_jid=5408888002,
Staff Software Engineer - Backend,Databricks,"Bengaluru, India",https://databricks.com/company/careers/open-positions/job?gh_jid=8320187002,
Staff Software Engineer - Backend,Databricks,"Mountain View, California",https://databricks.com/company/careers/open-positions/job?gh_jid=6544443002,
Staff Software Engineer - Backend,Databricks,"Bengaluru, India",https://databricks.com/company/careers/open-positions/job?gh_jid=6759671002,
Staff Software Engineer - Backend,Databricks,"Bellevue, Washington",https://databricks.com/company/careers/open-positions/job?gh_jid=6779233002,
Staff Software Engineer - Backend,Databricks,"Seattle, Washington",https://databricks.com/company/careers/open-positions/job?gh_jid=6779232002,
Staff Software Engineer - Backend,Databricks,"Berlin, Germany",https://databricks.com/company/careers/open-positions/job?gh_jid=7984907002,
Staff Software Engineer - Backend ,Databricks,"London, United Kingdom",https://databricks.com/company/careers/open-positions/job?gh_jid=8374611002,
Staff Software Engineer - Backend ,Databricks,"Vancouver, Canada",https://databricks.com/company/careers/open-positions/job?gh_jid=8093293002,
Staff Software Engineer - Backend  ,Databricks,"Aarhus, Denmark",https://databricks.com/company/careers/open-positions/job?gh_jid=7642799002,
Staff Software Engineer - Core Experiences ,Databricks,"Bengaluru, India",https://databricks.com/company/careers/open-positions/job?gh_jid=6716344002,
Staff Software Engineer - Customer Engagement & Docs Platform,Databricks,"San Francisco, California",https://databricks.com/company/careers/open-positions/job?gh_jid=8032546002,
 Staff Software Engineer - Database Engine Internals,Databricks,"Mountain View, California",https://databricks.com/company/careers/open-positions/job?gh_jid=6544386002,
Staff Software Engineer - Database Engine Internals,Databricks,"San Francisco, California",https://databricks.com/company/careers/open-positions/job?gh_jid=5646866002,
Staff Software Engineer - Database Engine Internals,Databricks,"Belgrade, Serbia",https://databricks.com/company/careers/open-positions/job?gh_jid=8012818002,
Staff Software Engineer - Databases,Databricks,"Bengaluru, India",https://databricks.com/company/careers/open-positions/job?gh_jid=7601565002,
Staff Software Engineer - Data Platform,Databricks,"Bengaluru, India",https://databricks.com/company/careers/open-positions/job?gh_jid=7652016002,
Staff Software Engineer - Data Platform,Databricks,"Bengaluru, India",https://databricks.com/company/careers/open-positions/job?gh_jid=7601572002,
Staff Software Engineer - Developer Experience,Databricks,"Amsterdam, Netherlands",https://databricks.com/company/careers/open-positions/job?gh_jid=8029676002,
Staff Software Engineer - Distributed Data Systems,Databricks,"San Francisco, California",https://databricks.com/company/careers/open-positions/job?gh_jid=5646855002,
Staff Software Engineer - Distributed Data Systems,Databricks,"Belgrade, Serbia",https://databricks.com/company/careers/open-positions/job?gh_jid=8012831002,
Staff Software Engineer - Distributed Data Systems,Databricks,"Mountain View, California",https://databricks.com/company/careers/open-positions/job?gh_jid=6544364002,
"Staff Software Engineer, Foundational Model Serving",Databricks,"San Francisco, California",https://databricks.com/company/careers/open-positions/job?gh_jid=8224683002,
Staff Software Engineer - Fullstack,Databricks,"Vancouver, Canada",https://databricks.com/company/careers/open-positions/job?gh_jid=8099343002,
Staff Software Engineer - Fullstack,Databricks,"Bengaluru, India",https://databricks.com/company/careers/open-positions/job?gh_jid=8037500002,
Staff Software Engineer - Fullstack (NYC),Databricks,"New York City, New York",https://databricks.com/company/careers/open-positions/job?gh_jid=8384595002,
Staff Software Engineer - GenAI inference,Databricks,"San Francisco, California",https://databricks.com/company/careers/open-positions/job?gh_jid=8202698002,
Staff Software Engineer - GenAI Performance and Kernel,Databricks,"San Francisco, California",https://databricks.com/company/careers/open-positions/job?gh_jid=8202700002,
Staff Software Engineer - IAM,Databricks,"Mountain View, California",https://databricks.com/company/careers/open-positions/job?gh_jid=7994801002,
Staff Software Engineer - IAM,Databricks,"Bellevue, Washington",https://databricks.com/company/careers/open-positions/job?gh_jid=7994790002,
Staff Software Engineer - Infrastructure,Databricks,"Bengaluru, India",https://databricks.com/company/careers/open-positions/job?gh_jid=7648674002,
Staff Software Engineer - Ingestion,Databricks,"Bengaluru, India",https://databricks.com/company/careers/open-positions/job?gh_jid=8200692002,
Staff Software Engineer - Ingestion,Databricks,"Bengaluru, India",https://databricks.com/company/careers/open-positions/job?gh_jid=8201686002,
"Staff Software Engineer , Machine Learning (Search)",Databricks,"Bengaluru, India",https://databricks.com/company/careers/open-positions/job?gh_jid=7958982002,
"Staff Software Engineer, Metrics and Logging",Databricks,"Mountain View, California",https://databricks.com/company/careers/open-positions/job?gh_jid=8298247002,
"Staff Software Engineer, Model Serving ",Databricks,"San Francisco, California",https://databricks.com/company/careers/open-positions/job?gh_jid=8211647002,
"Staff Software Engineer - Money, Infrastructure",Databricks,"Bengaluru, India",https://databricks.com/company/careers/open-positions/job?gh_jid=7654349002,
Staff Software Engineer - Money Team,Databricks,"Bellevue, Washington",https://databricks.com/company/careers/open-positions/job?gh_jid=7111068002,
Staff Software Engineer- Networking,Databricks,"Bengaluru, India",https://databricks.com/company/careers/open-positions/job?gh_jid=7648669002,
"Staff Software Engineer, Observability ",Databricks,"Mountain View, California",https://databricks.com/company/careers/open-positions/job?gh_jid=8328675002,
"Staff Software Engineer, Search Quality",Databricks,"Mountain View, California",https://databricks.com/company/careers/open-positions/job?gh_jid=8295792002,
Staff Software Engineer  (Search Ranking),Databricks,"Bengaluru, India",https://databricks.com/company/careers/open-positions/job?gh_jid=7958688002,
Staff Software Engineer - Security Infrastructure,Databricks,"Bellevue, Washington",https://databricks.com/company/careers/open-positions/job?gh_jid=7994759002,
Staff Software Engineer - Security Infrastructure,Databricks,"Mountain View, California",https://databricks.com/company/careers/open-positions/job?gh_jid=7994770002,
Staff Software Engineer - Unity Catalog,Databricks,"Mountain View, California",https://databricks.com/company/careers/open-positions/job?gh_jid=7933498002,
Staff Software Engineer - User Activation,Databricks,"San Francisco, California",https://databricks.com/company/careers/open-positions/job?gh_jid=7979523002,
Staff Technical Program Manager,Databricks,"Mountain View, California; San Francisco, California",https://databricks.com/company/careers/open-positions/job?gh_jid=8342757002,
Staff Technical Program Manager – GenAI Ops & Capacity Planning,Databricks,"Seattle, Washington",https://databricks.com/company/careers/open-positions/job?gh_jid=8381771002,
Staff Technical Program Manager – GenAI Ops & Capacity Planning,Databricks,"Mountain View, California",https://databricks.com/company/careers/open-positions/job?gh_jid=8381772002,
"Staff Technical Program Manager, Streaming Engineering",Databricks,"Mountain View, California",https://databricks.com/company/careers/open-positions/job?gh_jid=8289827002,
Staff Technical Solutions Engineer (Apache Spark™),Databricks,"Bengaluru, India",https://databricks.com/company/careers/open-positions/job?gh_jid=7761852002,
Staff Technical Solutions Engineer (Platform),Databricks,"Bengaluru, India",https://databricks.com/company/careers/open-positions/job?gh_jid=7845334002,
"Staff Technical Solutions Engineer, Platform",Databricks,"Sao Paulo, Brazil",https://databricks.com/company/careers/open-positions/job?gh_jid=8007203002,
"Staff Technical Writer, Platform",Databricks,"Seattle, Washington",https://databricks.com/company/careers/open-positions/job?gh_jid=8026857002,
"Staff Technical Writer, Platform",Databricks,"San Francisco, California",https://databricks.com/company/careers/open-positions/job?gh_jid=8025165002,
Startup Account Executive,Databricks,"Chicago, Illinois; Denver, Colorado; New York City, New York; San Francisco, California; Seattle, Washington",https://databricks.com/company/careers/open-positions/job?gh_jid=8103500002,
Start-Up Account Executive ,Databricks,"Tokyo, Japan",https://databricks.com/company/careers/open-positions/job?gh_jid=7721577002,
Startups & Emerging Enterprise  Partner Sales Director ,Databricks,United States,https://databricks.com/company/careers/open-positions/job?gh_jid=8346167002,
Strategic Account Executive - Financial Services,Databricks,"Tokyo, Japan",https://databricks.com/company/careers/open-positions/job?gh_jid=7852613002,
"Strategic Account Executive, ISV - m/f/d",Databricks,"Hesse, Germany",https://databricks.com/company/careers/open-positions/job?gh_jid=8365985002,
"Strategic Account Executive, ISV - m/f/d",Databricks,"Baden-Württemberg, Germany",https://databricks.com/company/careers/open-positions/job?gh_jid=8008319002,
Strategic Account Executive - Manufacturing,Databricks,"Tokyo, Japan",https://databricks.com/company/careers/open-positions/job?gh_jid=8194912002,
Strategic Core Account Executive,Databricks,"Florida, United States",https://databricks.com/company/careers/open-positions/job?gh_jid=8221654002,
Strategic Core Account Executive,Databricks,Remote - Texas,https://databricks.com/company/careers/open-positions/job?gh_jid=8346384002,
Strategic Core Account Executive,Databricks,Remote - Ohio,https://databricks.com/company/careers/open-positions/job?gh_jid=8362019002,
Strategic Core Account Executive,Databricks,Remote - Oregon,https://databricks.com/company/careers/open-positions/job?gh_jid=8362015002,
"Strategic Core Account Executive, Digital Natives",Databricks,"San Francisco, California",https://databricks.com/company/careers/open-positions/job?gh_jid=8365484002,
Strategic Core Account Executive - Life Sciences,Databricks,"Zürich, Switzerland",https://databricks.com/company/careers/open-positions/job?gh_jid=8384020002,
"Strategic Core Account Executive, Mexico City",Databricks,Mexico,https://databricks.com/company/careers/open-positions/job?gh_jid=8371412002,
"Strategic Core Account Executive, Monterrey",Databricks,Mexico,https://databricks.com/company/careers/open-positions/job?gh_jid=8191741002,
Strategic Core Account Executive - Retail,Databricks,"Berlin, Germany",https://databricks.com/company/careers/open-positions/job?gh_jid=8351232002,
Strategic Digital Native Account Executive,Databricks,"San Francisco, California",https://databricks.com/company/careers/open-positions/job?gh_jid=8197192002,
"Strategic Enterprise Account Executive, Defense Industrial Base (DIB)",Databricks,United States,https://databricks.com/company/careers/open-positions/job?gh_jid=8346299002,
Strategic Enterprise Account Executive - Eastern EMEA ,Databricks,"London, United Kingdom",https://databricks.com/company/careers/open-positions/job?gh_jid=8349751002,
"Strategic Enterprise Account Executive - Financial Services, Insurance",Databricks,"Sydney, Australia",https://databricks.com/company/careers/open-positions/job?gh_jid=8358626002,
Strategic Enterprise Account Executive - FSI,Databricks,"Paris, France",https://databricks.com/company/careers/open-positions/job?gh_jid=8195057002,
Strategic Enterprise Account Executive - High Tech,Databricks,Remote - California; Remote - Washington,https://databricks.com/company/careers/open-positions/job?gh_jid=8346325002,
Strategic Enterprise Account Executive - Hunter ,Databricks,"Toronto, Canada",https://databricks.com/company/careers/open-positions/job?gh_jid=8305177002,
Strategic Enterprise Account Executive - Life Sciences,Databricks,Remote - California; Remote - Washington,https://databricks.com/company/careers/open-positions/job?gh_jid=8359439002,
Strategic Enterprise Account Executive - Media & Others,Databricks,"Paris, France",https://databricks.com/company/careers/open-positions/job?gh_jid=8353242002,
"Strategic Enterprise Account Executive, State and Local",Databricks,"Florida, United States",https://databricks.com/company/careers/open-positions/job?gh_jid=8346301002,
Strategic Hunter Account Executive - Retail ,Databricks,Central - United States; Northeast - United States; Southeast - United States,https://databricks.com/company/careers/open-positions/job?gh_jid=8168293002,
Strategic Hunter Digital Native Account Executive,Databricks,"San Francisco, California",https://databricks.com/company/careers/open-positions/job?gh_jid=8365530002,
Strategic Hunter Enterprise Account Executive,Databricks,"Paris, France",https://databricks.com/company/careers/open-positions/job?gh_jid=8381352002,
Strategy and Execution Director ,Databricks,West Coast - United States,https://databricks.com/company/careers/open-positions/job?gh_jid=8055077002,
"Team Lead, Executive Support",Databricks,Costa Rica,https://databricks.com/company/careers/open-positions/job?gh_jid=8223327002,
Tech Lead - Platform Monitoring Engineer,Databricks,"Plano, Texas; United States",https://databricks.com/company/careers/open-positions/job?gh_jid=8284218002,
Technical Accounting Manager - External Reporting and Technical Accounting,Databricks,"Mountain View, California; San Francisco, California",https://databricks.com/company/careers/open-positions/job?gh_jid=8168385002,
Technical Escalation Manager,Databricks,"Tokyo, Japan",https://databricks.com/company/careers/open-positions/job?gh_jid=8360303002,
"Technical Solutions Manager, Platform",Databricks,"Sao Paulo, Brazil",https://databricks.com/company/careers/open-positions/job?gh_jid=8128605002,
"VP, Alliance",Databricks,Singapore,https://databricks.com/company/careers/open-positions/job?gh_jid=8144041002,
Workplace Manager ,Databricks,"Bengaluru, India",https://databricks.com/company/careers/open-positions/job?gh_jid=8324646002,
"Account Manager, APAC",Gitlab,"Remote, Singapore",https://job-boards.greenhouse.io/gitlab/jobs/8377603002,
Account Manager (Renewals) - UKI,Gitlab,"Remote, Ireland",https://job-boards.greenhouse.io/gitlab/jobs/8381841002,
Accounts Receivable Associate ,Gitlab,"Remote, Ireland; Remote, United Kingdom",https://job-boards.greenhouse.io/gitlab/jobs/8391788002,
Assigned Support Engineer (AMER),Gitlab,"Remote, Canada; Remote, US",https://job-boards.greenhouse.io/gitlab/jobs/8287957002,
Associate Support Engineer (AMER - PST / MST),Gitlab,"Remote, Canada; Remote, Chile; Remote, Costa Rica; Remote, Mexico; Remote, US",https://job-boards.greenhouse.io/gitlab/jobs/8231973002,
Associate Support Engineer (EMEA),Gitlab,"Remote, Germany; Remote, Ireland; Remote, Netherlands; Remote, United Kingdom",https://job-boards.greenhouse.io/gitlab/jobs/8324426002,
Business Development Representative - AMER ,Gitlab,"Remote, US",https://job-boards.greenhouse.io/gitlab/jobs/8347297002,
"Business Development Representative - EMEA, Dutch Speaking",Gitlab,"Remote, EMEA",https://job-boards.greenhouse.io/gitlab/jobs/8308694002,
"Business Systems Analyst, Order to Cash",Gitlab,"Remote, APAC",https://job-boards.greenhouse.io/gitlab/jobs/8374874002,
Commercial Account Executive - Czech,Gitlab,"Remote, EMEA; Remote, Germany; Remote, Netherlands; Remote, United Kingdom",https://job-boards.greenhouse.io/gitlab/jobs/8321167002,
"Commercial Account Executive, Financial Services  ",Gitlab,"Remote, US",https://job-boards.greenhouse.io/gitlab/jobs/8331473002,
"Commercial Account Executive - Mid Market, DACH",Gitlab,"Remote, Germany",https://job-boards.greenhouse.io/gitlab/jobs/8144204002,
"Commercial Account Executive - Mid Market, Nordics",Gitlab,"Remote, Sweden",https://job-boards.greenhouse.io/gitlab/jobs/8109723002,
"Commercial Account Executive - Mid Market, UK",Gitlab,"Remote, United Kingdom",https://job-boards.greenhouse.io/gitlab/jobs/8223556002,
"Commercial Account Executive - Mid-Market, West",Gitlab,"Remote, US",https://job-boards.greenhouse.io/gitlab/jobs/8378560002,
"Customer Success Manager, DACH",Gitlab,"Remote, Germany",https://job-boards.greenhouse.io/gitlab/jobs/8372429002,
CX Platform Engineer - AMER,Gitlab,"Remote, Canada; Remote, US",https://job-boards.greenhouse.io/gitlab/jobs/8334773002,
CX Strategy Manager,Gitlab,"Remote, Canada; Remote, US",https://job-boards.greenhouse.io/gitlab/jobs/8389808002,
Developer Relations Engineer,Gitlab,"Remote, EMEA",https://job-boards.greenhouse.io/gitlab/jobs/8219920002,
"Director, Business Analytics & Insights",Gitlab,"Remote, US",https://job-boards.greenhouse.io/gitlab/jobs/8345879002,
"Director, Customer Advocacy",Gitlab,"Remote, EMEA",https://job-boards.greenhouse.io/gitlab/jobs/8332182002,
"Director Regional Sales, Alps",Gitlab,Remote,https://job-boards.greenhouse.io/gitlab/jobs/8347186002,
"Director, Regional Sales - East",Gitlab,"Remote, US",https://job-boards.greenhouse.io/gitlab/jobs/8315400002,
"Director Regional Sales, Italy",Gitlab,"Remote, Italy",https://job-boards.greenhouse.io/gitlab/jobs/8326610002,
"Director Regional Sales, MED",Gitlab,"Remote, Europe",https://job-boards.greenhouse.io/gitlab/jobs/8331359002,
"Director, Regional Sales - New Business - DACH / France",Gitlab,Remote,https://job-boards.greenhouse.io/gitlab/jobs/8374796002,
"Director, Regional Sales - New Business, West",Gitlab,"Remote, US",https://job-boards.greenhouse.io/gitlab/jobs/8350605002,
"Director, Regional Sales - PubSec, Civilian",Gitlab,"Remote, US",https://job-boards.greenhouse.io/gitlab/jobs/8346352002,
Ecosystem Sales Manager - AMER,Gitlab,"Remote, Canada; Remote, US",https://job-boards.greenhouse.io/gitlab/jobs/8347903002,
Ecosystem Sales Manager - Brazil,Gitlab,"Remote, Brazil",https://job-boards.greenhouse.io/gitlab/jobs/8345734002,
"Ecosystem Sales Manager, MEA ",Gitlab,"Remote, United Arab Emirates",https://job-boards.greenhouse.io/gitlab/jobs/8360326002,
"Ecosystem Sales Manager, Mediterranean",Gitlab,"Remote, France; Remote, Germany; Remote, Spain",https://job-boards.greenhouse.io/gitlab/jobs/8392184002,
Ecosystem Sales Manager - Scale - AMER,Gitlab,"Remote, Canada; Remote, US",https://job-boards.greenhouse.io/gitlab/jobs/8359992002,
Enablement Data and Reporting Analyst - US Remote,Gitlab,"Remote, US",https://job-boards.greenhouse.io/gitlab/jobs/8369681002,
"Enablement Lead, Ecosystem - US Remote",Gitlab,"Remote, US",https://job-boards.greenhouse.io/gitlab/jobs/8379362002,
"Engineering Manager, Create:Source Code",Gitlab,"Remote, Americas",https://job-boards.greenhouse.io/gitlab/jobs/8366115002,
"Engineering Manager, Database Reliability, Scalability & Operations",Gitlab,"Remote, Canada; Remote, US",https://job-boards.greenhouse.io/gitlab/jobs/8293419002,
"Engineering Manager, Fulfillment ",Gitlab,"Remote, Canada; Remote, North America",https://job-boards.greenhouse.io/gitlab/jobs/8239293002,
"Engineering Manager, Gitlab Delivery",Gitlab,"Remote, Canada; Remote, EMEA",https://job-boards.greenhouse.io/gitlab/jobs/8331155002,
"Engineering Manager, Gitlab SaaS; Production Engineering",Gitlab,"Remote, APAC",https://job-boards.greenhouse.io/gitlab/jobs/8358827002,
"Engineering Manager, Infrastructure Platforms",Gitlab,"Remote, Canada; Remote, France; Remote, Germany; Remote, Ireland; Remote, Israel; Remote, Netherlands; Remote, Spain; Remote, United Kingdom; Remote, US",https://job-boards.greenhouse.io/gitlab/jobs/8337454002,
"Engineering Manager, Software Supply Chain Security: Auth Infrastructure",Gitlab,"Remote, Canada; Remote, EMEA; Remote, US",https://job-boards.greenhouse.io/gitlab/jobs/8158501002,
"Engineering Manager, Software Supply Chain Security: Pipeline Security ",Gitlab,Remote,https://job-boards.greenhouse.io/gitlab/jobs/8339221002,
"Executive Business Administrator, People",Gitlab,Remote,https://job-boards.greenhouse.io/gitlab/jobs/8382631002,
"FP&A Analyst, Marketing",Gitlab,"Remote, US",https://job-boards.greenhouse.io/gitlab/jobs/8393662002,
Global Payroll Operations Specialist,Gitlab,"Remote, Canada; Remote, Ireland; Remote, United Kingdom; Remote, US",https://job-boards.greenhouse.io/gitlab/jobs/8385212002,
IBM Ecosystem Sales Manager - AMER,Gitlab,"Remote, Canada; Remote, US",https://job-boards.greenhouse.io/gitlab/jobs/8347847002,
Indirect Tax Analyst,Gitlab,"Remote, India",https://job-boards.greenhouse.io/gitlab/jobs/8344023002,
"Intermediate Backend Engineer (Golang), Monitor: Platform Insights",Gitlab,"Remote, APAC",https://job-boards.greenhouse.io/gitlab/jobs/7916259002,
"Intermediate Backend Engineer, Verify: Runner Core",Gitlab,"Remote, Canada; Remote, US-Southeast",https://job-boards.greenhouse.io/gitlab/jobs/8343309002,
"Intermediate Backend (Go) Engineer, Gitlab Delivery -Operate",Gitlab,"Remote, Canada; Remote, EMEA",https://job-boards.greenhouse.io/gitlab/jobs/8323112002,
"Intermediate Fullstack Engineer (TypeScript), AI Engineering: Editor Extensions – Multi-Platform",Gitlab,"Remote, APAC; Remote, Canada; Remote, Netherlands; Remote, United Kingdom",https://job-boards.greenhouse.io/gitlab/jobs/8315155002,
"Intermediate Site Reliability Engineer, Database Operations",Gitlab,"Remote, EMEA",https://job-boards.greenhouse.io/gitlab/jobs/8199072002,
"Intermediate Site Reliability Engineer, Environment Automation",Gitlab,"Remote, France; Remote, Germany; Remote, Ireland; Remote, Israel; Remote, Netherlands; Remote, Spain; Remote, United Kingdom",https://job-boards.greenhouse.io/gitlab/jobs/8242652002,
"Intermediate Site Reliability Engineer, Tenant Scale: Tenant Services",Gitlab,"Remote, Americas; Remote, EMEA",https://job-boards.greenhouse.io/gitlab/jobs/8358825002,
Intermediate Support Engineer (AMER - PST / MST),Gitlab,"Remote, Canada; Remote, Chile; Remote, Costa Rica; Remote, Mexico; Remote, US",https://job-boards.greenhouse.io/gitlab/jobs/8359317002,
Investor Relations Manager,Gitlab,"Remote, Canada; Remote, US",https://job-boards.greenhouse.io/gitlab/jobs/8385091002,
Major Account Executive - DACH ,Gitlab,"Remote, EMEA; Remote, Europe; Remote, Germany",https://job-boards.greenhouse.io/gitlab/jobs/8321197002,
"Manager, Customer Success Engineers",Gitlab,"Remote, Canada; Remote, US",https://job-boards.greenhouse.io/gitlab/jobs/8340423002,
"Manager, Ecosystem Sales - EMEA South",Gitlab,"Remote, France; Remote, Spain",https://job-boards.greenhouse.io/gitlab/jobs/8374358002,
"Manager, Renewals - AMER",Gitlab,"Remote, US",https://job-boards.greenhouse.io/gitlab/jobs/8367351002,
"Manager, Renewals EMEA",Gitlab,"Remote, United Kingdom",https://job-boards.greenhouse.io/gitlab/jobs/8377074002,
"Manager, Solutions Architects, France",Gitlab,"Remote, France",https://job-boards.greenhouse.io/gitlab/jobs/8372177002,
"New Business Account Executive, DACH",Gitlab,"Remote, Germany",https://job-boards.greenhouse.io/gitlab/jobs/8329516002,
New Business Account Executive - East,Gitlab,"Remote, US",https://job-boards.greenhouse.io/gitlab/jobs/8331196002,
"New Business Account Executive-Financial Services, US",Gitlab,"Remote, US",https://job-boards.greenhouse.io/gitlab/jobs/8210950002,
"New Business Account Executive - Netherlands, Nordics ",Gitlab,"Remote, Netherlands; Remote, Sweden",https://job-boards.greenhouse.io/gitlab/jobs/8329621002,
New Business Account Executive - Singapore,Gitlab,"Remote, Singapore",https://job-boards.greenhouse.io/gitlab/jobs/8346401002,
"New Business Account Executive, UK",Gitlab,"Remote, United Kingdom",https://job-boards.greenhouse.io/gitlab/jobs/8329512002,
New Business Account Executive - West ,Gitlab,"Remote, US",https://job-boards.greenhouse.io/gitlab/jobs/8330519002,
New Business Commercial Account Executive - Paris,Gitlab,"Remote, France",https://job-boards.greenhouse.io/gitlab/jobs/8329580002,
Payroll Specialist,Gitlab,"Remote, Canada; Remote, US",https://job-boards.greenhouse.io/gitlab/jobs/8385214002,
Presales Consultant  - India ( Dehli ),Gitlab,"Remote, India",https://job-boards.greenhouse.io/gitlab/jobs/8349101002,
Presales Consultant - Japan,Gitlab,"Remote, Japan",https://job-boards.greenhouse.io/gitlab/jobs/8349098002,
"Principal Database Engineer, Data Engineering",Gitlab,"Remote, EMEA; Remote, North America",https://job-boards.greenhouse.io/gitlab/jobs/8231379002,
"Principal Engineer, Infrastructure Platforms",Gitlab,"Remote, Australia; Remote, Canada; Remote, France; Remote, Germany; Remote, India; Remote, Ireland; Remote, Israel; Remote, Japan; Remote, Netherlands; Remote, Singapore; Remote, South Korea; Remote, Spain; Remote, United Kingdom; Remote, US",https://job-boards.greenhouse.io/gitlab/jobs/8366595002,
"Principal Engineer, Software Supply Chain Security",Gitlab,"Remote, Canada; Remote, Israel; Remote, Netherlands; Remote, United Kingdom; Remote, US",https://job-boards.greenhouse.io/gitlab/jobs/8373553002,
Principal Field Security Engineer,Gitlab,"Remote, Canada; Remote, US",https://job-boards.greenhouse.io/gitlab/jobs/8295708002,
Principal Infrastructure Security Engineer,Gitlab,"Remote, APAC; Remote, Canada; Remote, EMEA; Remote, US",https://job-boards.greenhouse.io/gitlab/jobs/8304223002,
"Principal Product Manager, Security & Compliance",Gitlab,"Remote, Canada; Remote, US",https://job-boards.greenhouse.io/gitlab/jobs/8332925002,
"Principal Product Marketing Manager, Application Security ",Gitlab,"Remote, Americas",https://job-boards.greenhouse.io/gitlab/jobs/8297604002,
"Principal Product Marketing Manager, DevSecOps Platform",Gitlab,"Remote, Canada; Remote, US",https://job-boards.greenhouse.io/gitlab/jobs/8372777002,
"Principal Security Engineer, Application Security ",Gitlab,"Remote, Canada; Remote, France; Remote, Germany; Remote, Ireland; Remote, Netherlands; Remote, Spain; Remote, United Kingdom; Remote, US",https://job-boards.greenhouse.io/gitlab/jobs/8196202002,
Principal Solutions Architect,Gitlab,"Remote, Canada; Remote, US",https://job-boards.greenhouse.io/gitlab/jobs/8341795002,
"Product Designer, Growth Acquisition ",Gitlab,"Remote, Canada; Remote, France; Remote, Ireland; Remote, Netherlands; Remote, Spain; Remote, United Kingdom; Remote, US",https://job-boards.greenhouse.io/gitlab/jobs/8362224002,
"Program Manager, Field Enablement Content - US Remote",Gitlab,"Remote, US",https://job-boards.greenhouse.io/gitlab/jobs/8369679002,
Public Sector Strategic Account Executive - DoD,Gitlab,"Remote, US",https://job-boards.greenhouse.io/gitlab/jobs/8330017002,
Public Sector Strategic Account Executive - Federal Civilian ,Gitlab,"Remote, US",https://job-boards.greenhouse.io/gitlab/jobs/8330035002,
Public Sector Strategic Account Executive - Germany,Gitlab,"Remote, Germany",https://job-boards.greenhouse.io/gitlab/jobs/8321202002,
Public Sector Strategic Account Executive - Intelligence Community,Gitlab,"Remote, US",https://job-boards.greenhouse.io/gitlab/jobs/8158141002,
"Public Sector Strategic Account Executive - SLED, Florida ",Gitlab,Remote,https://job-boards.greenhouse.io/gitlab/jobs/8224598002,
"Public Sector Strategic Account Executive - SLED, Northeast",Gitlab,"Remote, US",https://job-boards.greenhouse.io/gitlab/jobs/8306079002,
"Regional Director Sales, META",Gitlab,"Remote, United Arab Emirates",https://job-boards.greenhouse.io/gitlab/jobs/8379180002,
Regional Marketing Manager,Gitlab,"Remote, Canada; Remote, US",https://job-boards.greenhouse.io/gitlab/jobs/8329341002,
Renewals Strategy Manager,Gitlab,"Remote, Canada; Remote, US",https://job-boards.greenhouse.io/gitlab/jobs/8389875002,
Revenue Systems & Processes Manager,Gitlab,"Remote, US",https://job-boards.greenhouse.io/gitlab/jobs/8392863002,
Sales Analytics Manager,Gitlab,"Remote, Canada; Remote, US",https://job-boards.greenhouse.io/gitlab/jobs/8315777002,
"Senior Analyst, Analytics and Insights",Gitlab,"Remote, Canada; Remote, US",https://job-boards.greenhouse.io/gitlab/jobs/8343792002,
"Senior Backend Engineer (Golang), Monitor:Platform Insights",Gitlab,"Remote, APAC",https://job-boards.greenhouse.io/gitlab/jobs/8385348002,
"Senior Backend Engineer (Golang), Software Supply Chain Security: Authentication Infrastructure",Gitlab,"Remote, APAC",https://job-boards.greenhouse.io/gitlab/jobs/8378029002,
"Senior Backend Engineer(Golang),Software Supply Chain Security: Auth Infrastructure",Gitlab,"Remote, Americas; Remote, APAC; Remote, Canada",https://job-boards.greenhouse.io/gitlab/jobs/8157520002,
"Senior Backend Engineer (Ruby on Rails), Verify: Pipeline Execution",Gitlab,"Remote, APAC; Remote, Canada; Remote, Netherlands; Remote, United Kingdom",https://job-boards.greenhouse.io/gitlab/jobs/8307019002,
"Senior Backend Engineer (Ruby), Tenant Scale, Geo",Gitlab,"Remote, Americas; Remote, EMEA",https://job-boards.greenhouse.io/gitlab/jobs/8291374002,
"Senior Backend (Go) Engineer, Gitlab Delivery -Operate",Gitlab,"Remote, Americas; Remote, EMEA",https://job-boards.greenhouse.io/gitlab/jobs/8323728002,
Senior Customer Success Analytics Analyst,Gitlab,"Remote, Canada; Remote, US",https://job-boards.greenhouse.io/gitlab/jobs/8315791002,
Senior Customer Success Manager,Gitlab,"Remote, United Kingdom",https://job-boards.greenhouse.io/gitlab/jobs/8329437002,
Senior Data Governance Program Manager,Gitlab,"Remote, India",https://job-boards.greenhouse.io/gitlab/jobs/8160069002,
"Senior Director, Enterprise Architecture and AI",Gitlab,"Remote, US",https://job-boards.greenhouse.io/gitlab/jobs/8393292002,
"Senior Director, Enterprise Technology & AI - India",Gitlab,"Remote, India",https://job-boards.greenhouse.io/gitlab/jobs/8384262002,
"Senior Director, Public Sector Customer Success",Gitlab,"Remote, US",https://job-boards.greenhouse.io/gitlab/jobs/8389993002,
"Senior FP&A Analyst, Corporate Finance",Gitlab,"Remote; Remote, Canada; Remote, US",https://job-boards.greenhouse.io/gitlab/jobs/8347674002,
"Senior Frontend Engineer, AI Engineering: Duo Chat",Gitlab,"Remote, Americas; Remote, EMEA",https://job-boards.greenhouse.io/gitlab/jobs/8202813002,
"Senior Fullstack Engineer (RoR/vue.js), Software Supply Chain Security: Authorization",Gitlab,"Remote, Canada; Remote, Netherlands; Remote, United Kingdom",https://job-boards.greenhouse.io/gitlab/jobs/8230719002,
Senior Infrastructure Security Engineer ,Gitlab,"Remote, Australia; Remote, EMEA; Remote, Japan",https://job-boards.greenhouse.io/gitlab/jobs/8326388002,
"Senior Manager, Developer Advocacy",Gitlab,"Remote, EMEA; Remote, North America",https://job-boards.greenhouse.io/gitlab/jobs/8168744002,
"Senior Manager, Engagement Manager  - AMER",Gitlab,"Remote, Canada; Remote, US",https://job-boards.greenhouse.io/gitlab/jobs/8339251002,
"Senior Manager, Professional Services, Technical Program Management - AMER",Gitlab,"Remote, Canada; Remote, US",https://job-boards.greenhouse.io/gitlab/jobs/8329846002,
Senior Marketing Data Analyst,Gitlab,"Remote, Canada; Remote, US",https://job-boards.greenhouse.io/gitlab/jobs/8302127002,
"Senior Product Manager, Dedicated",Gitlab,"Remote, Ireland; Remote, Netherlands; Remote, United Kingdom",https://job-boards.greenhouse.io/gitlab/jobs/8316087002,
"Senior Product Manager, Plan",Gitlab,"Remote, Ireland; Remote, Netherlands; Remote, United Kingdom",https://job-boards.greenhouse.io/gitlab/jobs/8282171002,
Senior Professional Services Engagement Manager - PubSec - US,Gitlab,"Remote, US",https://job-boards.greenhouse.io/gitlab/jobs/8345705002,
"Senior Professional Services Technical Architect, META",Gitlab,"Remote, United Arab Emirates",https://job-boards.greenhouse.io/gitlab/jobs/8343384002,
"Senior Professional Services, Technical Architect - US",Gitlab,"Remote, US",https://job-boards.greenhouse.io/gitlab/jobs/8334735002,
"Senior PSIRT Security Engineer, EMEA",Gitlab,"Remote, EMEA",https://job-boards.greenhouse.io/gitlab/jobs/8247677002,
Senior Sales Recruiter,Gitlab,"Remote, United Kingdom",https://job-boards.greenhouse.io/gitlab/jobs/8364336002,
"Senior Site Reliability Engineer, Environment Automation",Gitlab,"Remote, Canada; Remote, US",https://job-boards.greenhouse.io/gitlab/jobs/8136108002,
Senior Technical Architect - Japan ,Gitlab,"Remote, Japan",https://job-boards.greenhouse.io/gitlab/jobs/8346396002,
"Software Engineering Manager, Application Security Testing: Composition Analysis & Dynamic Analysis",Gitlab,Remote,https://job-boards.greenhouse.io/gitlab/jobs/8002169002,
Solution Architect - Ecosystems APAC,Gitlab,"Remote, Singapore",https://job-boards.greenhouse.io/gitlab/jobs/8335604002,
Solutions Architect - Commercial,Gitlab,"Remote, Canada; Remote, US",https://job-boards.greenhouse.io/gitlab/jobs/8344394002,
"Solutions Architect, DACH",Gitlab,"Remote, Germany",https://job-boards.greenhouse.io/gitlab/jobs/8377959002,
Solutions Architect - New Business,Gitlab,"Remote, Canada; Remote, US",https://job-boards.greenhouse.io/gitlab/jobs/8344406002,
"Solutions Architect, West",Gitlab,"Remote, US",https://job-boards.greenhouse.io/gitlab/jobs/8345584002,
"Staff Backend Engineer, Developer Experience (Ruby)",Gitlab,"Remote, APAC; Remote, Canada; Remote, EMEA; Remote, Netherlands; Remote, United Kingdom",https://job-boards.greenhouse.io/gitlab/jobs/8199765002,
"Staff Engineer, GitLab Delivery - Operate",Gitlab,"Remote, Americas; Remote, EMEA",https://job-boards.greenhouse.io/gitlab/jobs/8225800002,
"Staff Product Designer, Knowledge Graph",Gitlab,"Remote, Canada; Remote, France; Remote, Germany; Remote, Ireland; Remote, Netherlands; Remote, Spain; Remote, United Kingdom; Remote, US",https://job-boards.greenhouse.io/gitlab/jobs/8360847002,
"Staff Product Manager, Software Supply Chain Security",Gitlab,"Remote, Canada; Remote, Ireland; Remote, Israel; Remote, Netherlands; Remote, United Kingdom; Remote, US",https://job-boards.greenhouse.io/gitlab/jobs/8332463002,
Staff Workday Analyst,Gitlab,"Remote, Canada; Remote, US",https://job-boards.greenhouse.io/gitlab/jobs/8365352002,
"Strategic Account Executive - Financial Services Industry, Spain  ",Gitlab,"Remote, Spain",https://job-boards.greenhouse.io/gitlab/jobs/8321192002,
Strategic Account Executive - Germany,Gitlab,"Remote, Germany",https://job-boards.greenhouse.io/gitlab/jobs/8307161002,
Strategic Account Executive - Israel,Gitlab,"Remote, Israel",https://job-boards.greenhouse.io/gitlab/jobs/8289546002,
"Strategic Account Executive - LATAM, Mexico City",Gitlab,"Remote, Mexico",https://job-boards.greenhouse.io/gitlab/jobs/8282014002,
"Strategic Account Executive - Milan, Italy",Gitlab,"Remote, Italy",https://job-boards.greenhouse.io/gitlab/jobs/8392210002,
Strategic Account Executive - Paris ,Gitlab,"Remote, France",https://job-boards.greenhouse.io/gitlab/jobs/8307181002,
Strategic Account Executive -San Francisco ,Gitlab,Remote,https://job-boards.greenhouse.io/gitlab/jobs/8329372002,
"Strategic Account Executive -Telco, Nordics ",Gitlab,"Remote, Sweden",https://job-boards.greenhouse.io/gitlab/jobs/8300441002,
"Support Engineer, U.S. Government Support",Gitlab,"Remote, US",https://job-boards.greenhouse.io/gitlab/jobs/8389856002,
Technical Program Manager,Gitlab,"Remote, Canada; Remote, US",https://job-boards.greenhouse.io/gitlab/jobs/8364482002,
UX Researcher ,Gitlab,"Remote, Canada; Remote, France; Remote, Germany; Remote, Ireland; Remote, Netherlands; Remote, Spain; Remote, United Kingdom; Remote, US",https://job-boards.greenhouse.io/gitlab/jobs/8365071002,
"UX Researcher, AI",Gitlab,"Remote, Canada; Remote, EMEA; Remote, US",https://job-boards.greenhouse.io/gitlab/jobs/8364868002,
"Vice President, Business Systems",Gitlab,"Remote, US",https://job-boards.greenhouse.io/gitlab/jobs/8245371002,
Zuora Engineer,Gitlab,"Remote, APAC",https://job-boards.greenhouse.io/gitlab/jobs/8384132002,
Account Executive ,Twilio,Remote - United Kingdom,https://job-boards.greenhouse.io/twilio/jobs/7567104,
Analyst Relations Director,Twilio,Remote - US,https://job-boards.greenhouse.io/twilio/jobs/7245129,
Application Integration Engineer,Twilio,Remote - Colombia,https://job-boards.greenhouse.io/twilio/jobs/7312780,
"Assistant Counsel, Government, Policy and Regulatory Affairs",Twilio,Remote - Australia,https://job-boards.greenhouse.io/twilio/jobs/7435217,
Business Intelligence Analyst 2,Twilio,Remote - Colombia,https://job-boards.greenhouse.io/twilio/jobs/7280493,
Business Intelligence Analyst 3,Twilio,Remote - Colombia,https://job-boards.greenhouse.io/twilio/jobs/7292353,
Cloud Software Engineer,Twilio,Remote - Ireland,https://job-boards.greenhouse.io/twilio/jobs/7484699,
Conversion Rate Optimization Specialist,Twilio,Remote - US,https://job-boards.greenhouse.io/twilio/jobs/7463712,
Conversion Rate Optimization Specialist,Twilio,Remote - Canada,https://job-boards.greenhouse.io/twilio/jobs/7461941,
"Counsel, Commercial",Twilio,Remote - Canada,https://job-boards.greenhouse.io/twilio/jobs/7548056,
Deal Desk Analyst,Twilio,Remote - Canada,https://job-boards.greenhouse.io/twilio/jobs/7492664,
Deal Desk Analyst 2,Twilio,Remote - Singapore,https://job-boards.greenhouse.io/twilio/jobs/7488438,
Deal Desk Finance Analyst,Twilio,Remote - Canada,https://job-boards.greenhouse.io/twilio/jobs/7442094,
Developer Evangelist,Twilio,Remote - US,https://job-boards.greenhouse.io/twilio/jobs/7579499,
Digital Programs Manager,Twilio,Remote - Canada,https://job-boards.greenhouse.io/twilio/jobs/7576109,
"Director, Product Management",Twilio,Remote - US,https://job-boards.greenhouse.io/twilio/jobs/7565884,
"Director, Product Marketing (Messaging & Email)",Twilio,Remote - US,https://job-boards.greenhouse.io/twilio/jobs/7461943,
EMEA Growth Marketing Manager,Twilio,Remote - United Kingdom,https://job-boards.greenhouse.io/twilio/jobs/7537191,
Enterprise Account Executive - French Speaker ,Twilio,Remote - United Kingdom,https://job-boards.greenhouse.io/twilio/jobs/7541076,
Enterprise Architect,Twilio,Remote - US,https://job-boards.greenhouse.io/twilio/jobs/7531451,
Executive Business Partner,Twilio,Remote - US,https://job-boards.greenhouse.io/twilio/jobs/7521877,
"HRBP Director, Product Management",Twilio,Remote - US,https://job-boards.greenhouse.io/twilio/jobs/7435334,
"HRBP Director, Product Management",Twilio,Remote - Canada,https://job-boards.greenhouse.io/twilio/jobs/7437747,
International Tax Manager,Twilio,Remote - Ireland,https://job-boards.greenhouse.io/twilio/jobs/7557892,
  Lead Zuora Billing and Revenue Consultant,Twilio,Remote - US,https://job-boards.greenhouse.io/twilio/jobs/7360572,
Machine Learning Engineer,Twilio,Remote - US,https://job-boards.greenhouse.io/twilio/jobs/7059734,
Machine Learning Engineer (L3),Twilio,Remote - India,https://job-boards.greenhouse.io/twilio/jobs/7555693,
"Manager, Software Engineering",Twilio,Remote - US,https://job-boards.greenhouse.io/twilio/jobs/7545411,
New Business Account Executive,Twilio,Remote - Japan,https://job-boards.greenhouse.io/twilio/jobs/7515753,
New Business Account Executive,Twilio,Remote - Singapore,https://job-boards.greenhouse.io/twilio/jobs/7286401,
NOC Team Lead,Twilio,Remote - Colombia,https://job-boards.greenhouse.io/twilio/jobs/7391868,
Presales Architect,Twilio,Remote - Brazil,https://job-boards.greenhouse.io/twilio/jobs/7520777,
Presales Architect,Twilio,Remote - US,https://job-boards.greenhouse.io/twilio/jobs/7537193,
"Presales Architect, Product Specialist 5 (CDP, MarTech)",Twilio,Remote - Singapore,https://job-boards.greenhouse.io/twilio/jobs/7462559,
"Presales Architect, Product Specialist 5 (Voice, CX)",Twilio,Remote - Australia; Remote - Singapore,https://job-boards.greenhouse.io/twilio/jobs/7462551,
"Presales Architect - Trust, Identity and Compliance",Twilio,Remote - Ireland,https://job-boards.greenhouse.io/twilio/jobs/7480986,
"Presales Architect - Trust, Identity and Compliance",Twilio,Remote - United Kingdom,https://job-boards.greenhouse.io/twilio/jobs/7386955,
Presales Engineer,Twilio,Remote - United Kingdom,https://job-boards.greenhouse.io/twilio/jobs/7567102,
Presales Engineer,Twilio,Remote - United Kingdom,https://job-boards.greenhouse.io/twilio/jobs/7487187,
Presales Engineer (French Speaker) ,Twilio,Remote - United Kingdom,https://job-boards.greenhouse.io/twilio/jobs/7350846,
Presales Engineer (Hebrew Speaker) ,Twilio,Remote - Ireland,https://job-boards.greenhouse.io/twilio/jobs/7481047,
Presales Engineer (Hebrew Speaker) ,Twilio,Remote - United Kingdom,https://job-boards.greenhouse.io/twilio/jobs/7427771,
"Principal, Leadership Development Manager",Twilio,Remote - Canada,https://job-boards.greenhouse.io/twilio/jobs/7233261,
Principal Presales Engineer,Twilio,Remote - Australia,https://job-boards.greenhouse.io/twilio/jobs/7493830,
Principal Presales Engineer,Twilio,Remote - Japan,https://job-boards.greenhouse.io/twilio/jobs/7452089,
Principal Presales Engineer,Twilio,Remote - Brazil,https://job-boards.greenhouse.io/twilio/jobs/7486353,
"Principal Presales Engineer, Product Specialist",Twilio,Remote - Brazil,https://job-boards.greenhouse.io/twilio/jobs/7477243,
"Regional Health and Safety Coordinator, EMEA",Twilio,Remote - Ireland,https://job-boards.greenhouse.io/twilio/jobs/7578707,
Sales Development Representative,Twilio,Remote - Brazil,https://job-boards.greenhouse.io/twilio/jobs/7486351,
Sales Development Representative,Twilio,Remote - US,https://job-boards.greenhouse.io/twilio/jobs/7481689,
Sales Development Representative (French speaker),Twilio,Remote - Ireland; Remote - United Kingdom,https://job-boards.greenhouse.io/twilio/jobs/7473327,
Sales Development Representative (German speaker),Twilio,Remote - Ireland; Remote - United Kingdom,https://job-boards.greenhouse.io/twilio/jobs/7473329,
"Sales Support Specialist, Japan",Twilio,Remote - Japan,https://job-boards.greenhouse.io/twilio/jobs/7471435,
Senior Account Executive,Twilio,Remote - Singapore,https://job-boards.greenhouse.io/twilio/jobs/7479361,
"Senior Analyst, Security Compliance",Twilio,Remote - Canada,https://job-boards.greenhouse.io/twilio/jobs/7539855,
Senior Application Security Engineer,Twilio,Remote - India,https://job-boards.greenhouse.io/twilio/jobs/7347209,
"Senior Engineer, Security Automation",Twilio,Remote - United Kingdom,https://job-boards.greenhouse.io/twilio/jobs/7247707,
"Senior Engineer, Security Automation",Twilio,Remote - Ireland,https://job-boards.greenhouse.io/twilio/jobs/7206764,
"Senior Financial Analyst, R&D Finance",Twilio,Remote - Canada,https://job-boards.greenhouse.io/twilio/jobs/7466472,
"Senior HRBP Manager, Engineering",Twilio,Remote - Canada,https://job-boards.greenhouse.io/twilio/jobs/7397689,
"Senior HRBP Manager, Engineering",Twilio,Remote - US,https://job-boards.greenhouse.io/twilio/jobs/7459836,
Senior Infrastructure Engineer,Twilio,Remote - US,https://job-boards.greenhouse.io/twilio/jobs/7474040,
"Senior Manager, R&D Finance",Twilio,Remote - Canada; Remote - US,https://job-boards.greenhouse.io/twilio/jobs/7477250,
"Senior Manager, Security Risk",Twilio,"Remote - Alberta, Canada (DNU); Remote - British Columbia, Canada (DNU); Remote - Ontario, Canada (DNU)",https://job-boards.greenhouse.io/twilio/jobs/7545409,
"Senior Manager, Strategic Accounts - Twilio.org",Twilio,Remote - US,https://job-boards.greenhouse.io/twilio/jobs/7536530,
"Senior Manager, Technical Revenue Accounting",Twilio,Remote - US,https://job-boards.greenhouse.io/twilio/jobs/7455311,
"Senior Manager, Technical Revenue Accounting",Twilio,Remote - US,https://job-boards.greenhouse.io/twilio/jobs/7455314,
"Senior Manager, Technical Revenue Accounting",Twilio,Remote - US,https://job-boards.greenhouse.io/twilio/jobs/7455317,
Senior MDM Application Engineer,Twilio,Remote - Colombia,https://job-boards.greenhouse.io/twilio/jobs/7360566,
 Senior New Business Account Executive - Public Sector,Twilio,Remote - US,https://job-boards.greenhouse.io/twilio/jobs/7531455,
"Senior Presales Engineer, Product Specialist",Twilio,Remote - Mexico,https://job-boards.greenhouse.io/twilio/jobs/7538549,
Senior Principal Enterprise Strategist,Twilio,Remote - United Kingdom,https://job-boards.greenhouse.io/twilio/jobs/7542367,
Senior Social Media Manager,Twilio,Remote - US,https://job-boards.greenhouse.io/twilio/jobs/7417158,
"Senior Software Engineer, Platform Observability ",Twilio,Remote - Ireland,https://job-boards.greenhouse.io/twilio/jobs/7232279,
Senior Software Engineer- Video Signalling ,Twilio,Remote - Ireland,https://job-boards.greenhouse.io/twilio/jobs/7394811,
Senior Solutions Engineer 3,Twilio,Remote - Australia; Remote - Japan; Remote - Singapore,https://job-boards.greenhouse.io/twilio/jobs/7511486,
Senior Zuora Billing and Revenue Consultant,Twilio,Remote - US,https://job-boards.greenhouse.io/twilio/jobs/7360560,
"Software Architect, Reliability Engineering",Twilio,Remote - Ireland; Remote - Spain; Remote - United Kingdom,https://job-boards.greenhouse.io/twilio/jobs/7186321,
Software Engineer,Twilio,Remote - Ireland,https://job-boards.greenhouse.io/twilio/jobs/7535345,
Software Engineer,Twilio,Remote - US,https://job-boards.greenhouse.io/twilio/jobs/7070250,
Software Engineer (L2),Twilio,Remote - US,https://job-boards.greenhouse.io/twilio/jobs/7555697,
Software Engineer- L2,Twilio,Remote - US,https://job-boards.greenhouse.io/twilio/jobs/7406218,
Software Engineer (L3),Twilio,Remote - US,https://job-boards.greenhouse.io/twilio/jobs/7472456,
Software Engineer (L3),Twilio,Remote - India,https://job-boards.greenhouse.io/twilio/jobs/7359642,
Software Engineer (L3),Twilio,Remote - US,https://job-boards.greenhouse.io/twilio/jobs/7188174,
Software Engineer (P3),Twilio,"Bengaluru, India",https://job-boards.greenhouse.io/twilio/jobs/7532698,
"Software Engineer, Platform Engineering",Twilio,Remote - US,https://job-boards.greenhouse.io/twilio/jobs/7271427,
"Software Engineer, Platform Engineering",Twilio,Remote - US,https://job-boards.greenhouse.io/twilio/jobs/7274031,
Solution Acceleration Architect,Twilio,Remote - US,https://job-boards.greenhouse.io/twilio/jobs/7228625,
"Specialist, Legal Operations",Twilio,Remote - Canada,https://job-boards.greenhouse.io/twilio/jobs/7523417,
"Sr. Manager, Global Events (Event Strategy & Audience Engagement)",Twilio,Remote - US,https://job-boards.greenhouse.io/twilio/jobs/7465351,
"Sr Manager, Solutions Engineering",Twilio,Remote - Singapore,https://job-boards.greenhouse.io/twilio/jobs/7374339,
Sr Principal Product Management,Twilio,Remote - US,https://job-boards.greenhouse.io/twilio/jobs/7443636,
Staff Accountant,Twilio,Mexico City,https://job-boards.greenhouse.io/twilio/jobs/7480351,
Staff Analytics Engineer,Twilio,Remote - US,https://job-boards.greenhouse.io/twilio/jobs/7551660,
Staff Design Researcher,Twilio,Remote - US,https://job-boards.greenhouse.io/twilio/jobs/7559207,
Staff Machine Learning Engineer (L4),Twilio,Remote - India,https://job-boards.greenhouse.io/twilio/jobs/7520997,
Staff Product Manager,Twilio,"Bengaluru, India",https://job-boards.greenhouse.io/twilio/jobs/7424250,
"Staff, Product Manager - AI/ML Platform - Enterprise AI",Twilio,Remote - US,https://job-boards.greenhouse.io/twilio/jobs/7296104,
Staff Product Manager - Enterprise AI,Twilio,Remote - US,https://job-boards.greenhouse.io/twilio/jobs/7296100,
"Staff, Product Manager (L4)",Twilio,Remote - US,https://job-boards.greenhouse.io/twilio/jobs/7539820,
Staff Software Engineer,Twilio,Remote - US,https://job-boards.greenhouse.io/twilio/jobs/7351031,
Staff Software Engineer (L4),Twilio,"Bengaluru, India",https://job-boards.greenhouse.io/twilio/jobs/7359649,
Staff Software Engineer (L4),Twilio,Remote - India,https://job-boards.greenhouse.io/twilio/jobs/6793989,
"Staff, Software Engineer (L4)",Twilio,Remote - US,https://job-boards.greenhouse.io/twilio/jobs/7477983,
"Staff, Software Engineer (L4)",Twilio,Remote - US,https://job-boards.greenhouse.io/twilio/jobs/7070261,
"Staff, Technical Account Manager (italian speaker)",Twilio,Remote - Spain,https://job-boards.greenhouse.io/twilio/jobs/7383035,
Systems Ops Administrator,Twilio,Remote - Colombia,https://job-boards.greenhouse.io/twilio/jobs/7254399,
Technical Account Manager 3,Twilio,Remote - Colombia,https://job-boards.greenhouse.io/twilio/jobs/7542675,
Technical Support Engineer 2,Twilio,Remote - India,https://job-boards.greenhouse.io/twilio/jobs/7356177,
Technical Support Engineer - Italian Speaking ,Twilio,Remote - Ireland,https://job-boards.greenhouse.io/twilio/jobs/7362421,
Technical Support Expert 2,Twilio,Remote - Colombia,https://job-boards.greenhouse.io/twilio/jobs/7550614,
Technical Video Content Creator,Twilio,Remote - US,https://job-boards.greenhouse.io/twilio/jobs/7520542,
"Technology Partner Alliance Manager, EMEA",Twilio,Remote - United Kingdom,https://job-boards.greenhouse.io/twilio/jobs/7547952,
Web UX Designer 3,Twilio,Remote - Canada,https://job-boards.greenhouse.io/twilio/jobs/7465565,
Account Executive (Aramco),Elastic,Saudi Arabia,https://jobs.elastic.co/jobs?gh_jid=6754725&gh_jid=6754725,
Account Executive New Business Midmarket,Elastic,Germany,https://jobs.elastic.co/jobs?gh_jid=7552545&gh_jid=7552545,
 Account Executive (Telecoms),Elastic,"London, United Kingdom",https://jobs.elastic.co/jobs?gh_jid=7496997&gh_jid=7496997,
AI Research Scientist,Elastic,Spain,https://jobs.elastic.co/jobs?gh_jid=7375635&gh_jid=7375635,
"Associate, Partner Marketing",Elastic,Costa Rica,https://jobs.elastic.co/jobs?gh_jid=7558782&gh_jid=7558782,
Backend Engineer (Node.js) - AppEx,Elastic,Spain,https://jobs.elastic.co/jobs?gh_jid=7344767&gh_jid=7344767,
Consulting Architect - Observability,Elastic,India,https://jobs.elastic.co/jobs?gh_jid=7447246&gh_jid=7447246,
Consulting Architect - Observability,Elastic,"Tokyo, Japan",https://jobs.elastic.co/jobs?gh_jid=7440232&gh_jid=7440232,
"Consulting Architect, Public Sector - France  ",Elastic,France,https://jobs.elastic.co/jobs?gh_jid=7472409&gh_jid=7472409,
"Consulting Architect, Public Sector - Netherlands ",Elastic,The Netherlands,https://jobs.elastic.co/jobs?gh_jid=7472744&gh_jid=7472744,
"Consulting Architect, Public Sector - UK",Elastic,United Kingdom,https://jobs.elastic.co/jobs?gh_jid=7472730&gh_jid=7472730,
Consulting Architect - Search,Elastic,India,https://jobs.elastic.co/jobs?gh_jid=7447236&gh_jid=7447236,
Consulting Architect - Security,Elastic,India,https://jobs.elastic.co/jobs?gh_jid=7447426&gh_jid=7447426,
"Consulting Architect, Security",Elastic,Singapore,https://jobs.elastic.co/jobs?gh_jid=7440230&gh_jid=7440230,
"Consulting Architect, Security, Canberra",Elastic,Australia,https://jobs.elastic.co/jobs?gh_jid=7567087&gh_jid=7567087,
Consulting Engineer - ElasticSearch,Elastic,United States,https://jobs.elastic.co/jobs?gh_jid=7411526&gh_jid=7411526,
Consulting Engineer - Security,Elastic,United States,https://jobs.elastic.co/jobs?gh_jid=7380710&gh_jid=7380710,
"Content Development Manager, Customer Advocacy",Elastic,Canada,https://jobs.elastic.co/jobs?gh_jid=7449966&gh_jid=7449966,
Customer Architect,Elastic,Costa Rica,https://jobs.elastic.co/jobs?gh_jid=7437389&gh_jid=7437389,
Customer Architect - French Speaking,Elastic,"Barcelona, Spain",https://jobs.elastic.co/jobs?gh_jid=7281912&gh_jid=7281912,
Customer Architect - German Speaking ,Elastic,"Barcelona, Spain",https://jobs.elastic.co/jobs?gh_jid=7281887&gh_jid=7281887,
Customer Architect - Self-Service Cloud,Elastic,Spain,https://jobs.elastic.co/jobs?gh_jid=6827412&gh_jid=6827412,
Delivery Manager,Elastic,India,https://jobs.elastic.co/jobs?gh_jid=7391024&gh_jid=7391024,
"Director, International Financial Reporting",Elastic,The Netherlands,https://jobs.elastic.co/jobs?gh_jid=7540884&gh_jid=7540884,
"Elasticsearch - Principal Java Engineer – Core Infrastructure, JVM Internals",Elastic,United Kingdom,https://jobs.elastic.co/jobs?gh_jid=7360675&gh_jid=7360675,
Elasticsearch - Principal Java Engineer II - ML Core,Elastic,United Kingdom,https://jobs.elastic.co/jobs?gh_jid=7440363&gh_jid=7440363,
Elasticsearch - Principal Software Developer I - Distributed Systems,Elastic,Canada,https://jobs.elastic.co/jobs?gh_jid=7366826&gh_jid=7366826,
Elasticsearch - Principal Software Developer II - Distributed Systems,Elastic,Canada,https://jobs.elastic.co/jobs?gh_jid=7366818&gh_jid=7366818,
Elasticsearch - Principal Software Developer II - Storage Engine,Elastic,Canada,https://jobs.elastic.co/jobs?gh_jid=7348825&gh_jid=7348825,
Elasticsearch - Principal Software Engineer I - Distributed Systems,Elastic,United States,https://jobs.elastic.co/jobs?gh_jid=7366822&gh_jid=7366822,
Elasticsearch - Principal Software Engineer I - Distributed Systems,Elastic,United Kingdom,https://jobs.elastic.co/jobs?gh_jid=7367128&gh_jid=7367128,
Elasticsearch - Principal Software Engineer II - Distributed Systems,Elastic,United States,https://jobs.elastic.co/jobs?gh_jid=7360686&gh_jid=7360686,
Elasticsearch - Principal Software Engineer II - Distributed Systems,Elastic,United Kingdom,https://jobs.elastic.co/jobs?gh_jid=7367131&gh_jid=7367131,
"Elasticsearch - Principal Software Engineer II - Query Engine, Database Internals",Elastic,United States,https://jobs.elastic.co/jobs?gh_jid=7010276&gh_jid=7010276,
"Elasticsearch - Principal Software Engineer II - Search Internals, Lucene",Elastic,"London, United Kingdom",https://jobs.elastic.co/jobs?gh_jid=7051986&gh_jid=7051986,
Elasticsearch - Principal Software Engineer II - Storage Engine,Elastic,Spain,https://jobs.elastic.co/jobs?gh_jid=7508491&gh_jid=7508491,
Elasticsearch - Principal Software Engineer II - Storage Engine,Elastic,United States,https://jobs.elastic.co/jobs?gh_jid=7508360&gh_jid=7508360,
Elasticsearch - Search Relevance - Principal Software Engineer I ,Elastic,Spain,https://jobs.elastic.co/jobs?gh_jid=7544081&gh_jid=7544081,
Elasticsearch - Senior Java Developer - Distributed Systems,Elastic,Canada,https://jobs.elastic.co/jobs?gh_jid=7447211&gh_jid=7447211,
Elasticsearch - Senior Java Engineer - Distributed Systems,Elastic,United States,https://jobs.elastic.co/jobs?gh_jid=7447210&gh_jid=7447210,
Elasticsearch - Senior Java Engineer - Distributed Systems,Elastic,United Kingdom,https://jobs.elastic.co/jobs?gh_jid=7447209&gh_jid=7447209,
Elasticsearch - Senior Software Engineer - Search Relevance,Elastic,United States,https://jobs.elastic.co/jobs?gh_jid=7573961&gh_jid=7573961,
Elasticsearch - Vector Search - Principal Software Engineer I,Elastic,United States,https://jobs.elastic.co/jobs?gh_jid=7574131&gh_jid=7574131,
Enterprise Account Executive,Elastic,The Netherlands,https://jobs.elastic.co/jobs?gh_jid=7433794&gh_jid=7433794,
Enterprise Account Executive,Elastic,Saudi Arabia,https://jobs.elastic.co/jobs?gh_jid=7061643&gh_jid=7061643,
Enterprise Account Executive,Elastic,United Kingdom,https://jobs.elastic.co/jobs?gh_jid=7314975&gh_jid=7314975,
Enterprise Account Executive,Elastic,"Tokyo, Japan",https://jobs.elastic.co/jobs?gh_jid=6657030&gh_jid=6657030,
Enterprise Account Executive,Elastic,United Kingdom,https://jobs.elastic.co/jobs?gh_jid=7525634&gh_jid=7525634,
Enterprise Account Executive - Bay Area,Elastic,"San Francisco, CA",https://jobs.elastic.co/jobs?gh_jid=7554566&gh_jid=7554566,
Enterprise Account Executive - Digital Natives,Elastic,"Seoul, South Korea",https://jobs.elastic.co/jobs?gh_jid=7457910&gh_jid=7457910,
"Enterprise Account Executive - Enterprise, Ohio Valley",Elastic,"Ohio, United States",https://jobs.elastic.co/jobs?gh_jid=7378620&gh_jid=7378620,
Enterprise Account Executive High Tech,Elastic,The Netherlands,https://jobs.elastic.co/jobs?gh_jid=7433792&gh_jid=7433792,
Enterprise Account Executive - Pursuit East,Elastic,"Florida, United States",https://jobs.elastic.co/jobs?gh_jid=7360684&gh_jid=7360684,
Enterprise Account Executive - Pursuit East,Elastic,"Tennessee, United States",https://jobs.elastic.co/jobs?gh_jid=7520703&gh_jid=7520703,
GenAI Tech Lead,Elastic,United States,https://jobs.elastic.co/jobs?gh_jid=7437714&gh_jid=7437714,
Global Alliance Director - Google Cloud,Elastic,United States,https://jobs.elastic.co/jobs?gh_jid=7349976&gh_jid=7349976,
Global Strategic Account Executive - Seattle,Elastic,"Washington, United States",https://jobs.elastic.co/jobs?gh_jid=7521190&gh_jid=7521190,
Go Engineer - Intake Services Team,Elastic,Australia,https://jobs.elastic.co/jobs?gh_jid=7517629&gh_jid=7517629,
InfoSec - Senior Response Automation Engineer,Elastic,United States,https://jobs.elastic.co/jobs?gh_jid=7561871&gh_jid=7561871,
Join Elastic's Engineering Global Talent Community,Elastic,"Distributed, EMEA",https://jobs.elastic.co/jobs?gh_jid=6020362&gh_jid=6020362,
"Manager, CISO Communications & Security PR",Elastic,United States,https://jobs.elastic.co/jobs?gh_jid=7255039&gh_jid=7255039,
"Manager, Customer Architecture - France",Elastic,France,https://jobs.elastic.co/jobs?gh_jid=7409273&gh_jid=7409273,
"Manager, Salesforce Revenue Cloud",Elastic,United States,https://jobs.elastic.co/jobs?gh_jid=7550487&gh_jid=7550487,
"Manager, Solutions Architecture",Elastic,"Dubai, United Arab Emirates",https://jobs.elastic.co/jobs?gh_jid=7527025&gh_jid=7527025,
"Manager, Solutions Architecture - EMEA Central ",Elastic,Germany,https://jobs.elastic.co/jobs?gh_jid=7348768&gh_jid=7348768,
"Marketing Manager, Incubation Hub",Elastic,Canada,https://jobs.elastic.co/jobs?gh_jid=7461903&gh_jid=7461903,
Mid Market Account Executive,Elastic,"London, United Kingdom",https://jobs.elastic.co/jobs?gh_jid=7340887&gh_jid=7340887,
Mid Market Account Executive,Elastic,United States,https://jobs.elastic.co/jobs?gh_jid=7378622&gh_jid=7378622,
Mid-Market Account Executive - Rockies,Elastic,United States,https://jobs.elastic.co/jobs?gh_jid=7525030&gh_jid=7525030,
"Mid Market Account Executive, (Whitespace)",Elastic,United Kingdom,https://jobs.elastic.co/jobs?gh_jid=7525643&gh_jid=7525643,
Observability - Senior Product Manager,Elastic,Spain,https://jobs.elastic.co/jobs?gh_jid=7517148&gh_jid=7517148,
Observability - Senior Software Engineer (Go/CI),Elastic,Spain,https://jobs.elastic.co/jobs?gh_jid=7525644&gh_jid=7525644,
Outreach Program Manager,Elastic,United States,https://jobs.elastic.co/jobs?gh_jid=7434788&gh_jid=7434788,
Partner Account Manager (Iberia),Elastic,Spain,https://jobs.elastic.co/jobs?gh_jid=7510838&gh_jid=7510838,
Partner Account Manager - MENA,Elastic,Saudi Arabia,https://jobs.elastic.co/jobs?gh_jid=7564826&gh_jid=7564826,
Partner Manager ,Elastic,Hong Kong,https://jobs.elastic.co/jobs?gh_jid=7343843&gh_jid=7343843,
Partner Marketing Manager,Elastic,United States,https://jobs.elastic.co/jobs?gh_jid=7572137&gh_jid=7572137,
"Partner Marketing Manager, GSI",Elastic,Canada,https://jobs.elastic.co/jobs?gh_jid=7558780&gh_jid=7558780,
Partner Revenue Strategy & Operations Manager,Elastic,United States,https://jobs.elastic.co/jobs?gh_jid=7511441&gh_jid=7511441,
Platform Billing - Engineering Manager,Elastic,United Kingdom,https://jobs.elastic.co/jobs?gh_jid=7445228&gh_jid=7445228,
Platform - Elasticsearch - Senior Director of Product Management,Elastic,Portugal,https://jobs.elastic.co/jobs?gh_jid=7276119&gh_jid=7276119,
Platform - Elasticsearch - Senior Director of Product Management,Elastic,United States,https://jobs.elastic.co/jobs?gh_jid=7276108&gh_jid=7276108,
Platform - Elasticsearch - Senior Director of Product Management,Elastic,Canada,https://jobs.elastic.co/jobs?gh_jid=7257136&gh_jid=7257136,
Platform - Engineering Productivity -  Engineering Manager ,Elastic,Spain,https://jobs.elastic.co/jobs?gh_jid=7129934&gh_jid=7129934,
"Platform Observability - Senior Manager, Software Development",Elastic,Canada,https://jobs.elastic.co/jobs?gh_jid=7550809&gh_jid=7550809,
"Platform Observability - Senior Manager, Software Engineering",Elastic,Spain,https://jobs.elastic.co/jobs?gh_jid=7550814&gh_jid=7550814,
"Platform Observability - Senior Manager, Software Engineering",Elastic,United States,https://jobs.elastic.co/jobs?gh_jid=7477434&gh_jid=7477434,
Platform - Principal Software Engineer (Billing Team),Elastic,Spain,https://jobs.elastic.co/jobs?gh_jid=7386030&gh_jid=7386030,
Platform Resilience - Senior Site Reliability Engineer,Elastic,Spain,https://jobs.elastic.co/jobs?gh_jid=7517615&gh_jid=7517615,
Platform Security - Site Reliability Engineer II,Elastic,Spain,https://jobs.elastic.co/jobs?gh_jid=7434535&gh_jid=7434535,
Platform - Senior Product Manager (Elastic Cloud Platform),Elastic,Greece,https://jobs.elastic.co/jobs?gh_jid=7279498&gh_jid=7279498,
Platform - Senior Product Manager (Elastic Cloud Platform),Elastic,Canada,https://jobs.elastic.co/jobs?gh_jid=7276284&gh_jid=7276284,
Platform - Site Reliability Engineer II (Networking),Elastic,United States,https://jobs.elastic.co/jobs?gh_jid=6950250&gh_jid=6950250,
Platform - Site Reliability Engineer II (Networking),Elastic,Greece,https://jobs.elastic.co/jobs?gh_jid=7480990&gh_jid=7480990,
Principal Backend Engineer (Node.js),Elastic,United States,https://jobs.elastic.co/jobs?gh_jid=7440383&gh_jid=7440383,
"Principal, Platform Specialization",Elastic,United States,https://jobs.elastic.co/jobs?gh_jid=7345236&gh_jid=7345236,
Principal Product Marketing Manager,Elastic,United States,https://jobs.elastic.co/jobs?gh_jid=7160967&gh_jid=7160967,
"Principal, Security Specialization ",Elastic,United States,https://jobs.elastic.co/jobs?gh_jid=7306695&gh_jid=7306695,
"Principal Software Engineer II - Elasticsearch - Query Engine, Database Internals",Elastic,United States,https://jobs.elastic.co/jobs?gh_jid=7282461&gh_jid=7282461,
Principal Solutions Architect,Elastic,"Tokyo, Japan",https://jobs.elastic.co/jobs?gh_jid=7180572&gh_jid=7180572,
Principal Solutions Architect,Elastic,Thailand,https://jobs.elastic.co/jobs?gh_jid=7409151&gh_jid=7409151,
Principal Solutions Architect - Observability,Elastic,United States,https://jobs.elastic.co/jobs?gh_jid=6450040&gh_jid=6450040,
"Principal Solutions Architect, Security ",Elastic,"Mumbai, India",https://jobs.elastic.co/jobs?gh_jid=7546811&gh_jid=7546811,
"Public Relations Manager, Security",Elastic,Canada,https://jobs.elastic.co/jobs?gh_jid=7287821&gh_jid=7287821,
Public Sector Account Executive,Elastic,"Arkansas, United States",https://jobs.elastic.co/jobs?gh_jid=7521194&gh_jid=7521194,
Public Sector Account Executive,Elastic,Italy,https://jobs.elastic.co/jobs?gh_jid=7552701&gh_jid=7552701,
Public Sector Account Executive,Elastic,Poland,https://jobs.elastic.co/jobs?gh_jid=7340996&gh_jid=7340996,
Public Sector Account Executive - FedCiv AE  (USDA),Elastic,"Arlington, VA",https://jobs.elastic.co/jobs?gh_jid=7516012&gh_jid=7516012,
Public Sector Account Executive - Local Government and Education (SoCal),Elastic,"California, United States",https://jobs.elastic.co/jobs?gh_jid=7371818&gh_jid=7371818,
Public Sector Account Executive (MOD),Elastic,Israel,https://jobs.elastic.co/jobs?gh_jid=7526690&gh_jid=7526690,
Public Sector Account Executive (Saudi Arabia),Elastic,Saudi Arabia,https://jobs.elastic.co/jobs?gh_jid=6754729&gh_jid=6754729,
Regional Services Partner - Public Sector,Elastic,United Kingdom,https://jobs.elastic.co/jobs?gh_jid=7409192&gh_jid=7409192,
Regional Vice President - Mid Market,Elastic,"Tokyo, Japan",https://jobs.elastic.co/jobs?gh_jid=7343380&gh_jid=7343380,
Revenue Analyst,Elastic,"Bangalore, India",https://jobs.elastic.co/jobs?gh_jid=7524911&gh_jid=7524911,
Sales Development Representative UK&I ,Elastic,"Barcelona, Spain",https://jobs.elastic.co/jobs?gh_jid=7520563&gh_jid=7520563,
Sales Enablement Specialist (Trainer),Elastic,"Barcelona, Spain",https://jobs.elastic.co/jobs?gh_jid=7386148&gh_jid=7386148,
Search - Developer Tooling - C#/.NET Senior Software Engineer,Elastic,United Kingdom,https://jobs.elastic.co/jobs?gh_jid=7275041&gh_jid=7275041,
Search - Developer Tooling - Senior Engineering Manager,Elastic,United Kingdom,https://jobs.elastic.co/jobs?gh_jid=7574137&gh_jid=7574137,
Search - Distinguished Engineer I ,Elastic,Portugal,https://jobs.elastic.co/jobs?gh_jid=7520116&gh_jid=7520116,
Search - Distinguished Engineer I ,Elastic,United States,https://jobs.elastic.co/jobs?gh_jid=7520115&gh_jid=7520115,
Search - Distinguished Software Developer I,Elastic,Canada,https://jobs.elastic.co/jobs?gh_jid=7520106&gh_jid=7520106,
Security Enterprise Account Executive,Elastic,The Netherlands,https://jobs.elastic.co/jobs?gh_jid=6666023&gh_jid=6666023,
Security Research Engineer II – Threat Research & Detection Engineering,Elastic,Canada,https://jobs.elastic.co/jobs?gh_jid=7445067&gh_jid=7445067,
Senior Account Executive Public Sector,Elastic,Denmark,https://jobs.elastic.co/jobs?gh_jid=7340194&gh_jid=7340194,
Senior Customer Architect,Elastic,Sweden,https://jobs.elastic.co/jobs?gh_jid=7409233&gh_jid=7409233,
Senior Customer Architect - Barcelona,Elastic,"Barcelona, Spain",https://jobs.elastic.co/jobs?gh_jid=7281904&gh_jid=7281904,
Senior Customer Architect - SLED ,Elastic,United States,https://jobs.elastic.co/jobs?gh_jid=7363857&gh_jid=7363857,
Senior Design Manager - Observability,Elastic,Canada,https://jobs.elastic.co/jobs?gh_jid=7565073&gh_jid=7565073,
Senior Design Manager - Observability,Elastic,Spain,https://jobs.elastic.co/jobs?gh_jid=7565084&gh_jid=7565084,
Senior Design Manager - Observability,Elastic,United States,https://jobs.elastic.co/jobs?gh_jid=7517673&gh_jid=7517673,
Senior Developer Advocate,Elastic,The Netherlands,https://jobs.elastic.co/jobs?gh_jid=7445210&gh_jid=7445210,
"Senior Director of Marketing, Web & Product Led Growth (PLG)",Elastic,Canada,https://jobs.elastic.co/jobs?gh_jid=7541924&gh_jid=7541924,
"Senior Director of Marketing, Web & Product Led Growth (PLG)",Elastic,United States,https://jobs.elastic.co/jobs?gh_jid=7540460&gh_jid=7540460,
Senior Incident Response Analyst,Elastic,United States,https://jobs.elastic.co/jobs?gh_jid=7517696&gh_jid=7517696,
"Senior Manager, Inside Sales",Elastic,"Arlington, VA",https://jobs.elastic.co/jobs?gh_jid=7421711&gh_jid=7421711,
Senior Manager - Regional Marketing EMEA Central,Elastic,Germany,https://jobs.elastic.co/jobs?gh_jid=7519316&gh_jid=7519316,
"Senior Operations Analyst, Professional Services ",Elastic,"Bangalore, India",https://jobs.elastic.co/jobs?gh_jid=7472688&gh_jid=7472688,
Senior Partner Sales Manager,Elastic,"Bangalore, India",https://jobs.elastic.co/jobs?gh_jid=7290653&gh_jid=7290653,
 Senior Product Manager - Elastic Cloud Platform team,Elastic,Greece,https://jobs.elastic.co/jobs?gh_jid=7306009&gh_jid=7306009,
 Senior Product Manager (Elastic Cloud Platform team),Elastic,Canada,https://jobs.elastic.co/jobs?gh_jid=7306012&gh_jid=7306012,
Senior Regional Sales Manager - Central/East,Elastic,United States,https://jobs.elastic.co/jobs?gh_jid=7567138&gh_jid=7567138,
Senior Regional Services Partner,Elastic,Singapore,https://jobs.elastic.co/jobs?gh_jid=7486764&gh_jid=7486764,
Senior Regional Services Partner - Mumbai,Elastic,"Mumbai, India",https://jobs.elastic.co/jobs?gh_jid=7302980&gh_jid=7302980,
Senior Sales Development Representative,Elastic,"Tokyo, Japan",https://jobs.elastic.co/jobs?gh_jid=7176525&gh_jid=7176525,
Senior Security Research Engineer,Elastic,United States,https://jobs.elastic.co/jobs?gh_jid=7017076&gh_jid=7017076,
Senior Software Engineer - Contextual Security Applications,Elastic,Israel,https://jobs.elastic.co/jobs?gh_jid=7471917&gh_jid=7471917,
Senior Solutions Architect,Elastic,Israel,https://jobs.elastic.co/jobs?gh_jid=7349982&gh_jid=7349982,
Senior Solutions Architect,Elastic,United Kingdom,https://jobs.elastic.co/jobs?gh_jid=7348772&gh_jid=7348772,
Senior Solutions Architect - Enterprise Expand East,Elastic,"Florida, United States",https://jobs.elastic.co/jobs?gh_jid=7554568&gh_jid=7554568,
Senior Solutions Architect - Enterprise Expand East,Elastic,"North Carolina, United States",https://jobs.elastic.co/jobs?gh_jid=7560861&gh_jid=7560861,
Senior Solutions Architect - Enterprise West,Elastic,"Texas, United States",https://jobs.elastic.co/jobs?gh_jid=7360383&gh_jid=7360383,
Senior Solutions Architect - Federal Civilian - DC,Elastic,"Arlington, VA",https://jobs.elastic.co/jobs?gh_jid=7575188&gh_jid=7575188,
Senior Solutions Architect - Federal Civilian - DC,Elastic,"Washington, DC, United States",https://jobs.elastic.co/jobs?gh_jid=7574812&gh_jid=7574812,
Senior Solutions Architect - Mid Market/General Business (Central),Elastic,"Texas, United States",https://jobs.elastic.co/jobs?gh_jid=7387514&gh_jid=7387514,
Senior Solutions Architect - Mid Market/General Business (West),Elastic,"California, United States",https://jobs.elastic.co/jobs?gh_jid=7378660&gh_jid=7378660,
Senior Solutions Architect - NYC Metro,Elastic,"Connecticut, United States",https://jobs.elastic.co/jobs?gh_jid=7237037&gh_jid=7237037,
Senior Solutions Architect - NYC Metro,Elastic,"New Jersey, United States",https://jobs.elastic.co/jobs?gh_jid=7172948&gh_jid=7172948,
Senior Solutions Architect - NYC Metro,Elastic,"New York City, NY",https://jobs.elastic.co/jobs?gh_jid=7172345&gh_jid=7172345,
Senior Solutions Architect - Public Sector,Elastic,Germany,https://jobs.elastic.co/jobs?gh_jid=6835506&gh_jid=6835506,
"Senior Solutions Architect, Security ",Elastic,United States,https://jobs.elastic.co/jobs?gh_jid=7539865&gh_jid=7539865,
Senior Solutions Architect - SLED - Sacramento,Elastic,"California, United States",https://jobs.elastic.co/jobs?gh_jid=7315109&gh_jid=7315109,
"Senior Specialist, EMEA Comms",Elastic,United Kingdom,https://jobs.elastic.co/jobs?gh_jid=7554451&gh_jid=7554451,
Senior Support Engineer,Elastic,United States,https://jobs.elastic.co/jobs?gh_jid=7491161&gh_jid=7491161,
Senior Technical Content Editor - Developer Programs,Elastic,United Kingdom,https://jobs.elastic.co/jobs?gh_jid=7440385&gh_jid=7440385,
Senior Treasury Analyst,Elastic,Costa Rica,https://jobs.elastic.co/jobs?gh_jid=7569194&gh_jid=7569194,
Services Account Executive (Strategic Accounts),Elastic,United States,https://jobs.elastic.co/jobs?gh_jid=7404334&gh_jid=7404334,
"SLED AE - Southwest US (AZ, NV, NM)",Elastic,"Arizona, United States",https://jobs.elastic.co/jobs?gh_jid=7564320&gh_jid=7564320,
SLED AE - State of California,Elastic,"California, United States",https://jobs.elastic.co/jobs?gh_jid=7540062&gh_jid=7540062,
Social Media & Content Manager,Elastic,United States,https://jobs.elastic.co/jobs?gh_jid=7560512&gh_jid=7560512,
Software Engineer II - Security Integrations (Prompt Engineering),Elastic,Canada,https://jobs.elastic.co/jobs?gh_jid=7557986&gh_jid=7557986,
Solution Architect,Elastic,"Barcelona, Spain",https://jobs.elastic.co/jobs?gh_jid=7348770&gh_jid=7348770,
Solutions Architect - General Business,Elastic,United States,https://jobs.elastic.co/jobs?gh_jid=7484733&gh_jid=7484733,
Specialist Account Executive Security,Elastic,Germany,https://jobs.elastic.co/jobs?gh_jid=7342791&gh_jid=7342791,
"Specialist, Partner Marketing",Elastic,Canada,https://jobs.elastic.co/jobs?gh_jid=7558778&gh_jid=7558778,
Sr. Business Analyst - Finance Transformation,Elastic,"Bangalore, India",https://jobs.elastic.co/jobs?gh_jid=7527334&gh_jid=7527334,
"Sr. Director, Technical Accounting and Business Enablement",Elastic,United States,https://jobs.elastic.co/jobs?gh_jid=7524945&gh_jid=7524945,
"Sr. Manager, Global Partner and AI Ecosystem Communications",Elastic,United States,https://jobs.elastic.co/jobs?gh_jid=7378571&gh_jid=7378571,
"Sr. Manager, Marketing Strategy and Planning",Elastic,United States,https://jobs.elastic.co/jobs?gh_jid=7554355&gh_jid=7554355,
Support Engineer,Elastic,Costa Rica,https://jobs.elastic.co/jobs?gh_jid=7493072&gh_jid=7493072,
Support Engineer,Elastic,Mexico,https://jobs.elastic.co/jobs?gh_jid=7466241&gh_jid=7466241,
Support Engineer ,Elastic,"Bangalore, India",https://jobs.elastic.co/jobs?gh_jid=7536776&gh_jid=7536776,
Support Engineer ,Elastic,Romania,https://jobs.elastic.co/jobs?gh_jid=7546232&gh_jid=7546232,
Support Engineer (German speaking),Elastic,"Barcelona, Spain",https://jobs.elastic.co/jobs?gh_jid=7550821&gh_jid=7550821,
Systems Senior Software Developer (Go or C++) - Observability,Elastic,Spain,https://jobs.elastic.co/jobs?gh_jid=7349637&gh_jid=7349637,
Systems Senior Software Developer (Go or C++) - Observability,Elastic,Canada,https://jobs.elastic.co/jobs?gh_jid=7318070&gh_jid=7318070,
Tax Manager,Elastic,United States,https://jobs.elastic.co/jobs?gh_jid=7230896&gh_jid=7230896,
"Technical Program Manager, Global Services",Elastic,United States,https://jobs.elastic.co/jobs?gh_jid=7461913&gh_jid=7461913,
Territory Account Executive,Elastic,United States,https://jobs.elastic.co/jobs?gh_jid=7538490&gh_jid=7538490,
Treasury Manager,Elastic,Costa Rica,https://jobs.elastic.co/jobs?gh_jid=7569185&gh_jid=7569185,
Web Program Manager,Elastic,Costa Rica,https://jobs.elastic.co/jobs?gh_jid=7527280&gh_jid=7527280,
"Android Software Engineer, Mobile Experience",Dropbox,Remote - Canada: Select locations,https://jobs.dropbox.com/listing/7469391?gh_jid=7469391,
"Android Software Engineer, Mobile Experience",Dropbox,Remote - US: Select locations,https://jobs.dropbox.com/listing/7469388?gh_jid=7469388,
Associate Product Counsel,Dropbox,Remote - US: Select locations,https://jobs.dropbox.com/listing/7477204?gh_jid=7477204,
Associate Product Counsel,Dropbox,Remote - Canada: Select locations,https://jobs.dropbox.com/listing/7477205?gh_jid=7477205,
Backend Product Software Engineer,Dropbox,Remote - Canada: Select locations,https://jobs.dropbox.com/listing/6333195?gh_jid=6333195,
Backend Product Software Engineer,Dropbox,Remote - US: Select locations,https://jobs.dropbox.com/listing/6333197?gh_jid=6333197,
Channel Programs and Incentives Manager,Dropbox,Remote - Canada: Select locations,https://jobs.dropbox.com/listing/7438471?gh_jid=7438471,
Channel Programs and Incentives Manager,Dropbox,Remote - US: Select locations,https://jobs.dropbox.com/listing/7438470?gh_jid=7438470,
Commercial Counsel,Dropbox,Remote - US: Select locations,https://jobs.dropbox.com/listing/7505497?gh_jid=7505497,
Commercial Counsel,Dropbox,Remote - Canada: Select locations,https://jobs.dropbox.com/listing/7505498?gh_jid=7505498,
CX Software Engineer,Dropbox,Remote - Canada: Select locations,https://jobs.dropbox.com/listing/7181370?gh_jid=7181370,
"CX Software Engineer, GTM Platforms",Dropbox,Remote - US: Select locations,https://jobs.dropbox.com/listing/7181369?gh_jid=7181369,
CX Technical Content Design Intern (Summer 2026),Dropbox,Remote - Canada: Select locations,https://jobs.dropbox.com/listing/7558516?gh_jid=7558516,
CX Technical Content Design Intern (Summer 2026),Dropbox,Remote - US: All locations,https://jobs.dropbox.com/listing/7558512?gh_jid=7558512,
Data Science Engineer Intern (Summer 2026),Dropbox,Remote - US: All locations,https://jobs.dropbox.com/listing/7527941?gh_jid=7527941,
Data Science Intern (Summer 2026),Dropbox,Remote - US: All locations,https://jobs.dropbox.com/listing/7527921?gh_jid=7527921,
Data Scientist,Dropbox,Remote - US: Select locations,https://jobs.dropbox.com/listing/7543836?gh_jid=7543836,
Data Scientist,Dropbox,Remote - US: Select locations,https://jobs.dropbox.com/listing/7486226?gh_jid=7486226,
Data Scientist,Dropbox,Remote - Canada: Select locations,https://jobs.dropbox.com/listing/7486229?gh_jid=7486229,
Data Scientist,Dropbox,Remote - Canada: Select locations,https://jobs.dropbox.com/listing/7543839?gh_jid=7543839,
"Director, Finance Systems",Dropbox,Remote - US: Select locations,https://jobs.dropbox.com/listing/7492874?gh_jid=7492874,
"Director, Internal Communication and Culture",Dropbox,Remote - US: Select locations,https://jobs.dropbox.com/listing/7539068?gh_jid=7539068,
Finance Transformation Intern (Summer 2026),Dropbox,Remote - US: All locations,https://jobs.dropbox.com/listing/7510447?gh_jid=7510447,
Frontend Product Software Engineer,Dropbox,Remote - Poland,https://jobs.dropbox.com/listing/6333185?gh_jid=6333185,
Full Stack Product Software Engineer,Dropbox,Remote - Poland,https://jobs.dropbox.com/listing/6449729?gh_jid=6449729,
"Fullstack Product Software Engineer, DocSend",Dropbox,Remote - Canada: Select locations,https://jobs.dropbox.com/listing/7344971?gh_jid=7344971,
"Fullstack Product Software Engineer, DocSend",Dropbox,Remote - US: Select locations,https://jobs.dropbox.com/listing/7344968?gh_jid=7344968,
"Fullstack Product Software Engineer, Growth Monetization",Dropbox,Remote - Canada: Select locations,https://jobs.dropbox.com/listing/7344955?gh_jid=7344955,
"Fullstack Product Software Engineer, Growth Monetization",Dropbox,Remote - US: Select locations,https://jobs.dropbox.com/listing/7344952?gh_jid=7344952,
"Full-Stack Product Software Engineer, Search Platform",Dropbox,Remote - US: Select locations,https://jobs.dropbox.com/listing/7491860?gh_jid=7491860,
"Full-Stack Product Software Engineer, Search Platform",Dropbox,Remote - Canada: Select locations,https://jobs.dropbox.com/listing/7491863?gh_jid=7491863,
Global Collections Analyst Intern (Summer 2026),Dropbox,Remote - Ireland,https://jobs.dropbox.com/listing/7510425?gh_jid=7510425,
Head of Sales - APJ,Dropbox,Remote - Japan,https://jobs.dropbox.com/listing/7447253?gh_jid=7447253,
Indirect Tax - Senior Tax Analyst,Dropbox,Remote - US: Select locations,https://jobs.dropbox.com/listing/7535644?gh_jid=7535644,
"Industry Solutions Lead, Media & Creatives",Dropbox,Remote - United Kingdom,https://jobs.dropbox.com/listing/7065456?gh_jid=7065456,
"Industry Solutions Lead, Media & Creatives",Dropbox,Remote - Canada: Select locations,https://jobs.dropbox.com/listing/7065459?gh_jid=7065459,
"Industry Solutions Lead, Media & Creatives",Dropbox,Remote - US: Select locations,https://jobs.dropbox.com/listing/7065458?gh_jid=7065458,
Infrastructure Software Engineer,Dropbox,Remote - Canada: Select locations,https://jobs.dropbox.com/listing/6330388?gh_jid=6330388,
Infrastructure Software Engineer,Dropbox,Remote - US: Select locations,https://jobs.dropbox.com/listing/6330390?gh_jid=6330390,
"Infrastructure Software Engineer, API Platform",Dropbox,Remote - Mexico,https://jobs.dropbox.com/listing/7387420?gh_jid=7387420,
"Infrastructure Software Engineer, Data Observability",Dropbox,Remote - Poland,https://jobs.dropbox.com/listing/7341950?gh_jid=7341950,
"Infrastructure Software Engineer, Identity & Auth Platform",Dropbox,Remote - Mexico,https://jobs.dropbox.com/listing/7409359?gh_jid=7409359,
"iOS Software Engineer, Mobile Infrastructure",Dropbox,Remote - Canada: Select locations,https://jobs.dropbox.com/listing/7053880?gh_jid=7053880,
"iOS Software Engineer, Mobile Infrastructure",Dropbox,Remote - US: All locations,https://jobs.dropbox.com/listing/7053876?gh_jid=7053876,
"iOS Software Engineer, Mobile Infrastructure",Dropbox,Remote - Mexico,https://jobs.dropbox.com/listing/7182020?gh_jid=7182020,
Legal Operations Manager,Dropbox,Remote - US: Select locations,https://jobs.dropbox.com/listing/7344144?gh_jid=7344144,
"Machine Learning Engineer, Dash",Dropbox,Remote - Germany,https://jobs.dropbox.com/listing/7384405?gh_jid=7384405,
"Machine Learning Engineer, Dash",Dropbox,Remote - Denmark,https://jobs.dropbox.com/listing/7384408?gh_jid=7384408,
"Manager, Technical Solutions, EMEA",Dropbox,Remote - United Kingdom,https://jobs.dropbox.com/listing/7538209?gh_jid=7538209,
"Manager, Technical Solutions, EMEA",Dropbox,Remote - Denmark,https://jobs.dropbox.com/listing/7538190?gh_jid=7538190,
"Manager, Technical Solutions, EMEA",Dropbox,Remote - Germany,https://jobs.dropbox.com/listing/7532924?gh_jid=7532924,
"Manager, Technical Solutions, EMEA",Dropbox,Remote - Ireland,https://jobs.dropbox.com/listing/7532920?gh_jid=7532920,
"Manager, Technical Solutions, EMEA",Dropbox,Remote - Netherlands,https://jobs.dropbox.com/listing/7524716?gh_jid=7524716,
Network Engineer,Dropbox,Remote - Mexico,https://jobs.dropbox.com/listing/7539803?gh_jid=7539803,
"People Team Data Analyst, Talent Acquisition",Dropbox,Remote - Canada: Select locations,https://jobs.dropbox.com/listing/7536374?gh_jid=7536374,
"People Team Data Analyst, Talent Acquisition",Dropbox,Remote - US: Select locations,https://jobs.dropbox.com/listing/7536371?gh_jid=7536371,
PhD Machine Learning Intern (Summer 2026),Dropbox,Remote - US: All locations,https://jobs.dropbox.com/listing/7368677?gh_jid=7368677,
PhD Systems & AI/ML Research Intern (Summer 2026),Dropbox,Remote - US: All locations,https://jobs.dropbox.com/listing/7462813?gh_jid=7462813,
"Principal Product Manager - AI Security, Data Access Governance and DLP",Dropbox,Remote - US: All locations,https://jobs.dropbox.com/listing/7183783?gh_jid=7183783,
"Principal Product Manager - AI Security, Data Access Governance and DLP",Dropbox,Remote - Canada: Select locations,https://jobs.dropbox.com/listing/7183788?gh_jid=7183788,
"Principal Product Manager, Dash Start Page",Dropbox,Remote - Canada: Select locations,https://jobs.dropbox.com/listing/7142069?gh_jid=7142069,
"Principal Product Manager, Dash Start Page",Dropbox,Remote - US: All locations,https://jobs.dropbox.com/listing/7142064?gh_jid=7142064,
"Principal Product Manager, Media Collaboration",Dropbox,Remote - US: All locations,https://jobs.dropbox.com/listing/7384630?gh_jid=7384630,
"Principal Product Manager, Media Collaboration",Dropbox,Remote - Canada: Select locations,https://jobs.dropbox.com/listing/7384633?gh_jid=7384633,
"Principal Software Engineer, Core Sharing & Collaboration",Dropbox,Remote - Canada: Select locations,https://jobs.dropbox.com/listing/7344930?gh_jid=7344930,
"Principal Software Engineer, Core Sharing & Collaboration",Dropbox,Remote - US: Select locations,https://jobs.dropbox.com/listing/7344927?gh_jid=7344927,
"Product Manager, Dropbox Dash",Dropbox,Remote - Germany,https://jobs.dropbox.com/listing/7487824?gh_jid=7487824,
"Product Manager, Dropbox Dash",Dropbox,Remote - Poland,https://jobs.dropbox.com/listing/7172148?gh_jid=7172148,
"Product Manager, Dropbox Dash",Dropbox,Remote - Denmark,https://jobs.dropbox.com/listing/7487588?gh_jid=7487588,
Product Support Representative,Dropbox,Remote - US: Select locations,https://jobs.dropbox.com/listing/7488554?gh_jid=7488554,
Program Manager,Dropbox,Remote - Canada: Select locations,https://jobs.dropbox.com/listing/7421212?gh_jid=7421212,
Program Manager,Dropbox,Remote - US: Select locations,https://jobs.dropbox.com/listing/7421208?gh_jid=7421208,
"Program Manager, Emerging Talent",Dropbox,Remote - US: Select locations,https://jobs.dropbox.com/listing/7473481?gh_jid=7473481,
"Program Manager,  Learning & Development",Dropbox,Remote - US: Select locations,https://jobs.dropbox.com/listing/7098490?gh_jid=7098490,
"Program Manager,  Learning & Development",Dropbox,Remote - Canada: Select locations,https://jobs.dropbox.com/listing/7098491?gh_jid=7098491,
Research and Insights Intern (Summer 2026),Dropbox,Remote - US: All locations,https://jobs.dropbox.com/listing/7558568?gh_jid=7558568,
Research and Insights Intern (Summer 2026),Dropbox,Remote - Canada: Select locations,https://jobs.dropbox.com/listing/7558572?gh_jid=7558572,
"Security Engineer, Identity & Access Management",Dropbox,Remote - Poland,https://jobs.dropbox.com/listing/7508176?gh_jid=7508176,
"Security Engineer, Identity & Access Management",Dropbox,Remote - Mexico,https://jobs.dropbox.com/listing/7508179?gh_jid=7508179,
Senior Backend Product Software Engineer,Dropbox,Remote - Canada: Select locations,https://jobs.dropbox.com/listing/6330339?gh_jid=6330339,
Senior Backend Product Software Engineer,Dropbox,Remote - US: Select locations,https://jobs.dropbox.com/listing/6330345?gh_jid=6330345,
"Senior Brand Writer, Writing Studio",Dropbox,Remote - US: Select locations,https://jobs.dropbox.com/listing/7408902?gh_jid=7408902,
"Senior Brand Writer, Writing Studio",Dropbox,Remote - Canada: Select locations,https://jobs.dropbox.com/listing/7408905?gh_jid=7408905,
Senior Business Development Manager - Strategic Partnerships,Dropbox,Remote - US: Select locations,https://jobs.dropbox.com/listing/7452964?gh_jid=7452964,
Senior Business Development Manager - Strategic Partnerships,Dropbox,Remote - Canada: Select locations,https://jobs.dropbox.com/listing/7452965?gh_jid=7452965,
Senior Business Intelligence Engineer,Dropbox,Remote - US: Select locations,https://jobs.dropbox.com/listing/7362682?gh_jid=7362682,
Senior Business Intelligence Engineer,Dropbox,Remote - Canada: Select locations,https://jobs.dropbox.com/listing/7362683?gh_jid=7362683,
Senior Data Scientist,Dropbox,Remote - US: Select locations,https://jobs.dropbox.com/listing/7543844?gh_jid=7543844,
Senior Data Scientist,Dropbox,Remote - Canada: Select locations,https://jobs.dropbox.com/listing/7543847?gh_jid=7543847,
Senior Data Scientist,Dropbox,Remote - Canada: Select locations,https://jobs.dropbox.com/listing/7294189?gh_jid=7294189,
Senior Data Scientist,Dropbox,Remote - US: Select locations,https://jobs.dropbox.com/listing/7294188?gh_jid=7294188,
"Senior Director of Product Marketing, Dropbox Core",Dropbox,Remote - US: All locations,https://jobs.dropbox.com/listing/7127856?gh_jid=7127856,
Senior Employee Relations Business Partner,Dropbox,Remote - US: Select locations,https://jobs.dropbox.com/listing/7440942?gh_jid=7440942,
"Senior Engineering Manager, Core AI Platform",Dropbox,Remote - US: All locations,https://jobs.dropbox.com/listing/7344918?gh_jid=7344918,
"Senior Engineering Manager, Core AI Platform",Dropbox,Remote - Canada: Select locations,https://jobs.dropbox.com/listing/7344922?gh_jid=7344922,
Senior Full Stack Product Software Engineer,Dropbox,Remote - Canada: Select locations,https://jobs.dropbox.com/listing/7536345?gh_jid=7536345,
Senior Full Stack Product Software Engineer,Dropbox,Remote - US: Select locations,https://jobs.dropbox.com/listing/7536346?gh_jid=7536346,
"Senior Fullstack Product Software Engineer, Corporate IT",Dropbox,Remote - Canada: Select locations,https://jobs.dropbox.com/listing/7244917?gh_jid=7244917,
"Senior Fullstack Product Software Engineer, Corporate IT",Dropbox,Remote - US: Select locations,https://jobs.dropbox.com/listing/7244914?gh_jid=7244914,
"Senior Fullstack Product Software Engineer, DocSend",Dropbox,Remote - US: Select locations,https://jobs.dropbox.com/listing/7469396?gh_jid=7469396,
"Senior Fullstack Product Software Engineer, DocSend",Dropbox,Remote - Canada: Select locations,https://jobs.dropbox.com/listing/7469399?gh_jid=7469399,
"Senior Infrastructure Software Engineer, Cloud Foundation",Dropbox,Remote - Poland,https://jobs.dropbox.com/listing/7163799?gh_jid=7163799,
"Senior Infrastructure Software Engineer, Dash",Dropbox,Remote - US: All locations,https://jobs.dropbox.com/listing/7438695?gh_jid=7438695,
"Senior Infrastructure Software Engineer, Storage",Dropbox,Remote - Canada: Select locations,https://jobs.dropbox.com/listing/7336428?gh_jid=7336428,
"Senior Infrastructure Software Engineer, Storage",Dropbox,Remote - US: Select locations,https://jobs.dropbox.com/listing/7336425?gh_jid=7336425,
"Senior iOS Software Engineer, Design Systems",Dropbox,Remote - Canada: Select locations,https://jobs.dropbox.com/listing/7274113?gh_jid=7274113,
"Senior iOS Software Engineer, Design Systems",Dropbox,Remote - US: Select locations,https://jobs.dropbox.com/listing/7274110?gh_jid=7274110,
"Senior Manager, Product Design",Dropbox,Remote - US: All locations,https://jobs.dropbox.com/listing/6874591?gh_jid=6874591,
"Senior Manager, Product Design ",Dropbox,Remote - Canada: Select locations,https://jobs.dropbox.com/listing/6874596?gh_jid=6874596,
"Senior Network Engineer, Corporate IT",Dropbox,Remote - US: Select locations,https://jobs.dropbox.com/listing/7409610?gh_jid=7409610,
"Senior Network Engineer, Corporate IT",Dropbox,Remote - Canada: Select locations,https://jobs.dropbox.com/listing/7409613?gh_jid=7409613,
Senior Product Designer,Dropbox,Remote - Ireland,https://jobs.dropbox.com/listing/7483420?gh_jid=7483420,
Senior Product Designer,Dropbox,Remote - Denmark,https://jobs.dropbox.com/listing/7483429?gh_jid=7483429,
"Senior Product Designer, Mobile Design Systems",Dropbox,Remote - US: Select locations,https://jobs.dropbox.com/listing/7274137?gh_jid=7274137,
"Senior Product Designer, Mobile Design Systems",Dropbox,Remote - Canada: Select locations,https://jobs.dropbox.com/listing/7274140?gh_jid=7274140,
"Senior Product Marketing Manager, Growth",Dropbox,Remote - US: All locations,https://jobs.dropbox.com/listing/7356971?gh_jid=7356971,
"Senior Product Marketing Manager,  Growth",Dropbox,Remote - Canada: Select locations,https://jobs.dropbox.com/listing/7356975?gh_jid=7356975,
"Senior Salesforce Developer, Managed Storefront",Dropbox,Remote - US: Select locations,https://jobs.dropbox.com/listing/7341926?gh_jid=7341926,
"Senior Salesforce Developer, Managed Storefront",Dropbox,Remote - Canada: Select locations,https://jobs.dropbox.com/listing/7341927?gh_jid=7341927,
Senior Strategy & Operations Program Manager,Dropbox,Remote - Canada: Select locations,https://jobs.dropbox.com/listing/7415596?gh_jid=7415596,
Senior Strategy & Operations Program Manager,Dropbox,Remote - US: Select locations,https://jobs.dropbox.com/listing/7415595?gh_jid=7415595,
"Senior Technical Program Manager, Dash",Dropbox,Remote - Canada: Select locations,https://jobs.dropbox.com/listing/7438692?gh_jid=7438692,
"Senior Technical Program Manager, Dash",Dropbox,Remote - US: Select locations,https://jobs.dropbox.com/listing/7438689?gh_jid=7438689,
ServiceNow Engineer,Dropbox,Remote - Poland,https://jobs.dropbox.com/listing/7525099?gh_jid=7525099,
ServiceNow Engineer,Dropbox,Remote - Mexico,https://jobs.dropbox.com/listing/7529808?gh_jid=7529808,
Site Reliability Engineer,Dropbox,Remote - Mexico,https://jobs.dropbox.com/listing/7539817?gh_jid=7539817,
Software Engineer Intern (Summer 2026),Dropbox,Remote - Poland,https://jobs.dropbox.com/listing/7362887?gh_jid=7362887,
Solutions Consultant Intern (Summer 2026),Dropbox,Remote - Ireland,https://jobs.dropbox.com/listing/7460106?gh_jid=7460106,
"Sr Director, Product Management - Multi Product Ecosystem",Dropbox,Remote - Canada: Select locations,https://jobs.dropbox.com/listing/7446055?gh_jid=7446055,
"Sr. Director, Product Management - Multi Product Ecosystem",Dropbox,Remote - US: All locations,https://jobs.dropbox.com/listing/7446052?gh_jid=7446052,
Sr. Sales Compensation Analyst,Dropbox,Remote - Canada: Select locations,https://jobs.dropbox.com/listing/7524793?gh_jid=7524793,
Sr. Sales Compensation Analyst,Dropbox,Remote - US: Select locations,https://jobs.dropbox.com/listing/7524792?gh_jid=7524792,
"Staff Backend Product Software Engineer, Core",Dropbox,Remote - US: All locations,https://jobs.dropbox.com/listing/7466493?gh_jid=7466493,
"Staff Backend Product Software Engineer, Core",Dropbox,Remote - Canada: Select locations,https://jobs.dropbox.com/listing/7466497?gh_jid=7466497,
"Staff Backend Product Software Engineer, Core Intelligence & Media",Dropbox,Remote - US: Select locations,https://jobs.dropbox.com/listing/6936183?gh_jid=6936183,
"Staff Backend Product Software Engineer, Core Intelligence & Media",Dropbox,Remote - Canada: Select locations,https://jobs.dropbox.com/listing/6936186?gh_jid=6936186,
"Staff Backend Product Software Engineer, Desktop Sync",Dropbox,Remote - Canada: Select locations,https://jobs.dropbox.com/listing/7260582?gh_jid=7260582,
Staff Data Scientist,Dropbox,Remote - US: Select locations,https://jobs.dropbox.com/listing/7309667?gh_jid=7309667,
Staff Data Scientist,Dropbox,Remote - Canada: Select locations,https://jobs.dropbox.com/listing/7309670?gh_jid=7309670,
"Staff Data  Scientist, AI Products",Dropbox,Remote - US: All locations,https://jobs.dropbox.com/listing/7169446?gh_jid=7169446,
"Staff Data Scientist, AI Products",Dropbox,Remote - Canada: Select locations,https://jobs.dropbox.com/listing/7169449?gh_jid=7169449,
"Staff Data Scientist, AI Products- Growth",Dropbox,Remote - Canada: Select locations,https://jobs.dropbox.com/listing/7512377?gh_jid=7512377,
"Staff Data Scientist, AI Products- Growth",Dropbox,Remote - US: Select locations,https://jobs.dropbox.com/listing/7512374?gh_jid=7512374,
"Staff Full Stack Software Engineer, Churn",Dropbox,Remote - Poland,https://jobs.dropbox.com/listing/7421131?gh_jid=7421131,
"Staff Fullstack Software Engineer, Growth Monetization",Dropbox,Remote - Canada: Select locations,https://jobs.dropbox.com/listing/7421153?gh_jid=7421153,
"Staff Fullstack Software Engineer, Growth Monetization",Dropbox,Remote - US: Select locations,https://jobs.dropbox.com/listing/7421150?gh_jid=7421150,
"Staff Fullstack Software Engineer, Smart Storage Management",Dropbox,Remote - Poland,https://jobs.dropbox.com/listing/7421160?gh_jid=7421160,
"Staff Product Backend Software Engineer, Desktop Sync",Dropbox,Remote - US: All locations,https://jobs.dropbox.com/listing/7260578?gh_jid=7260578,
"Staff Product Designer, New Initiatives",Dropbox,Remote - US: All locations,https://jobs.dropbox.com/listing/7416008?gh_jid=7416008,
"Staff Product Designer, New Initiatives",Dropbox,Remote - Canada: Select locations,https://jobs.dropbox.com/listing/7416012?gh_jid=7416012,
"Staff Product Manager, Core Sync",Dropbox,Remote - US: Select locations,https://jobs.dropbox.com/listing/7384624?gh_jid=7384624,
"Staff Product Manager, Core Sync",Dropbox,Remote - Canada: Select locations,https://jobs.dropbox.com/listing/7384627?gh_jid=7384627,
"Staff Product Manager, DocSend",Dropbox,Remote - US: Select locations,https://jobs.dropbox.com/listing/7466604?gh_jid=7466604,
"Staff Product Manager, DocSend",Dropbox,Remote - Canada: Select locations,https://jobs.dropbox.com/listing/7466607?gh_jid=7466607,
"Staff Product Manager, Security",Dropbox,Remote - Canada: Select locations,https://jobs.dropbox.com/listing/7484489?gh_jid=7484489,
"Staff Product Manager, Security",Dropbox,Remote - US: All locations,https://jobs.dropbox.com/listing/7484484?gh_jid=7484484,
"Staff Product Manager, Sharing and Virality",Dropbox,Remote - US: All locations,https://jobs.dropbox.com/listing/7469402?gh_jid=7469402,
"Staff Product Manager, Sharing & Virality",Dropbox,Remote - Canada: Select locations,https://jobs.dropbox.com/listing/7469407?gh_jid=7469407,
"Staff Product Manager, Sharing & Virality",Dropbox,Remote - US: Select locations,https://jobs.dropbox.com/listing/7469404?gh_jid=7469404,
"Staff Technical Program Manager, Engineering Productivity",Dropbox,Remote - Canada: Select locations,https://jobs.dropbox.com/listing/7387350?gh_jid=7387350,
"Staff Technical Program Manager, Engineering Productivity",Dropbox,Remote - US: Select locations,https://jobs.dropbox.com/listing/7387347?gh_jid=7387347,
Strategic Finance Associate,Dropbox,Remote - US: Select locations,https://jobs.dropbox.com/listing/7440827?gh_jid=7440827,
Strategic Sourcing Lead - GTM,Dropbox,Remote - US: Select locations,https://jobs.dropbox.com/listing/7520231?gh_jid=7520231,
Support Enablement Engineer Intern  (Summer 2026),Dropbox,Remote - Canada: Select locations,https://jobs.dropbox.com/listing/7531481?gh_jid=7531481,
Support Enablement Engineer Intern  (Summer 2026),Dropbox,Remote - US: All locations,https://jobs.dropbox.com/listing/7531477?gh_jid=7531477,
Workforce Planning Partner GTM + G&A,Dropbox,Remote - US: Select locations,https://jobs.dropbox.com/listing/7171752?gh_jid=7171752,
Workforce Planning Partner GTM + G&A,Dropbox,Remote - Canada: Select locations,https://jobs.dropbox.com/listing/7171755?gh_jid=7171755,
ABX Marketing Manager,Okta,"Bellevue, Washington; Chicago, Illinois; Toronto, Ontario, Canada",https://www.okta.com/company/careers/opportunity/7378568?gh_jid=7378568,
Account Executive - Japan,Okta,"Tokyo, Japan",https://www.okta.com/company/careers/opportunity/7362122?gh_jid=7362122,
Account Executive Mid-Market,Okta,"Tel Aviv, Israel",https://www.okta.com/company/careers/opportunity/7479086?gh_jid=7479086,
Account Executive Mid-Market Auth0,Okta,"Stockholm, Sweden",https://www.okta.com/company/careers/opportunity/7519850?gh_jid=7519850,
"Account Executive, Strategic Inside Sales (Chicago)",Okta,"Chicago, Illinois",https://www.okta.com/company/careers/opportunity/7086125?gh_jid=7086125,
"Account Executive, Strategic  Inside Sales (DC)",Okta,"Washington, DC",https://www.okta.com/company/careers/opportunity/6807866?gh_jid=6807866,
AI Infrastructure Architect,Okta,"Bellevue, Washington",https://www.okta.com/company/careers/opportunity/7122284?gh_jid=7122284,
 AI/ML Engineer  II- Intelligence Accelerator,Okta,"Toronto, Ontario, Canada",https://www.okta.com/company/careers/opportunity/7435092?gh_jid=7435092,
AI Security and Customer Engagement Advisor,Okta,"Bellevue, Washington; Chicago, Illinois; New York, New York; San Francisco, California; Washington, DC",https://www.okta.com/company/careers/opportunity/7561888?gh_jid=7561888,
APJ Sales Onboarding and Enablement Manager ,Okta,"Sydney, Australia",https://www.okta.com/company/careers/opportunity/7517117?gh_jid=7517117,
"Area Sales Director, Enterprise (Auth0)",Okta,"New York, New York",https://www.okta.com/company/careers/opportunity/7472922?gh_jid=7472922,
"Area Sales Director, Strategic ( Auth0)",Okta,"San Francisco, California",https://www.okta.com/company/careers/opportunity/7463448?gh_jid=7463448,
"Area Vice President, Key Accounts",Okta,"New York, New York; Washington, DC",https://www.okta.com/company/careers/opportunity/7531347?gh_jid=7531347,
"Area Vice President, ( West)",Okta,"San Francisco, California",https://www.okta.com/company/careers/opportunity/7531360?gh_jid=7531360,
"Auth0 Principal Solutions Engineer, Key Accounts- Central",Okta,"Chicago, Illinois",https://www.okta.com/company/careers/opportunity/7550852?gh_jid=7550852,
Business Development Manager,Okta,"Bellevue, Washington",https://www.okta.com/company/careers/opportunity/7564743?gh_jid=7564743,
"Business Development Representative, Bellevue",Okta,"Bellevue, WA",https://www.okta.com/company/careers/opportunity/7013555?gh_jid=7013555,
"Business Development Representative, Central",Okta,"Chicago, IL",https://www.okta.com/company/careers/opportunity/7008575?gh_jid=7008575,
"Business Development Representative, East",Okta,"Washington, DC",https://www.okta.com/company/careers/opportunity/7013535?gh_jid=7013535,
Business Development Representative Intern (Summer 2026),Okta,"Bellevue, Washington; Chicago, Illinois; San Francisco, California; Washington, DC",https://www.okta.com/company/careers/opportunity/7539373?gh_jid=7539373,
"Business Development Representative, West",Okta,"San Francisco, CA",https://www.okta.com/company/careers/opportunity/7008470?gh_jid=7008470,
Business Systems Analyst Intern (Summer 2026),Okta,"San Francisco, California",https://www.okta.com/company/careers/opportunity/7555538?gh_jid=7555538,
Channel Delivery Success Manager,Okta,"Melbourne, Australia; Sydney, Australia",https://www.okta.com/company/careers/opportunity/7167681?gh_jid=7167681,
Collection Manager (Manila),Okta,"Manila, Philippines",https://www.okta.com/company/careers/opportunity/6982668?gh_jid=6982668,
"Commercial Account Executive, Auth0",Okta,"Sydney, Australia",https://www.okta.com/company/careers/opportunity/7463997?gh_jid=7463997,
Commission Analyst ,Okta,"Bengaluru, India",https://www.okta.com/company/careers/opportunity/6987002?gh_jid=6987002,
Corporate Counsel - Cybersecurity,Okta,"Toronto, Ontario, Canada",https://www.okta.com/company/careers/opportunity/7460755?gh_jid=7460755,
"Corporate Sales Account Executive Africa, Okta",Okta,"Dublin, Ireland",https://www.okta.com/company/careers/opportunity/7538561?gh_jid=7538561,
Customer Success Intern (Summer 2026),Okta,"Chicago, Illinois",https://www.okta.com/company/careers/opportunity/7565237?gh_jid=7565237,
Data Analyst Intern (Summer 2026),Okta,"San Francisco, California",https://www.okta.com/company/careers/opportunity/7547754?gh_jid=7547754,
Data Platform Engineer Intern (Summer 2026),Okta,"San Francisco, California",https://www.okta.com/company/careers/opportunity/7551652?gh_jid=7551652,
Digital Growth & Personalization Manager,Okta,"Bellevue, Washington; Chicago, Illinois; Toronto, Ontario, Canada",https://www.okta.com/company/careers/opportunity/7523441?gh_jid=7523441,
Digital Marketing Scrum Lead,Okta,"Bellevue, Washington; Chicago, Illinois; Toronto, Ontario, Canada",https://www.okta.com/company/careers/opportunity/7455467?gh_jid=7455467,
"Director, Customer First Experience Platforms",Okta,"Bellevue, Washington; Chicago, Illinois; San Francisco, California; Toronto, Ontario, Canada",https://www.okta.com/company/careers/opportunity/7277631?gh_jid=7277631,
"Director, Global Physical Security & Safety",Okta,"San Francisco, California",https://www.okta.com/company/careers/opportunity/7550336?gh_jid=7550336,
"Director, GTM AI Strategy and Operations",Okta,"Bellevue, Washington",https://www.okta.com/company/careers/opportunity/7473437?gh_jid=7473437,
"Director, GTM AI Strategy and Operations",Okta,"San Francisco, California",https://www.okta.com/company/careers/opportunity/7276774?gh_jid=7276774,
"Director, Japan Sales",Okta,"Tokyo, Japan",https://www.okta.com/company/careers/opportunity/7390980?gh_jid=7390980,
Director of Paid Media,Okta,"Bellevue, Washington; Chicago, Illinois; Toronto, Ontario, Canada",https://www.okta.com/company/careers/opportunity/7550934?gh_jid=7550934,
"Director, Pricing Operations",Okta,"Bellevue, Washington; San Francisco, California",https://www.okta.com/company/careers/opportunity/7493084?gh_jid=7493084,
"Director, Product Management - Auth0 AI Products",Okta,"San Francisco, California",https://www.okta.com/company/careers/opportunity/7248867?gh_jid=7248867,
"Director, Product Marketing - Auth0",Okta,"Bellevue, Washington; Chicago, Illinois; San Francisco, California; Toronto, Ontario, Canada",https://www.okta.com/company/careers/opportunity/6843156?gh_jid=6843156,
"Director, Risk Assessment & Mitigation",Okta,"Bellevue, Washington; Chicago, Illinois; Los Angeles, California; New York, New York; San Francisco, California; Texas",https://www.okta.com/company/careers/opportunity/7555310?gh_jid=7555310,
"Director, Sales Development - ANZ",Okta,"Sydney, Australia",https://www.okta.com/company/careers/opportunity/7477569?gh_jid=7477569,
Director- Site Reliability Engineer,Okta,"Bengaluru, India",https://www.okta.com/company/careers/opportunity/7245968?gh_jid=7245968,
"Director, Solutions Engineering UK&I ",Okta,"London, United Kingdom",https://www.okta.com/company/careers/opportunity/6777395?gh_jid=6777395,
"Director, Technical Account Management (TAM) - EMEA",Okta,"London, United Kingdom",https://www.okta.com/company/careers/opportunity/7482360?gh_jid=7482360,
"Director, Technical Strategy, Corporate Development",Okta,"Bellevue, Washington; Chicago, Illinois; New York, New York; San Francisco, California; Washington, DC",https://www.okta.com/company/careers/opportunity/7568082?gh_jid=7568082,
"Distinguished Solution Engineer, Strategy & AI Innovation (Central U.S.)",Okta,"Chicago, Illinois; Texas",https://www.okta.com/company/careers/opportunity/7558251?gh_jid=7558251,
"Enablement Business Partner, Japan",Okta,"Tokyo, Japan",https://www.okta.com/company/careers/opportunity/7556150?gh_jid=7556150,
Engineering Architect (Node.js) ,Okta,"Bellevue, Washington; Chicago, Illinois; New York, New York",https://www.okta.com/company/careers/opportunity/7519159?gh_jid=7519159,
Engineering Architect (Node.js) ,Okta,"San Francisco, California",https://www.okta.com/company/careers/opportunity/7128746?gh_jid=7128746,
Engineering Manager - Access Essentials - Core Product,Okta,"Bengaluru, India",https://www.okta.com/company/careers/opportunity/7461074?gh_jid=7461074,
"Engineering Manager, Developer Productivity ",Okta,"Toronto, Ontario, Canada",https://www.okta.com/company/careers/opportunity/7488668?gh_jid=7488668,
Engineering Manager- Platform & Tooling,Okta,"Bengaluru, India",https://www.okta.com/company/careers/opportunity/7529293?gh_jid=7529293,
Enterprise Account Executive,Okta,"Tel Aviv, Israel",https://www.okta.com/company/careers/opportunity/7538001?gh_jid=7538001,
Enterprise Account Executive,Okta,"Melbourne, Australia",https://www.okta.com/company/careers/opportunity/7477862?gh_jid=7477862,
Enterprise Account Executive ,Okta,"Paris, France",https://www.okta.com/company/careers/opportunity/7461399?gh_jid=7461399,
Enterprise Account Executive ,Okta,Michigan; Ohio,https://www.okta.com/company/careers/opportunity/7553794?gh_jid=7553794,
"Enterprise Account Executive, Auth0",Okta,"Washington, DC",https://www.okta.com/company/careers/opportunity/7464492?gh_jid=7464492,
"Enterprise Account Executive, Auth0",Okta,"New Jersey; New York, New York; Pennsylvania; Washington, DC",https://www.okta.com/company/careers/opportunity/7464608?gh_jid=7464608,
"Enterprise Account Executive, Auth0",Okta,Massachusetts,https://www.okta.com/company/careers/opportunity/7466453?gh_jid=7466453,
"Enterprise Account Executive, Auth0",Okta,"Arizona; Bellevue, Washington; Colorado; Los Angeles, California; San Francisco, California",https://www.okta.com/company/careers/opportunity/7301858?gh_jid=7301858,
"Enterprise Account Executive, Auth0",Okta,"Chicago, Illinois",https://www.okta.com/company/careers/opportunity/7472229?gh_jid=7472229,
"Enterprise Account Executive, Auth0",Okta,"Tokyo, Japan",https://www.okta.com/company/careers/opportunity/7362111?gh_jid=7362111,
"Enterprise Account Executive, Auth0",Okta,"Toronto, Ontario, Canada",https://www.okta.com/company/careers/opportunity/7545561?gh_jid=7545561,
"Enterprise Account Executive, Brazil (Contract)",Okta,"São Paulo, Brazil",https://www.okta.com/company/careers/opportunity/7555117?gh_jid=7555117,
"Enterprise Account Executive, DMV Region",Okta,"Maryland; Virginia; Washington, DC",https://www.okta.com/company/careers/opportunity/7514268?gh_jid=7514268,
Enterprise Account Executive - Join our Talent Community,Okta,"Melbourne, Australia",https://www.okta.com/company/careers/opportunity/6999931?gh_jid=6999931,
Enterprise Account Executive - Join our Talent Community,Okta,"Bengaluru, India",https://www.okta.com/company/careers/opportunity/7091805?gh_jid=7091805,
"Enterprise Account Executive, Mexico",Okta,"Mexico City, Mexico",https://www.okta.com/company/careers/opportunity/7486355?gh_jid=7486355,
"Enterprise Account Executive, Okta",Okta,"Tokyo, Japan",https://www.okta.com/company/careers/opportunity/7479852?gh_jid=7479852,
"Enterprise Account Executive, Okta",Okta,"London, United Kingdom",https://www.okta.com/company/careers/opportunity/7567950?gh_jid=7567950,
"Enterprise Account Executive, Okta",Okta,"Tokyo, Japan",https://www.okta.com/company/careers/opportunity/7471560?gh_jid=7471560,
"Enterprise Account Executive, Okta",Okta,"Tokyo, Japan",https://www.okta.com/company/careers/opportunity/7391096?gh_jid=7391096,
"Enterprise Account Executive, Tennessee",Okta,Tennessee,https://www.okta.com/company/careers/opportunity/7476024?gh_jid=7476024,
"Enterprise Architect, Finance & Legal Systems",Okta,"Bellevue, Washington; Chicago, Illinois; New York, New York; San Francisco, California; Washington, DC",https://www.okta.com/company/careers/opportunity/7442186?gh_jid=7442186,
"Executive Assistant, Technology, Data & Intelligence (TDI)",Okta,"San Francisco, California",https://www.okta.com/company/careers/opportunity/7493907?gh_jid=7493907,
Executive IT Support Engineer Intern (Summer 2026),Okta,"San Francisco, California",https://www.okta.com/company/careers/opportunity/7544477?gh_jid=7544477,
Federal Account Executive ,Okta,"Washington, DC",https://www.okta.com/company/careers/opportunity/7307887?gh_jid=7307887,
Field Marketing Specialist,Okta,"Tokyo, Japan",https://www.okta.com/company/careers/opportunity/7272551?gh_jid=7272551,
"Finance Manager, Annual Plan & FCF",Okta,"San Francisco, California",https://www.okta.com/company/careers/opportunity/7484946?gh_jid=7484946,
General Ledger Supervisor (Bengaluru),Okta,"Bengaluru, India",https://www.okta.com/company/careers/opportunity/7208342?gh_jid=7208342,
"Global Security Operations, Senior Principal",Okta,"San Francisco, California",https://www.okta.com/company/careers/opportunity/7488622?gh_jid=7488622,
Global Virtual Programs Manager,Okta,"Dublin, Ireland",https://www.okta.com/company/careers/opportunity/7462756?gh_jid=7462756,
"Group Manager, Pricing Analytics",Okta,"Bellevue, Washington; Chicago, Illinois; San Francisco, California",https://www.okta.com/company/careers/opportunity/7296961?gh_jid=7296961,
Head of AI Customer Engagement,Okta,"Bellevue, Washington; Chicago, Illinois; New York, New York; San Francisco, California; Washington, DC",https://www.okta.com/company/careers/opportunity/7561895?gh_jid=7561895,
Infrastructure Support Engineer - Customer Acceleration,Okta,"Bengaluru, India",https://www.okta.com/company/careers/opportunity/6967067?gh_jid=6967067,
International Tax - Manager (Bengaluru) ,Okta,"Bengaluru, India",https://www.okta.com/company/careers/opportunity/7458968?gh_jid=7458968,
International Tax - Senior Analyst,Okta,"Dublin, Ireland",https://www.okta.com/company/careers/opportunity/7463176?gh_jid=7463176,
IT Support Intern (Summer 2026),Okta,"San Francisco, California",https://www.okta.com/company/careers/opportunity/7558024?gh_jid=7558024,
IT Systems Engineer Intern (Summer 2026),Okta,"San Francisco, California",https://www.okta.com/company/careers/opportunity/7545063?gh_jid=7545063,
"Key Account Executive, Auth0",Okta,"San Francisco, California",https://www.okta.com/company/careers/opportunity/7535188?gh_jid=7535188,
"Key Account Executive, Auth0",Okta,"New York, New York",https://www.okta.com/company/careers/opportunity/7544341?gh_jid=7544341,
"Key Account Executive, Auth0",Okta,"Dallas, Texas",https://www.okta.com/company/careers/opportunity/7535219?gh_jid=7535219,
"Key Account Executive, Auth0 ",Okta,Pennsylvania,https://www.okta.com/company/careers/opportunity/7543150?gh_jid=7543150,
Key Accounts Director,Okta,"New York, New York",https://www.okta.com/company/careers/opportunity/7527426?gh_jid=7527426,
"Key Accounts Director, Minnesota",Okta,Minnesota,https://www.okta.com/company/careers/opportunity/7527713?gh_jid=7527713,
Key Accounts Director ( New York),Okta,"New York, New York",https://www.okta.com/company/careers/opportunity/7527457?gh_jid=7527457,
"Key Accounts Director, Philadelphia",Okta,Pennsylvania,https://www.okta.com/company/careers/opportunity/7527564?gh_jid=7527564,
"Key Accounts Director, Texas ",Okta,"Dallas, Texas",https://www.okta.com/company/careers/opportunity/7527719?gh_jid=7527719,
"Key Accounts Director, Washington DC",Okta,"Washington, DC",https://www.okta.com/company/careers/opportunity/7527560?gh_jid=7527560,
"Manager, CPE ( Client Platform Engineering)",Okta,"Bellevue, Washington; Chicago, Illinois; New York, New York; San Francisco, California",https://www.okta.com/company/careers/opportunity/7558347?gh_jid=7558347,
"Manager, Data Enablement (Auth0)",Okta,"Bellevue, Washington; Chicago, Illinois; New York, New York; Washington, DC",https://www.okta.com/company/careers/opportunity/7568094?gh_jid=7568094,
"Manager, Executive Support",Okta,"San Francisco, California",https://www.okta.com/company/careers/opportunity/7567837?gh_jid=7567837,
"Manager, Presales Innovation & Delivery Center",Okta,"Bengaluru, India",https://www.okta.com/company/careers/opportunity/7462095?gh_jid=7462095,
"Manager, Regional Field Marketing Southern Europe",Okta,"Paris, France",https://www.okta.com/company/careers/opportunity/7457862?gh_jid=7457862,
"Manager, Security Reviews",Okta,"Bengaluru, India",https://www.okta.com/company/careers/opportunity/7438424?gh_jid=7438424,
Marketing Al Systems & Process Manager,Okta,"Bellevue, Washington; San Francisco, California",https://www.okta.com/company/careers/opportunity/7289333?gh_jid=7289333,
Marketing Data Operations Manager,Okta,"Bengaluru, India",https://www.okta.com/company/careers/opportunity/7428260?gh_jid=7428260,
"Marketing Specialist, Channel Demand Generation",Okta,Singapore,https://www.okta.com/company/careers/opportunity/7461033?gh_jid=7461033,
"Marketing Specialist, Tech Alliance Partnership",Okta,Singapore,https://www.okta.com/company/careers/opportunity/7463787?gh_jid=7463787,
Partner Enablement Manager,Okta,Poland,https://www.okta.com/company/careers/opportunity/7556595?gh_jid=7556595,
Principal Analyst - People Technology (  Workday Comp & Benefits),Okta,"San Francisco, California",https://www.okta.com/company/careers/opportunity/7524985?gh_jid=7524985,
Principal Data Protection Analyst,Okta,"Toronto, Ontario, Canada",https://www.okta.com/company/careers/opportunity/7554066?gh_jid=7554066,
"Principal Product Manager, LogIn",Okta,"Bellevue, Washington; Chicago, Illinois; New York, New York; Washington, DC",https://www.okta.com/company/careers/opportunity/7564738?gh_jid=7564738,
"Principal Software Engineer, Architect - Java Backend",Okta,"Bengaluru, India",https://www.okta.com/company/careers/opportunity/7529441?gh_jid=7529441,
"Principal Software Engineer, Productivity (Golang)",Okta,"Toronto, Ontario, Canada",https://www.okta.com/company/careers/opportunity/7361555?gh_jid=7361555,
"Principal Solutions Engineer, Key Accounts (Auth0)",Okta,"Bellevue, Washington; Oregon; San Francisco, California",https://www.okta.com/company/careers/opportunity/7535277?gh_jid=7535277,
"Principal Solutions Engineer, Key Accounts (Auth0)",Okta,"Florida; Georgia; New York, New York; North Carolina; South Carolina; Virginia; Washington, DC",https://www.okta.com/company/careers/opportunity/7535297?gh_jid=7535297,
"Principal Solutions Engineer, Key Accounts- Central",Okta,"Chicago, Illinois",https://www.okta.com/company/careers/opportunity/7547178?gh_jid=7547178,
"Principal Solutions Engineer, Key Accounts- East",Okta,"New York, New York",https://www.okta.com/company/careers/opportunity/7554997?gh_jid=7554997,
"Principal Solutions Engineer, Key Accounts- East",Okta,"New York, New York",https://www.okta.com/company/careers/opportunity/7555193?gh_jid=7555193,
" Principal Solutions Engineer, Key Accounts- West",Okta,"Arizona; Bellevue, Washington; San Francisco, California",https://www.okta.com/company/careers/opportunity/7547205?gh_jid=7547205,
"Principal Solutions Engineer, Key Accounts- West",Okta,"Arizona; Bellevue, Washington; San Francisco, California",https://www.okta.com/company/careers/opportunity/7547225?gh_jid=7547225,
"Principal Technical Account Manager, Named Auth0 Strategic Accounts",Okta,"Chicago, Illinois; Michigan; Minnesota; Texas",https://www.okta.com/company/careers/opportunity/7438914?gh_jid=7438914,
Product Analyst Intern (Summer 2026),Okta,"San Francisco, California",https://www.okta.com/company/careers/opportunity/7551670?gh_jid=7551670,
"Product Design Manager, Auth0",Okta,"Toronto, Ontario, Canada",https://www.okta.com/company/careers/opportunity/7540591?gh_jid=7540591,
"Product Design Manager, Okta Research & Development",Okta,"Toronto, Ontario, Canada",https://www.okta.com/company/careers/opportunity/7476289?gh_jid=7476289,
Product manager - Access Management,Okta,"Bengaluru, India",https://www.okta.com/company/careers/opportunity/7431843?gh_jid=7431843,
"Product Manager, Digital Content Supply Chain",Okta,"Toronto, Ontario, Canada",https://www.okta.com/company/careers/opportunity/7523533?gh_jid=7523533,
"Public Sector Account Executive, Auth0",Okta,"Sydney, Australia",https://www.okta.com/company/careers/opportunity/7577593?gh_jid=7577593,
Recruiting Programs Intern (Summer 2026),Okta,"San Francisco, California",https://www.okta.com/company/careers/opportunity/7544487?gh_jid=7544487,
Regional Alliances Manager,Okta,"Madrid, Spain",https://www.okta.com/company/careers/opportunity/7573791?gh_jid=7573791,
"Regional Sales Manager, Enterprise (Auth0)",Okta,Georgia; North Carolina,https://www.okta.com/company/careers/opportunity/7466556?gh_jid=7466556,
Regional Sales Manager - Public Sector,Okta,"Canberra, Australia",https://www.okta.com/company/careers/opportunity/7390398?gh_jid=7390398,
"Regional Sales Manager, SLED",Okta,Florida,https://www.okta.com/company/careers/opportunity/7517144?gh_jid=7517144,
"Regional Sales Manager, SLED ",Okta,"Dallas, Texas",https://www.okta.com/company/careers/opportunity/7511470?gh_jid=7511470,
"Regional Sales Manager, SLED ",Okta,Iowa; Michigan; Minnesota; Wisconsin,https://www.okta.com/company/careers/opportunity/7328068?gh_jid=7328068,
Research Operations Program Manager,Okta,"Toronto, Ontario, Canada",https://www.okta.com/company/careers/opportunity/7550483?gh_jid=7550483,
Sales Development Representative,Okta,"Tokyo, Japan",https://www.okta.com/company/careers/opportunity/7515135?gh_jid=7515135,
"Sales Development Representative, Central",Okta,"Chicago, Illinois",https://www.okta.com/company/careers/opportunity/7013626?gh_jid=7013626,
"Sales Development Representative, East",Okta,"Washington, DC",https://www.okta.com/company/careers/opportunity/7013646?gh_jid=7013646,
Sales Development Representative - German,Okta,"Dublin, Ireland",https://www.okta.com/company/careers/opportunity/7464316?gh_jid=7464316,
Sales Development Representative - IMETA,Okta,"Dublin, Ireland",https://www.okta.com/company/careers/opportunity/7512093?gh_jid=7512093,
Sales Development Representative - Italian,Okta,"Dublin, Ireland",https://www.okta.com/company/careers/opportunity/7437196?gh_jid=7437196,
"Sales Development Representative, Latin America",Okta,"Washington, DC",https://www.okta.com/company/careers/opportunity/7013739?gh_jid=7013739,
"Sales Director, Auth0",Okta,"Tokyo, Japan",https://www.okta.com/company/careers/opportunity/7479950?gh_jid=7479950,
Salesforce Product Analyst,Okta,Poland,https://www.okta.com/company/careers/opportunity/7367120?gh_jid=7367120,
Senior AI/ML Engineer - Intelligence Accelerator,Okta,"Toronto, Ontario, Canada",https://www.okta.com/company/careers/opportunity/7354710?gh_jid=7354710,
Senior Analyst - People Systems (Workday Expense and Integrations),Okta,"Bellevue, Washington; Chicago, Illinois; San Francisco, California",https://www.okta.com/company/careers/opportunity/7548268?gh_jid=7548268,
Senior Android Engineer (UI Components) ,Okta,"Bengaluru, India",https://www.okta.com/company/careers/opportunity/7217740?gh_jid=7217740,
Senior Backend Engineer - Okta Personal ,Okta,"Toronto, Ontario, Canada",https://www.okta.com/company/careers/opportunity/7542109?gh_jid=7542109,
Senior Database Reliability Engineer (DBRE),Okta,"San Francisco, California",https://www.okta.com/company/careers/opportunity/7437947?gh_jid=7437947,
Senior Database Reliability Engineer (DBRE),Okta,"Washington, DC",https://www.okta.com/company/careers/opportunity/7437974?gh_jid=7437974,
Senior Database Reliability Engineer (DBRE),Okta,"Bellevue, Washington",https://www.okta.com/company/careers/opportunity/7436028?gh_jid=7436028,
Senior Database Reliability Engineer (DBRE),Okta,"Chicago, Illinois; New York, New York",https://www.okta.com/company/careers/opportunity/7437987?gh_jid=7437987,
Senior Data Quality Analyst,Okta,"Bengaluru, India",https://www.okta.com/company/careers/opportunity/6606755?gh_jid=6606755,
Senior Developer Advocate ,Okta,"San Francisco, California",https://www.okta.com/company/careers/opportunity/7379845?gh_jid=7379845,
Senior Developer Content Advocate,Okta,"Bellevue, Washington; Chicago, Illinois; New York, New York; Washington, DC",https://www.okta.com/company/careers/opportunity/7558508?gh_jid=7558508,
Senior Developer Marketing Specialist (Auth0),Okta,"Bellevue, Washington; Chicago, Illinois; New York, New York; Washington, DC",https://www.okta.com/company/careers/opportunity/7310655?gh_jid=7310655,
Senior Developer Marketing Specialist (Auth0),Okta,"Toronto, Ontario, Canada; Vancouver, Canada",https://www.okta.com/company/careers/opportunity/7310642?gh_jid=7310642,
"Senior Director, Employee Relations & Compliance",Okta,"Bellevue, Washington; Chicago, Illinois; New York, New York; San Francisco, California",https://www.okta.com/company/careers/opportunity/7540281?gh_jid=7540281,
Senior EMEA Customer Growth Marketing Specialist ,Okta,"Dublin, Ireland",https://www.okta.com/company/careers/opportunity/7462723?gh_jid=7462723,
Senior EMEA Marketing Programs Specialist ,Okta,"Dublin, Ireland",https://www.okta.com/company/careers/opportunity/7462735?gh_jid=7462735,
Senior Engineer - AI and Automation,Okta,"Bengaluru, India",https://www.okta.com/company/careers/opportunity/7457329?gh_jid=7457329,
Senior Executive Technology Specialist,Okta,"San Francisco, California",https://www.okta.com/company/careers/opportunity/7571660?gh_jid=7571660,
Senior Manager ABX & Programs,Okta,"Dublin, Ireland",https://www.okta.com/company/careers/opportunity/7462743?gh_jid=7462743,
"Senior Manager, Engineering, Collaboration Services & Productivity",Okta,"Bellevue, Washington; Chicago, Illinois; San Francisco, California; Washington, DC",https://www.okta.com/company/careers/opportunity/7526521?gh_jid=7526521,
"Senior Manager, Internal Audit (IT)",Okta,"San Francisco, California",https://www.okta.com/company/careers/opportunity/7424715?gh_jid=7424715,
"Senior Manager, Site Reliability Engineering -  Infrastructure Platform",Okta,"Bellevue, Washington",https://www.okta.com/company/careers/opportunity/7317857?gh_jid=7317857,
"Senior Manager, Solution Engineering(Presales)",Okta,"Bengaluru, India",https://www.okta.com/company/careers/opportunity/7529737?gh_jid=7529737,
"Senior Manager, Technical Consultant",Okta,"Bellevue, Washington; Chicago, Illinois; San Francisco, California; Texas; Washington, DC",https://www.okta.com/company/careers/opportunity/7377953?gh_jid=7377953,
Senior Netsuite Engineer,Okta,"San Francisco, California",https://www.okta.com/company/careers/opportunity/7451603?gh_jid=7451603,
Senior Product Analyst - Infrastructure & Operations,Okta,"Bellevue, Washington; Chicago, Illinois; Washington, DC",https://www.okta.com/company/careers/opportunity/7475298?gh_jid=7475298,
Senior Product Manager - Auth0 Identity Security,Okta,"Toronto, Ontario, Canada",https://www.okta.com/company/careers/opportunity/7380686?gh_jid=7380686,
Senior Product Manager - Identity Threat Protection,Okta,"San Francisco, California",https://www.okta.com/company/careers/opportunity/7132962?gh_jid=7132962,
"Senior Product Manager, Okta for AI Agents",Okta,"San Francisco, California",https://www.okta.com/company/careers/opportunity/7574793?gh_jid=7574793,
Senior Product Marketing Specialist - Business Acceleration,Okta,"Bellevue, Washington; Chicago, Illinois; Toronto, Ontario, Canada",https://www.okta.com/company/careers/opportunity/7512930?gh_jid=7512930,
"Senior Product Marketing Specialist, Customer First Lifecycle",Okta,"Bellevue, Washington; Chicago, Illinois; Toronto, Ontario, Canada",https://www.okta.com/company/careers/opportunity/7443996?gh_jid=7443996,
"Senior Product Marketing Specialist, EMEA",Okta,"Dublin, Ireland",https://www.okta.com/company/careers/opportunity/7440725?gh_jid=7440725,
Senior Research Operations Program Manager,Okta,"Toronto, Ontario, Canada",https://www.okta.com/company/careers/opportunity/7251683?gh_jid=7251683,
"Senior Security Engineer, TDI",Okta,"Bellevue, Washington",https://www.okta.com/company/careers/opportunity/7316122?gh_jid=7316122,
"Senior Security Engineer, TDI",Okta,"San Francisco, California",https://www.okta.com/company/careers/opportunity/7315129?gh_jid=7315129,
Senior Site Reliability Engineer (Auth0),Okta,"Barcelona, Spain",https://www.okta.com/company/careers/opportunity/7418982?gh_jid=7418982,
"Senior Site Reliability Engineer, Edge - TS/SCI",Okta,"Washington, DC",https://www.okta.com/company/careers/opportunity/7562925?gh_jid=7562925,
Senior Site Reliability Engineer - Kubernetes,Okta,"Bengaluru, India",https://www.okta.com/company/careers/opportunity/6677363?gh_jid=6677363,
Senior SMB Customer Account Executive ,Okta,"San Francisco, California",https://www.okta.com/company/careers/opportunity/7446931?gh_jid=7446931,
Senior SMB Customer Account Executive ,Okta,"Chicago, Illinois; Washington, DC",https://www.okta.com/company/careers/opportunity/7446950?gh_jid=7446950,
Senior Software Engineer,Okta,"Toronto, Ontario, Canada",https://www.okta.com/company/careers/opportunity/7363497?gh_jid=7363497,
"Senior Software Engineer, AI Agentic Experience (Auth0)",Okta,"San Francisco, California",https://www.okta.com/company/careers/opportunity/7305744?gh_jid=7305744,
Senior Software Engineer - AI Authentication (Auth for GenAI),Okta,"Barcelona, Spain",https://www.okta.com/company/careers/opportunity/7217858?gh_jid=7217858,
"Senior Software Engineer, AI Ecosystems (Auth0)",Okta,"Toronto, Ontario, Canada",https://www.okta.com/company/careers/opportunity/7229041?gh_jid=7229041,
Senior Software Engineer - Build System Expertise - CI,Okta,"Bengaluru, India",https://www.okta.com/company/careers/opportunity/7446646?gh_jid=7446646,
Senior Software Engineer - Build Systems,Okta,"Bengaluru, India",https://www.okta.com/company/careers/opportunity/7446695?gh_jid=7446695,
Senior Software Engineer -  CLI tooling & Javascript,Okta,"Bengaluru, India",https://www.okta.com/company/careers/opportunity/7379691?gh_jid=7379691,
"Senior Software Engineer, Core Identity (Auth0)",Okta,"Chicago, Illinois; New York, New York; Washington, DC",https://www.okta.com/company/careers/opportunity/7229375?gh_jid=7229375,
"Senior Software Engineer, Core Identity (Auth0)",Okta,"Barcelona, Spain",https://www.okta.com/company/careers/opportunity/7314387?gh_jid=7314387,
"Senior Software Engineer, Core Identity (Auth0)",Okta,"Toronto, Ontario, Canada",https://www.okta.com/company/careers/opportunity/7229338?gh_jid=7229338,
Senior Software Engineer - Identity Threat Protection,Okta,"Toronto, Ontario, Canada",https://www.okta.com/company/careers/opportunity/7520032?gh_jid=7520032,
Senior Software Engineer in Test - Security Testing,Okta,"Bengaluru, India",https://www.okta.com/company/careers/opportunity/7493495?gh_jid=7493495,
Senior Software Engineer - macOS,Okta,"Bengaluru, India",https://www.okta.com/company/careers/opportunity/7072577?gh_jid=7072577,
"Senior Software Engineer, Security Engineering",Okta,"Bengaluru, India",https://www.okta.com/company/careers/opportunity/7390529?gh_jid=7390529,
"Senior Solutions Architect, Auth0",Okta,"Amsterdam, Netherlands; London, United Kingdom; Munich, Germany; Paris, France",https://www.okta.com/company/careers/opportunity/7532953?gh_jid=7532953,
Senior Solutions Engineer,Okta,"Zurich, Switzerland",https://www.okta.com/company/careers/opportunity/7535023?gh_jid=7535023,
"Senior Solutions Engineer, Auth0",Okta,"Tokyo, Japan",https://www.okta.com/company/careers/opportunity/7515197?gh_jid=7515197,
"Senior Solutions Engineer, Auth0 ",Okta,"Bellevue, Washington; Chicago, Illinois; Colorado; Georgia; New York, New York; North Carolina; San Francisco, California; Washington, DC",https://www.okta.com/company/careers/opportunity/7452658?gh_jid=7452658,
"Senior Solutions Engineer, Auth0 (Corporate New Business)",Okta,"Chicago, Illinois",https://www.okta.com/company/careers/opportunity/7568167?gh_jid=7568167,
 Senior Solutions Engineer - Auth0- Spanish speaking-Enterprise,Okta,"Bellevue, Washington; Chicago, Illinois; Mexico City, Mexico; San Francisco, California; Washington, DC",https://www.okta.com/company/careers/opportunity/6838452?gh_jid=6838452,
Senior Solutions Engineer - Auth0 UK&I ,Okta,"London, United Kingdom",https://www.okta.com/company/careers/opportunity/7556767?gh_jid=7556767,
Senior Solutions Engineer - Iberia ,Okta,"Madrid, Spain",https://www.okta.com/company/careers/opportunity/7567520?gh_jid=7567520,
"Senior Solutions Engineer, North East",Okta,"New York, New York; Washington, DC",https://www.okta.com/company/careers/opportunity/7547250?gh_jid=7547250,
"Senior Solutions Engineer, Okta (Enterprise North East)",Okta,Massachusetts,https://www.okta.com/company/careers/opportunity/7278231?gh_jid=7278231,
"Senior Solutions Engineer, SLED ",Okta,"Chicago, Illinois; San Francisco, California; Texas; Washington, DC",https://www.okta.com/company/careers/opportunity/7514314?gh_jid=7514314,
"Senior Solutions Engineer, Strategic (Chicago)",Okta,"Chicago, Illinois",https://www.okta.com/company/careers/opportunity/6907820?gh_jid=6907820,
"Senior Solutions Engineer - Strategic, UK&I",Okta,"London, United Kingdom",https://www.okta.com/company/careers/opportunity/7553505?gh_jid=7553505,
Senior Solutions Engineer- West Coast,Okta,"Arizona; Bellevue, Washington; San Francisco, California",https://www.okta.com/company/careers/opportunity/7536447?gh_jid=7536447,
"Senior Technical Account Manager, Okta Strategic Customers",Okta,"Arizona; Bellevue, Washington; Colorado; Los Angeles, California; Nevada; Oregon; San Francisco, California; Seattle, Washington",https://www.okta.com/company/careers/opportunity/7331319?gh_jid=7331319,
Senior Technical Consultant (Auth0),Okta,"London, United Kingdom",https://www.okta.com/company/careers/opportunity/7340729?gh_jid=7340729,
"Senior Technical Consultant, Okta",Okta,"Washington, DC",https://www.okta.com/company/careers/opportunity/7488049?gh_jid=7488049,
Senior Technical Program Manager ,Okta,"Chicago, Illinois; New York, New York",https://www.okta.com/company/careers/opportunity/7527080?gh_jid=7527080,
SeniorTechnical Program Manager ,Okta,"Chicago, Illinois; New York, New York",https://www.okta.com/company/careers/opportunity/7363168?gh_jid=7363168,
Senior UX Researcher,Okta,"Toronto, Ontario, Canada",https://www.okta.com/company/careers/opportunity/7554816?gh_jid=7554816,
ServiceNow UX Developer,Okta,Poland,https://www.okta.com/company/careers/opportunity/7144273?gh_jid=7144273,
Site Reliability Engineer (Auth0),Okta,"Barcelona, Spain",https://www.okta.com/company/careers/opportunity/7325605?gh_jid=7325605,
Site Reliability Engineering Manager,Okta,"Barcelona, Spain",https://www.okta.com/company/careers/opportunity/7515973?gh_jid=7515973,
Site Reliability Engineer Intern (Summer 2026),Okta,"Bellevue, Washington",https://www.okta.com/company/careers/opportunity/7545798?gh_jid=7545798,
SLED Account Executive ,Okta,"Dallas, Texas",https://www.okta.com/company/careers/opportunity/7511429?gh_jid=7511429,
Software Architect ,Okta,"Bellevue, Washington; Chicago, Illinois; New York, New York",https://www.okta.com/company/careers/opportunity/7162964?gh_jid=7162964,
"Software Engineer II, Login (Auth0)",Okta,"Toronto, Ontario, Canada",https://www.okta.com/company/careers/opportunity/7376766?gh_jid=7376766,
Software Engineer in Test II- TCORE ,Okta,"Washington, DC",https://www.okta.com/company/careers/opportunity/7491928?gh_jid=7491928,
"Solution Engineer, SLED",Okta,"New York, New York",https://www.okta.com/company/careers/opportunity/7547243?gh_jid=7547243,
"Solutions Architect, Partner Solutions",Okta,"Bellevue, Washington; Chicago, Illinois; New York, New York; San Francisco, California; Washington, DC",https://www.okta.com/company/careers/opportunity/7562874?gh_jid=7562874,
"Solutions Architect, Professional Services",Okta,"Bellevue, Washington; Chicago, Illinois; New York, New York; San Francisco, California; Washington, DC",https://www.okta.com/company/careers/opportunity/7561903?gh_jid=7561903,
Solutions Engineer,Okta,"New Delhi, India",https://www.okta.com/company/careers/opportunity/7364154?gh_jid=7364154,
Solutions Engineer,Okta,"London, United Kingdom",https://www.okta.com/company/careers/opportunity/7532932?gh_jid=7532932,
Solutions Engineer - Auth0,Okta,"Dublin, Ireland",https://www.okta.com/company/careers/opportunity/7462023?gh_jid=7462023,
"Solutions Engineer, Auth0",Okta,Germany,https://www.okta.com/company/careers/opportunity/7535056?gh_jid=7535056,
"Solutions Engineer, Auth0",Okta,"Paris, France",https://www.okta.com/company/careers/opportunity/7237679?gh_jid=7237679,
"Solutions Engineer, Auth0",Okta,"Georgia; New York, New York; North Carolina; Washington, DC",https://www.okta.com/company/careers/opportunity/7405481?gh_jid=7405481,
"Solutions Engineer, Auth0",Okta,"Bellevue, Washington; Colorado; Oregon",https://www.okta.com/company/careers/opportunity/7103874?gh_jid=7103874,
"Solutions Engineer, Auth0 (Central/West USA)",Okta,"Bellevue, Washington; Chicago, Illinois; Colorado; San Francisco, California; Seattle, Washington; Texas; Utah",https://www.okta.com/company/careers/opportunity/7425892?gh_jid=7425892,
Solutions Engineer (Presales),Okta,"Bengaluru, India",https://www.okta.com/company/careers/opportunity/7532747?gh_jid=7532747,
Solutions Engineer- SLED,Okta,"Chicago, Illinois",https://www.okta.com/company/careers/opportunity/7514481?gh_jid=7514481,
"Sr. Commercial Account Executive, Brazil ",Okta,"São Paulo, Brazil",https://www.okta.com/company/careers/opportunity/7574446?gh_jid=7574446,
Sr. Digital Strategy Manager,Okta,"Bellevue, Washington; Chicago, Illinois; Toronto, Ontario, Canada",https://www.okta.com/company/careers/opportunity/7410838?gh_jid=7410838,
Sr. Digital Strategy Manager,Okta,"Bellevue, Washington; Chicago, Illinois; Toronto, Ontario, Canada",https://www.okta.com/company/careers/opportunity/7291398?gh_jid=7291398,
"Sr. Product Manager, Identity Management",Okta,"Bengaluru, India",https://www.okta.com/company/careers/opportunity/7254769?gh_jid=7254769,
Sr Solutions Engineer - Japan,Okta,"Tokyo, Japan",https://www.okta.com/company/careers/opportunity/7480043?gh_jid=7480043,
Staff Analyst - Financial Planning Systems (Anaplan),Okta,"Bengaluru, India",https://www.okta.com/company/careers/opportunity/6771908?gh_jid=6771908,
Staff Analyst - Financial Systems(Coupa) ,Okta,"Bengaluru, India",https://www.okta.com/company/careers/opportunity/7361879?gh_jid=7361879,
Staff Backend Engineer - PAM,Okta,"Tel Aviv, Israel",https://www.okta.com/company/careers/opportunity/7243138?gh_jid=7243138,
Staff Backend Engineer - Python & Java/.Net/Go,Okta,"Bengaluru, India",https://www.okta.com/company/careers/opportunity/7217745?gh_jid=7217745,
Staff Behavioral Data Scientist,Okta,"Toronto, Ontario, Canada",https://www.okta.com/company/careers/opportunity/7536802?gh_jid=7536802,
"Staff, Corporate Security Specialist",Okta,"Bengaluru, India",https://www.okta.com/company/careers/opportunity/7442153?gh_jid=7442153,
Staff Customer Centric Engineer,Okta,"Bengaluru, India",https://www.okta.com/company/careers/opportunity/6948869?gh_jid=6948869,
Staff Detection and Response Engineer,Okta,"Sydney, Australia",https://www.okta.com/company/careers/opportunity/7514844?gh_jid=7514844,
Staff Detection & Response Engineer,Okta,"Toronto, Ontario, Canada",https://www.okta.com/company/careers/opportunity/7492429?gh_jid=7492429,
Staff Detection & Response Engineer - Federal,Okta,"San Francisco, California",https://www.okta.com/company/careers/opportunity/7523452?gh_jid=7523452,
Staff Developer Advocate ,Okta,"Bellevue, Washington; Chicago, Illinois; New York, New York",https://www.okta.com/company/careers/opportunity/7401293?gh_jid=7401293,
Staff Developer  Partner Marketing Manager ,Okta,"New York, New York",https://www.okta.com/company/careers/opportunity/7223357?gh_jid=7223357,
Staff Engineer - Salesforce Developer,Okta,"Bengaluru, India",https://www.okta.com/company/careers/opportunity/7348510?gh_jid=7348510,
Staff Full-Stack Engineer ,Okta,"Bengaluru, India",https://www.okta.com/company/careers/opportunity/7471202?gh_jid=7471202,
"Staff Full Stack Software Engineer (Auth0) - ReactJS, JavaScript and NodeJS",Okta,"Bengaluru, India",https://www.okta.com/company/careers/opportunity/7462673?gh_jid=7462673,
"Staff Machine Learning Engineer, Generative AI (Auth0)",Okta,"Toronto, Ontario, Canada",https://www.okta.com/company/careers/opportunity/6988479?gh_jid=6988479,
Staff Product Designer -Auth0,Okta,"Bengaluru, India",https://www.okta.com/company/careers/opportunity/7440956?gh_jid=7440956,
Staff Product Designer - Auth0,Okta,"Bengaluru, India",https://www.okta.com/company/careers/opportunity/7516720?gh_jid=7516720,
Staff Product Designer - Emerging Products,Okta,"Toronto, Ontario, Canada",https://www.okta.com/company/careers/opportunity/7517029?gh_jid=7517029,
"Staff Product Marketing Manager, Editorial & Thought Leadership Strategy",Okta,"Bellevue, Washington; Chicago, Illinois; San Francisco, California; Toronto, Ontario, Canada",https://www.okta.com/company/careers/opportunity/7288424?gh_jid=7288424,
"Staff Product Marketing Manager, Infrastructure",Okta,"Bellevue, Washington; Chicago, Illinois; San Francisco, California; Toronto, Ontario, Canada",https://www.okta.com/company/careers/opportunity/7057787?gh_jid=7057787,
Staff Program Manager - TDI Strategy & Planning,Okta,"San Francisco, California",https://www.okta.com/company/careers/opportunity/7456009?gh_jid=7456009,
"Staff Security Engineer, Defensive Cyber Engineering",Okta,"Toronto, Ontario, Canada",https://www.okta.com/company/careers/opportunity/7476258?gh_jid=7476258,
Staff ServiceNow Developer,Okta,"Bellevue, Washington; Chicago, Illinois; Colorado; Los Angeles, California; Massachusetts; New York, New York; Seattle, Washington; Texas; Washington, DC",https://www.okta.com/company/careers/opportunity/7188117?gh_jid=7188117,
Staff Site Reliability Engineer,Okta,"Bengaluru, India",https://www.okta.com/company/careers/opportunity/7552616?gh_jid=7552616,
Staff Site Reliability Engineer,Okta,"Bengaluru, India",https://www.okta.com/company/careers/opportunity/6671260?gh_jid=6671260,
Staff Site Reliability Engineer,Okta,"Bengaluru, India",https://www.okta.com/company/careers/opportunity/7287652?gh_jid=7287652,
"Staff Site Reliability Engineer, Cloud Efficiency",Okta,"Bengaluru, India",https://www.okta.com/company/careers/opportunity/7229576?gh_jid=7229576,
"Staff Site Reliability Engineer, Core IDaaS w/ active TS/SCI ",Okta,"Washington, DC",https://www.okta.com/company/careers/opportunity/7562929?gh_jid=7562929,
"Staff Site Reliability Engineer (SRE), Federal- Security and Data Systems",Okta,"Toronto, Ontario, Canada",https://www.okta.com/company/careers/opportunity/7206027?gh_jid=7206027,
Staff Software Engineer,Okta,"San Francisco, California",https://www.okta.com/company/careers/opportunity/7176155?gh_jid=7176155,
Staff Software Engineer,Okta,"Bengaluru, India",https://www.okta.com/company/careers/opportunity/6585154?gh_jid=6585154,
Staff Software Engineer,Okta,"Bellevue, Washington",https://www.okta.com/company/careers/opportunity/7181616?gh_jid=7181616,
Staff Software Engineer,Okta,"Bengaluru, India",https://www.okta.com/company/careers/opportunity/7361888?gh_jid=7361888,
"Staff Software Engineer, AI Agentic Experience (Auth0)",Okta,"San Francisco, California",https://www.okta.com/company/careers/opportunity/7308745?gh_jid=7308745,
" Staff Software Engineer, AI and Automation ",Okta,"Bengaluru, India",https://www.okta.com/company/careers/opportunity/6949710?gh_jid=6949710,
"Staff Software Engineer, AI and Automation",Okta,"Bengaluru, India",https://www.okta.com/company/careers/opportunity/7486638?gh_jid=7486638,
Staff Software Engineer -  Build & Release,Okta,"Bengaluru, India",https://www.okta.com/company/careers/opportunity/7434009?gh_jid=7434009,
"Staff Software Engineer, Core Infrastructure - TS/SCI",Okta,"Washington, DC",https://www.okta.com/company/careers/opportunity/7562920?gh_jid=7562920,
Staff Software Engineer (Core Resilience),Okta,"Bengaluru, India",https://www.okta.com/company/careers/opportunity/7124884?gh_jid=7124884,
Staff Software Engineer - Data Platform,Okta,"Bengaluru, India",https://www.okta.com/company/careers/opportunity/6856485?gh_jid=6856485,
"Staff Software Engineer, FGA Core (Auth0)",Okta,"Toronto, Ontario, Canada",https://www.okta.com/company/careers/opportunity/7339217?gh_jid=7339217,
"Staff Software Engineer, Full Stack (AI) Engineering ",Okta,"Bellevue, Washington; Chicago, Illinois; San Francisco, California",https://www.okta.com/company/careers/opportunity/7295079?gh_jid=7295079,
Staff Software Engineer - ISPM,Okta,"Tel Aviv, Israel",https://www.okta.com/company/careers/opportunity/7462926?gh_jid=7462926,
"Staff Software Engineer, Java Spring (Backend)",Okta,"Bengaluru, India",https://www.okta.com/company/careers/opportunity/6620334?gh_jid=6620334,
Staff Software Engineer - Linux Platform Foundations,Okta,"Bengaluru, India",https://www.okta.com/company/careers/opportunity/6958517?gh_jid=6958517,
Staff Software Engineer (node.js) ,Okta,"Toronto, Ontario, Canada",https://www.okta.com/company/careers/opportunity/7274006?gh_jid=7274006,
"Staff Software Engineer, Provisioning (Auth0)",Okta,"Toronto, Ontario, Canada",https://www.okta.com/company/careers/opportunity/7230065?gh_jid=7230065,
Staff Software Engineer - Salesforce,Okta,"Bellevue, Washington; Chicago, Illinois; San Francisco, California; Washington, DC",https://www.okta.com/company/careers/opportunity/7282599?gh_jid=7282599,
Staff Software Engineer- Salesforce,Okta,"San Francisco, California",https://www.okta.com/company/careers/opportunity/7187882?gh_jid=7187882,
Staff Software Engineer- Salesforce,Okta,"Chicago, Illinois",https://www.okta.com/company/careers/opportunity/7219511?gh_jid=7219511,
Staff Software Engineer- Salesforce,Okta,"Bellevue, Washington",https://www.okta.com/company/careers/opportunity/7219504?gh_jid=7219504,
"Staff Software Engineer, Security",Okta,"Bengaluru, India",https://www.okta.com/company/careers/opportunity/6687504?gh_jid=6687504,
"Staff Software Engineer, Security Engineering",Okta,"Bengaluru, India",https://www.okta.com/company/careers/opportunity/7220365?gh_jid=7220365,
Staff Software Engineer - UI Components,Okta,"Bengaluru, India",https://www.okta.com/company/careers/opportunity/7483586?gh_jid=7483586,
Staff Technical Marketing Manager,Okta,"Bellevue, Washington; Chicago, Illinois; Toronto, Ontario, Canada",https://www.okta.com/company/careers/opportunity/7416325?gh_jid=7416325,
Staff Technical Writer ,Okta,"Toronto, Ontario, Canada",https://www.okta.com/company/careers/opportunity/7458322?gh_jid=7458322,
Staff UX Researcher - AI & Emerging Products,Okta,"Toronto, Ontario, Canada",https://www.okta.com/company/careers/opportunity/7536793?gh_jid=7536793,
Staff Vulnerability Management Analyst - Federal,Okta,"Bellevue, Washington; Chicago, Illinois; New York, New York; San Francisco, California; Washington, DC",https://www.okta.com/company/careers/opportunity/7558745?gh_jid=7558745,
"Strategic Account Executive, Auth0",Okta,"San Francisco, California",https://www.okta.com/company/careers/opportunity/7463561?gh_jid=7463561,
"Strategic Account Executive, Auth0",Okta,"Seattle, Washington",https://www.okta.com/company/careers/opportunity/7465810?gh_jid=7465810,
"Strategic Account Executive, Healthcare and Professional Services, Auth0",Okta,"Sydney, Australia",https://www.okta.com/company/careers/opportunity/7456897?gh_jid=7456897,
"Strategic Account Executive, Houston, TX",Okta,Arkansas; Louisiana; Oklahoma; Texas,https://www.okta.com/company/careers/opportunity/7354266?gh_jid=7354266,
Strategic Account Executive- San Francisco,Okta,"San Francisco, California",https://www.okta.com/company/careers/opportunity/7578623?gh_jid=7578623,
Strategic Account Executive-Tennessee,Okta,Tennessee,https://www.okta.com/company/careers/opportunity/7554807?gh_jid=7554807,
"Strategic Account Executive, Transport & Logistics, Auth0",Okta,"Sydney, Australia",https://www.okta.com/company/careers/opportunity/7456895?gh_jid=7456895,
Strategic Communications Intern (Summer 2026),Okta,"San Francisco, California",https://www.okta.com/company/careers/opportunity/7545789?gh_jid=7545789,
"SVP, Global Product Marketing",Okta,"San Francisco, California",https://www.okta.com/company/careers/opportunity/7417034?gh_jid=7417034,
TDI Security Program Management Intern (Summer 2026),Okta,"San Francisco, California",https://www.okta.com/company/careers/opportunity/7551656?gh_jid=7551656,
Technical Account Management Intern (Summer 2026),Okta,"Chicago, Illinois",https://www.okta.com/company/careers/opportunity/7549331?gh_jid=7549331,
University Recruiting Intern (Summer 2026),Okta,"San Francisco, California",https://www.okta.com/company/careers/opportunity/7544485?gh_jid=7544485,
"Vice President, Communications",Okta,"San Francisco, California",https://www.okta.com/company/careers/opportunity/7517745?gh_jid=7517745,
"Vice President, Corporate Securities & Governance",Okta,"Bellevue, Washington; Chicago, Illinois; San Francisco, California",https://www.okta.com/company/careers/opportunity/7460895?gh_jid=7460895,
"Vice President, Global Impact",Okta,"New York, New York; San Francisco, California; Washington, DC",https://www.okta.com/company/careers/opportunity/7571563?gh_jid=7571563,
"Vice President, Key Accounts",Okta,"San Francisco, California; Washington, DC",https://www.okta.com/company/careers/opportunity/7535888?gh_jid=7535888,
"VP, Global Brand and Creative",Okta,"San Francisco, California",https://www.okta.com/company/careers/opportunity/7565260?gh_jid=7565260,
"Account Executive, CEE- Polish Speaking",Asana,Warsaw,https://www.asana.com/jobs/apply/7120496?gh_jid=7120496,
Business Development Representative,Asana,Sydney,https://www.asana.com/jobs/apply/7409430?gh_jid=7409430,
Business Development Representative,Asana,Chicago,https://www.asana.com/jobs/apply/6806660?gh_jid=6806660,
"Business Development Representative, German Speaking",Asana,Dublin,https://www.asana.com/jobs/apply/7477015?gh_jid=7477015,
"Channel Partner Manager, ANZ",Asana,Sydney,https://www.asana.com/jobs/apply/7308965?gh_jid=7308965,
Channel Partner Manager DACH,Asana,Munich,https://www.asana.com/jobs/apply/7540249?gh_jid=7540249,
"Commercial Counsel, Procurement",Asana,Chicago,https://www.asana.com/jobs/apply/7494313?gh_jid=7494313,
Corporate Account Executive,Asana,San Francisco,https://www.asana.com/jobs/apply/7397574?gh_jid=7397574,
Corporate Account Executive,Asana,New York City,https://www.asana.com/jobs/apply/7366083?gh_jid=7366083,
Corporate Account Executive,Asana,Dublin,https://www.asana.com/jobs/apply/7540059?gh_jid=7540059,
Corporate Account Executive,Asana,Chicago,https://www.asana.com/jobs/apply/7561975?gh_jid=7561975,
Corporate Account Executive - UAE/GCC Market,Asana,Dublin,https://www.asana.com/jobs/apply/7383500?gh_jid=7383500,
Corporate Paralegal,Asana,San Francisco,https://www.asana.com/jobs/apply/7472661?gh_jid=7472661,
Corporate Security Engineer,Asana,San Francisco,https://www.asana.com/jobs/apply/7441441?gh_jid=7441441,
Corporate Strategy and Planning Lead,Asana,San Francisco,https://www.asana.com/jobs/apply/7441239?gh_jid=7441239,
Customer Enablement Manager,Asana,New York City,https://www.asana.com/jobs/apply/7565966?gh_jid=7565966,
"Customer Success Manager, Named Accounts",Asana,London,https://www.asana.com/jobs/apply/7467661?gh_jid=7467661,
Customer Success Manager - Top Accounts,Asana,New York City,https://www.asana.com/jobs/apply/7264843?gh_jid=7264843,
CX Senior Instructional Designer,Asana,Chicago,https://www.asana.com/jobs/apply/7366360?gh_jid=7366360,
"Director of Product, New Initiative",Asana,Warsaw,https://www.asana.com/jobs/apply/7321302?gh_jid=7321302,
"Director, Security Engineering",Asana,San Francisco,https://www.asana.com/jobs/apply/7537141?gh_jid=7537141,
"Engineering Manager, Detection Engineering",Asana,Warsaw,https://www.asana.com/jobs/apply/6962288?gh_jid=6962288,
"Engineering Manager, Reference Anything",Asana,New York City,https://www.asana.com/jobs/apply/7542202?gh_jid=7542202,
"Engineering Manager, Track Anything",Asana,New York City,https://www.asana.com/jobs/apply/7542185?gh_jid=7542185,
Enterprise Account Executive,Asana,Paris,https://www.asana.com/jobs/apply/7420786?gh_jid=7420786,
"Enterprise Account Executive, Federal Public Sector",Asana,US DC - Remote,https://www.asana.com/jobs/apply/7394507?gh_jid=7394507,
"Enterprise Account Executive, Federal Public Sector",Asana,New York City,https://www.asana.com/jobs/apply/7397376?gh_jid=7397376,
"Enterprise Account Executive, Federal Public Sector",Asana,Chicago,https://www.asana.com/jobs/apply/7397385?gh_jid=7397385,
Enterprise Account Executive- UKI,Asana,London,https://www.asana.com/jobs/apply/7496225?gh_jid=7496225,
"FP&A, Corporate and Strategic Finance",Asana,San Francisco,https://www.asana.com/jobs/apply/7366080?gh_jid=7366080,
"Frontend Engineer, Design System",Asana,San Francisco,https://www.asana.com/jobs/apply/7380980?gh_jid=7380980,
Fullstack Developer,Asana,Warsaw,https://www.asana.com/jobs/apply/7058522?gh_jid=7058522,
"Fullstack Software Engineer, Reykjavik",Asana,Reykjavík,https://www.asana.com/jobs/apply/6619439?gh_jid=6619439,
Global AI SDR Programs Manager,Asana,Chicago,https://www.asana.com/jobs/apply/7445012?gh_jid=7445012,
Global AI SDR Programs Manager,Asana,Dublin,https://www.asana.com/jobs/apply/7394954?gh_jid=7394954,
"Group Product Manager,  Enterprise Services Management ",Asana,San Francisco,https://www.asana.com/jobs/apply/7441590?gh_jid=7441590,
"Group Product Manager, Mobile ",Asana,Warsaw,https://www.asana.com/jobs/apply/6806561?gh_jid=6806561,
Head of CX Enablement,Asana,Chicago,https://www.asana.com/jobs/apply/7541379?gh_jid=7541379,
Head of CX Enablement,Asana,New York City,https://www.asana.com/jobs/apply/7541410?gh_jid=7541410,
Head of CX Enablement,Asana,San Francisco,https://www.asana.com/jobs/apply/7541407?gh_jid=7541407,
Head of Employee Relations,Asana,Chicago,https://www.asana.com/jobs/apply/7426435?gh_jid=7426435,
Head of Employee Relations,Asana,New York City,https://www.asana.com/jobs/apply/7411936?gh_jid=7411936,
Head of Employee Relations,Asana,San Francisco,https://www.asana.com/jobs/apply/7406330?gh_jid=7406330,
Head of Product Legal,Asana,San Francisco,https://www.asana.com/jobs/apply/7496101?gh_jid=7496101,
Head of Product Marketing,Asana,San Francisco,https://www.asana.com/jobs/apply/7406360?gh_jid=7406360,
Inbound Sales Development Representative,Asana,Chicago,https://www.asana.com/jobs/apply/5745634?gh_jid=5745634,
International Senior Accountant,Asana,Dublin,https://www.asana.com/jobs/apply/7493818?gh_jid=7493818,
iOS Engineer,Asana,New York City,https://www.asana.com/jobs/apply/6806085?gh_jid=6806085,
IT Support Specialist,Asana,Dublin,https://www.asana.com/jobs/apply/7569917?gh_jid=7569917,
Junior Software Engineer,Asana,Warsaw,https://www.asana.com/jobs/apply/6440856?gh_jid=6440856,
"Marketing Operations Manager, Lead Funnel ",Asana,Warsaw,https://www.asana.com/jobs/apply/6732579?gh_jid=6732579,
"Named CSM, Asana Gov",Asana,New York City,https://www.asana.com/jobs/apply/7523749?gh_jid=7523749,
NAMER Support Escalations Manager,Asana,San Francisco,https://www.asana.com/jobs/apply/7489064?gh_jid=7489064,
New Business Account Executive,Asana,Dublin,https://www.asana.com/jobs/apply/7571722?gh_jid=7571722,
Paid Search Manager,Asana,San Francisco,https://www.asana.com/jobs/apply/7530946?gh_jid=7530946,
"People Operations Partner, International",Asana,Warsaw,https://www.asana.com/jobs/apply/7089716?gh_jid=7089716,
Planning Analyst,Asana,Dublin,https://www.asana.com/jobs/apply/7327378?gh_jid=7327378,
Pricing Strategy Director,Asana,San Francisco,https://www.asana.com/jobs/apply/7532349?gh_jid=7532349,
Pricing Strategy Director,Asana,New York City,https://www.asana.com/jobs/apply/7542556?gh_jid=7542556,
Pricing Strategy Director,Asana,Chicago,https://www.asana.com/jobs/apply/7542560?gh_jid=7542560,
"Principal Product Manager, AI Growth Activation and Partnerships",Asana,"Vancouver, BC",https://www.asana.com/jobs/apply/7494051?gh_jid=7494051,
"Principal Product Manager, Fields & Types Experience",Asana,New York City,https://www.asana.com/jobs/apply/6806563?gh_jid=6806563,
"Product Designer, Mobile",Asana,Warsaw,https://www.asana.com/jobs/apply/7275516?gh_jid=7275516,
Product Design Intern - Summer 2026 (New York),Asana,New York City,https://www.asana.com/jobs/apply/7490328?gh_jid=7490328,
Product Design Intern - Summer 2026 (San Francisco),Asana,San Francisco,https://www.asana.com/jobs/apply/7490322?gh_jid=7490322,
"Product Design Intern - Summer 2026 (Vancouver, BC)",Asana,"Vancouver, BC",https://www.asana.com/jobs/apply/7078126?gh_jid=7078126,
Product Design Intern - Summer 2026 (Warsaw),Asana,Warsaw,https://www.asana.com/jobs/apply/7490332?gh_jid=7490332,
Product Design Manager,Asana,Warsaw,https://www.asana.com/jobs/apply/6806528?gh_jid=6806528,
"Product Marketing Manager, Regulated Industries",Asana,San Francisco,https://www.asana.com/jobs/apply/7407282?gh_jid=7407282,
"Product Marketing Manager, Regulated Industries",Asana,New York City,https://www.asana.com/jobs/apply/7467047?gh_jid=7467047,
"Product Owner, Revenue Technology",Asana,"Vancouver, BC",https://www.asana.com/jobs/apply/7493882?gh_jid=7493882,
"Product Owner, RevTech – Revenue Systems",Asana,Warsaw,https://www.asana.com/jobs/apply/7079430?gh_jid=7079430,
Product Support Specialist,Asana,Tokyo,https://www.asana.com/jobs/apply/7524565?gh_jid=7524565,
Professional Services Consultant,Asana,Tokyo,https://www.asana.com/jobs/apply/7386641?gh_jid=7386641,
"Program Manager, Learning & Development",Asana,San Francisco,https://www.asana.com/jobs/apply/7488772?gh_jid=7488772,
Public Sector Channel Manager,Asana,US DC - Remote,https://www.asana.com/jobs/apply/7385913?gh_jid=7385913,
Receptionist,Asana,Warsaw,https://www.asana.com/jobs/apply/7556051?gh_jid=7556051,
Revenue Operations Business Process Manager - Partner and Channel,Asana,"Vancouver, BC",https://www.asana.com/jobs/apply/6923513?gh_jid=6923513,
Sales Development Manager,Asana,Chicago,https://www.asana.com/jobs/apply/7517442?gh_jid=7517442,
Sales Development Representative,Asana,Sydney,https://www.asana.com/jobs/apply/7517403?gh_jid=7517403,
Sales Development Representative,Asana,Chicago,https://www.asana.com/jobs/apply/7532096?gh_jid=7532096,
"Sales Development Representative, German Speaking",Asana,Dublin,https://www.asana.com/jobs/apply/7477066?gh_jid=7477066,
Salesforce Developer - Core,Asana,"Vancouver, BC",https://www.asana.com/jobs/apply/7493899?gh_jid=7493899,
"Salesforce Developer, CPQ",Asana,"Vancouver, BC",https://www.asana.com/jobs/apply/6742597?gh_jid=6742597,
Salesforce Developer - CX,Asana,"Vancouver, BC",https://www.asana.com/jobs/apply/7493939?gh_jid=7493939,
Salesforce Developer - Run,Asana,"Vancouver, BC",https://www.asana.com/jobs/apply/7494045?gh_jid=7494045,
Salesforce Engineer,Asana,Warsaw,https://www.asana.com/jobs/apply/5827807?gh_jid=5827807,
Salesforce Engineering Manager - PRM Systems,Asana,"Vancouver, BC",https://www.asana.com/jobs/apply/7387310?gh_jid=7387310,
Salesforce Product Owner,Asana,Warsaw,https://www.asana.com/jobs/apply/6388548?gh_jid=6388548,
Salesforce Product Owner,Asana,"Vancouver, BC",https://www.asana.com/jobs/apply/7394976?gh_jid=7394976,
"Sales Manager, New Business",Asana,Dublin,https://www.asana.com/jobs/apply/7562047?gh_jid=7562047,
Scaled Solutions Consultant,Asana,Dublin,https://www.asana.com/jobs/apply/7382080?gh_jid=7382080,
"Security Engineer, Detection Engineering",Asana,Warsaw,https://www.asana.com/jobs/apply/7350641?gh_jid=7350641,
"Security Engineer, Red Team ",Asana,Warsaw,https://www.asana.com/jobs/apply/7192729?gh_jid=7192729,
"Security Engineer, Threat Response",Asana,Warsaw,https://www.asana.com/jobs/apply/7192741?gh_jid=7192741,
Senior Data Engineer,Asana,Warsaw,https://www.asana.com/jobs/apply/6749982?gh_jid=6749982,
Senior Engineering Manager,Asana,"Vancouver, BC",https://www.asana.com/jobs/apply/7528016?gh_jid=7528016,
Senior Infrastructure Engineer (Software-Focused),Asana,Warsaw,https://www.asana.com/jobs/apply/7160487?gh_jid=7160487,
Senior Product Data Scientist (Analyst),Asana,Warsaw,https://www.asana.com/jobs/apply/6352958?gh_jid=6352958,
"Senior Product Designer, AI Growth Activation and Partnerships",Asana,"Vancouver, BC",https://www.asana.com/jobs/apply/7339553?gh_jid=7339553,
"Senior Product Manager, Communications Integrations ",Asana,"Vancouver, BC",https://www.asana.com/jobs/apply/7494023?gh_jid=7494023,
"Senior Program Manager, Learning & Development",Asana,Warsaw,https://www.asana.com/jobs/apply/7485783?gh_jid=7485783,
Senior Software Engineer,Asana,Warsaw,https://www.asana.com/jobs/apply/7160557?gh_jid=7160557,
"Senior Software Engineer, Account Management",Asana,"Vancouver, BC",https://www.asana.com/jobs/apply/6809572?gh_jid=6809572,
"Senior Software Engineer, Admin Area",Asana,"Vancouver, BC",https://www.asana.com/jobs/apply/5966756?gh_jid=5966756,
"Senior Software Engineer, Infrastructure Security",Asana,San Francisco,https://www.asana.com/jobs/apply/7565315?gh_jid=7565315,
"Senior Software Engineer, Platform Reliability",Asana,Warsaw,https://www.asana.com/jobs/apply/7568914?gh_jid=7568914,
"Senior Software Engineer, Product",Asana,San Francisco,https://www.asana.com/jobs/apply/6791159?gh_jid=6791159,
"Senior Software Engineer, Product",Asana,New York City,https://www.asana.com/jobs/apply/6751576?gh_jid=6751576,
"Senior Software Engineer, Site Reliability",Asana,Warsaw,https://www.asana.com/jobs/apply/6887013?gh_jid=6887013,
Senior Technical Program Manager,Asana,New York City,https://www.asana.com/jobs/apply/7455562?gh_jid=7455562,
Senior Technical Revenue Accountant,Asana,Chicago,https://www.asana.com/jobs/apply/7392491?gh_jid=7392491,
Services Success Manager,Asana,Dublin,https://www.asana.com/jobs/apply/7368224?gh_jid=7368224,
Software Engineer,Asana,Warsaw,https://www.asana.com/jobs/apply/5844714?gh_jid=5844714,
"Software Engineer, AI Agents",Asana,San Francisco,https://www.asana.com/jobs/apply/7348136?gh_jid=7348136,
"Software Engineer, AI Integrations",Asana,San Francisco,https://www.asana.com/jobs/apply/6708757?gh_jid=6708757,
"Software Engineer, Backend",Asana,Warsaw,https://www.asana.com/jobs/apply/6169243?gh_jid=6169243,
"Software Engineer, CI/CD",Asana,San Francisco,https://www.asana.com/jobs/apply/7299272?gh_jid=7299272,
"Software Engineer, Data Infrastructure ",Asana,Warsaw,https://www.asana.com/jobs/apply/7367282?gh_jid=7367282,
Software Engineering Intern - Summer 2026 (Reykjavik),Asana,Reykjavík,https://www.asana.com/jobs/apply/7490314?gh_jid=7490314,
Software Engineering Intern - Summer 2026 (Warsaw),Asana,Warsaw,https://www.asana.com/jobs/apply/7490274?gh_jid=7490274,
"Software Engineer, Product",Asana,"Vancouver, BC",https://www.asana.com/jobs/apply/6937795?gh_jid=6937795,
"Software Engineer, Product",Asana,San Francisco,https://www.asana.com/jobs/apply/7106554?gh_jid=7106554,
"Software Engineer, Reykjavik",Asana,Reykjavík,https://www.asana.com/jobs/apply/5480143?gh_jid=5480143,
Solutions Engineer,Asana,Tokyo,https://www.asana.com/jobs/apply/6898931?gh_jid=6898931,
"Staff Data Scientist, Marketing",Asana,San Francisco,https://www.asana.com/jobs/apply/7304867?gh_jid=7304867,
"Staff Engineer, API",Asana,San Francisco,https://www.asana.com/jobs/apply/7066259?gh_jid=7066259,
Staff Engineer - CI/CD,Asana,San Francisco,https://www.asana.com/jobs/apply/7394807?gh_jid=7394807,
Staff Software Engineer,Asana,Warsaw,https://www.asana.com/jobs/apply/6202409?gh_jid=6202409,
"Staff Software Engineer, Admin Area",Asana,"Vancouver, BC",https://www.asana.com/jobs/apply/7347313?gh_jid=7347313,
"Staff Software Engineer, Infrastructure",Asana,San Francisco,https://www.asana.com/jobs/apply/6850383?gh_jid=6850383,
Support Knowledge and Communications Manager,Asana,San Francisco,https://www.asana.com/jobs/apply/7488925?gh_jid=7488925,
Talent Acquisition Manager,Asana,Warsaw,https://www.asana.com/jobs/apply/6732388?gh_jid=6732388,
"Tech Lead, Platform Reliability Engineering",Asana,Warsaw,https://www.asana.com/jobs/apply/7557481?gh_jid=7557481,
Technical Account Manager,Asana,Tokyo,https://www.asana.com/jobs/apply/6872362?gh_jid=6872362,
Technical Program Manager,Asana,"Vancouver, BC",https://www.asana.com/jobs/apply/7387132?gh_jid=7387132,
Technical Services Consultant,Asana,Chicago,https://www.asana.com/jobs/apply/7421336?gh_jid=7421336,
"Account Executive, Enterprise",Figma,"San Francisco, CA • New York, NY • United States",https://boards.greenhouse.io/figma/jobs/5426468004?gh_jid=5426468004,
"Account Executive, Enterprise (Bengaluru, India)",Figma,"Bengaluru, India",https://boards.greenhouse.io/figma/jobs/5579204004?gh_jid=5579204004,
"Account Executive, Enterprise - Figma Weave (London, United Kingdom)",Figma,"London, England",https://boards.greenhouse.io/figma/jobs/5759392004?gh_jid=5759392004,
"Account Executive, Enterprise - Figma Weave (New York, United States)",Figma,"New York, NY",https://boards.greenhouse.io/figma/jobs/5759369004?gh_jid=5759369004,
"Account Executive, Enterprise (London, United Kingdom)",Figma,"London, England",https://boards.greenhouse.io/figma/jobs/5458801004?gh_jid=5458801004,
"Account Executive, Enterprise (Paris, France) ",Figma,"Paris, France",https://boards.greenhouse.io/figma/jobs/5428656004?gh_jid=5428656004,
"Account Executive, Federal",Figma,"San Francisco, CA • New York, NY • United States",https://boards.greenhouse.io/figma/jobs/5425993004?gh_jid=5425993004,
"Account Executive, Mid-Market",Figma,"San Francisco, CA • New York, NY • United States",https://boards.greenhouse.io/figma/jobs/5422236004?gh_jid=5422236004,
"Account Executive, Mid-Market (Bengaluru, India)",Figma,"Bengaluru, India",https://boards.greenhouse.io/figma/jobs/5576544004?gh_jid=5576544004,
"Account Executive, Mid-Market (Berlin, Germany)",Figma,"Berlin, Germany",https://boards.greenhouse.io/figma/jobs/5364702004?gh_jid=5364702004,
"Account Executive, Mid-Market - Figma Weave (London, United Kingdom)",Figma,"London, England",https://boards.greenhouse.io/figma/jobs/5760223004?gh_jid=5760223004,
"Account Executive, Mid-Market - Figma Weave (New York, United States)",Figma,"New York, NY • United States",https://boards.greenhouse.io/figma/jobs/5755146004?gh_jid=5755146004,
"Account Executive, Mid-Market (London, United Kingdom)",Figma,"London, England",https://boards.greenhouse.io/figma/jobs/5415515004?gh_jid=5415515004,
"Account Executive, Mid-Market, Spanish and  Portuguese Speaking (São Paulo, Brazil)",Figma,"São Paulo, Brazil",https://boards.greenhouse.io/figma/jobs/5783321004?gh_jid=5783321004,
"Account Executive, SMB ",Figma,"San Francisco, CA • New York, NY",https://boards.greenhouse.io/figma/jobs/5694259004?gh_jid=5694259004,
"Account Executive, SMB (Berlin, Germany)",Figma,"Berlin, Germany",https://boards.greenhouse.io/figma/jobs/5077339004?gh_jid=5077339004,
"Account Executive, SMB - Figma Weave (New York, United States)",Figma,"New York, NY • United States",https://boards.greenhouse.io/figma/jobs/5759582004?gh_jid=5759582004,
"Account Executive, SMB (London, United Kingdom)",Figma,"London, England",https://boards.greenhouse.io/figma/jobs/5647851004?gh_jid=5647851004,
"Account Executive, SMB (Singapore)",Figma,Singapore,https://boards.greenhouse.io/figma/jobs/5727187004?gh_jid=5727187004,
"Account Executive, SMB, Spanish Speaking (São Paulo, Brazil)",Figma,"São Paulo, Brazil",https://boards.greenhouse.io/figma/jobs/5706866004?gh_jid=5706866004,
"Account Executive, SMB (Tokyo, Japan) ",Figma,"Tokyo, Japan",https://boards.greenhouse.io/figma/jobs/5729844004?gh_jid=5729844004,
"Account Executive, Strategic",Figma,"San Francisco, CA • New York, NY • United States",https://boards.greenhouse.io/figma/jobs/5558737004?gh_jid=5558737004,
"Account Executive, Strategic (Paris, France) ",Figma,"Paris, France",https://boards.greenhouse.io/figma/jobs/5565921004?gh_jid=5565921004,
"Account Executive, Strategic (Singapore)",Figma,Singapore,https://boards.greenhouse.io/figma/jobs/5753209004?gh_jid=5753209004,
"Account Executive, Strategic (Tokyo, Japan)",Figma,"Tokyo, Japan",https://boards.greenhouse.io/figma/jobs/5756182004?gh_jid=5756182004,
AI Applied Scientist,Figma,"San Francisco, CA • New York, NY • United States",https://boards.greenhouse.io/figma/jobs/5707966004?gh_jid=5707966004,
Associate Solutions Consultant,Figma,"San Francisco, CA • New York, NY • United States",https://boards.greenhouse.io/figma/jobs/5633324004?gh_jid=5633324004,
"Brand Designer - Figma Weave (Tel Aviv, Israel)",Figma,"Tel Aviv, Israel",https://boards.greenhouse.io/figma/jobs/5750938004?gh_jid=5750938004,
Business Operations,Figma,"San Francisco, CA • New York, NY • United States",https://boards.greenhouse.io/figma/jobs/5786381004?gh_jid=5786381004,
Business Recruiter,Figma,"San Francisco, CA • New York, NY • United States",https://boards.greenhouse.io/figma/jobs/5754209004?gh_jid=5754209004,
"Business Systems Architect, AI",Figma,"San Francisco, CA • New York, NY • United States",https://boards.greenhouse.io/figma/jobs/5699248004?gh_jid=5699248004,
Community Experiences Manager,Figma,"San Francisco, CA • New York, NY • United States",https://boards.greenhouse.io/figma/jobs/5721796004?gh_jid=5721796004,
"Community Marketing Manager - Figma Weave (New York, United States) ",Figma,"New York, NY",https://boards.greenhouse.io/figma/jobs/5748282004?gh_jid=5748282004,
Community Support Specialist,Figma,"San Francisco, CA • New York, NY • United States",https://boards.greenhouse.io/figma/jobs/5734604004?gh_jid=5734604004,
"Community Support Specialist, Weekend (London, United Kingdom) ",Figma,"London, England",https://boards.greenhouse.io/figma/jobs/5738311004?gh_jid=5738311004,
"Compliance Manager, Customer Trust & Third Party Risk",Figma,"San Francisco, CA • New York, NY • United States",https://boards.greenhouse.io/figma/jobs/5735296004?gh_jid=5735296004,
"Corporate Development & Strategy, M&A Integration",Figma,"San Francisco, CA • New York, NY • United States",https://boards.greenhouse.io/figma/jobs/5699991004?gh_jid=5699991004,
Creator & Affiliate Marketing Manager,Figma,"San Francisco, CA • New York, NY • United States",https://boards.greenhouse.io/figma/jobs/5703160004?gh_jid=5703160004,
"Customer Enablement Manager - Figma Weave (London, United Kingdom)",Figma,"London, England",https://boards.greenhouse.io/figma/jobs/5765688004?gh_jid=5765688004,
"Customer Enablement Manager - Figma Weave (New York, United States)",Figma,"New York, NY",https://boards.greenhouse.io/figma/jobs/5765928004?gh_jid=5765928004,
Data Engineer,Figma,"San Francisco, CA • New York, NY • United States",https://boards.greenhouse.io/figma/jobs/5220003004?gh_jid=5220003004,
Data Scientist  ,Figma,"San Francisco, CA • New York, NY • United States",https://boards.greenhouse.io/figma/jobs/5552580004?gh_jid=5552580004,
"Data Scientist - Developer Tools (London, United Kingdom)",Figma,"London, England",https://boards.greenhouse.io/figma/jobs/5753818004?gh_jid=5753818004,
"Demand Generation Manager (London, United Kingdom or Berlin, Germany) ",Figma,"London, England • Berlin, Germany",https://boards.greenhouse.io/figma/jobs/5748231004?gh_jid=5748231004,
Demand Generation Manager (Singapore),Figma,Singapore,https://boards.greenhouse.io/figma/jobs/5774993004?gh_jid=5774993004,
Demo Strategy & Effectiveness Manager ,Figma,"San Francisco, CA • New York, NY • United States",https://boards.greenhouse.io/figma/jobs/5628218004?gh_jid=5628218004,
"Designer Advocate - Figma Weave (New York, United States)",Figma,"New York, NY",https://boards.greenhouse.io/figma/jobs/5692764004?gh_jid=5692764004,
Design Operations Strategist,Figma,"San Francisco, CA • New York, NY • United States",https://boards.greenhouse.io/figma/jobs/5776278004?gh_jid=5776278004,
"Director, Commercial Sales (Paris, France) ",Figma,"Paris, France",https://boards.greenhouse.io/figma/jobs/5734999004?gh_jid=5734999004,
"Director, Corporate & Securities Counsel",Figma,"San Francisco, CA • New York, NY • United States",https://boards.greenhouse.io/figma/jobs/5752781004?gh_jid=5752781004,
"Director, Design - Communication Tools",Figma,"San Francisco, CA • New York, NY • United States",https://boards.greenhouse.io/figma/jobs/5661397004?gh_jid=5661397004,
"Director, Federal Sales",Figma,"San Francisco, CA • New York, NY • United States",https://boards.greenhouse.io/figma/jobs/5728495004?gh_jid=5728495004,
"Director, Product Marketing ",Figma,"San Francisco, CA • New York, NY • United States",https://boards.greenhouse.io/figma/jobs/5732415004?gh_jid=5732415004,
"Director, Sales Enablement ",Figma,"San Francisco, CA • New York, NY • United States",https://boards.greenhouse.io/figma/jobs/5781632004?gh_jid=5781632004,
"Director, Software Engineering - Growth",Figma,"San Francisco, CA • New York, NY • United States",https://boards.greenhouse.io/figma/jobs/5579903004?gh_jid=5579903004,
"Director, Software Engineering - Product Platform",Figma,"San Francisco, CA • New York, NY • United States",https://boards.greenhouse.io/figma/jobs/5600388004?gh_jid=5600388004,
"Distribution Partner Manager (London, United Kingdom)",Figma,"London, England",https://boards.greenhouse.io/figma/jobs/5660873004?gh_jid=5660873004,
 Distribution Partner Manager (Singapore),Figma,Singapore,https://boards.greenhouse.io/figma/jobs/5756184004?gh_jid=5756184004,
"Distribution Partner Manager (Tokyo, Japan)",Figma,"Tokyo, Japan",https://boards.greenhouse.io/figma/jobs/5724297004?gh_jid=5724297004,
"Early Career, Software Engineer (2026) ",Figma,"San Francisco, CA • New York, NY",https://boards.greenhouse.io/figma/jobs/5616603004?gh_jid=5616603004,
Email Marketing Operations,Figma,"San Francisco, CA • New York, NY • United States",https://boards.greenhouse.io/figma/jobs/5781862004?gh_jid=5781862004,
"Enterprise Solutions Consultant (Bengaluru, India)",Figma,"Bengaluru, India",https://boards.greenhouse.io/figma/jobs/5615966004?gh_jid=5615966004,
"Enterprise Support Specialist, Japanese Speaking",Figma,"San Francisco, CA • New York, NY • United States",https://boards.greenhouse.io/figma/jobs/5728959004?gh_jid=5728959004,
"Enterprise Support Specialist, Korean Speaking",Figma,"San Francisco, CA • New York, NY • United States",https://boards.greenhouse.io/figma/jobs/5733495004?gh_jid=5733495004,
"Enterprise Support Specialist, Portuguese Speaking",Figma,"San Francisco, CA • New York, NY • United States",https://boards.greenhouse.io/figma/jobs/5733496004?gh_jid=5733496004,
"Executive Assistant, Product Support ",Figma,"San Francisco, CA",https://boards.greenhouse.io/figma/jobs/5575026004?gh_jid=5575026004,
"Executive Assistant, Sales (London, United Kingdom)",Figma,"London, England",https://boards.greenhouse.io/figma/jobs/5764896004?gh_jid=5764896004,
GTM Strategy Manager ,Figma,"New York, NY • United States",https://boards.greenhouse.io/figma/jobs/5739002004?gh_jid=5739002004,
Inside Sales Representative - Early Career (2026),Figma,"New York, NY",https://boards.greenhouse.io/figma/jobs/5726175004?gh_jid=5726175004,
"Inside Sales Representative (Sao Paulo, Brazil) ",Figma,"São Paulo, Brazil",https://boards.greenhouse.io/figma/jobs/5721644004?gh_jid=5721644004,
"Inside Sales Representative (Tokyo, Japan) ",Figma,"Tokyo, Japan",https://boards.greenhouse.io/figma/jobs/5727166004?gh_jid=5727166004,
"Integration Engineer, AI",Figma,"San Francisco, CA • New York, NY • United States",https://boards.greenhouse.io/figma/jobs/5660560004?gh_jid=5660560004,
IT Operations Specialist (Singapore),Figma,Singapore,https://boards.greenhouse.io/figma/jobs/5770235004?gh_jid=5770235004,
Launch Strategy & Operations - Marketing & Comms,Figma,"San Francisco, CA • New York, NY • United States",https://boards.greenhouse.io/figma/jobs/5729141004?gh_jid=5729141004,
"Legal Operations Lead, CLM & Technology",Figma,"San Francisco, CA • New York, NY • United States",https://boards.greenhouse.io/figma/jobs/5737291004?gh_jid=5737291004,
"Manager, Enterprise Sales (São Paulo, Brazil)  ",Figma,"São Paulo, Brazil",https://boards.greenhouse.io/figma/jobs/5737083004?gh_jid=5737083004,
"Manager, Enterprise Support (London, United Kingdom)",Figma,"London, England",https://boards.greenhouse.io/figma/jobs/5740382004?gh_jid=5740382004,
"Manager, Field Marketing",Figma,"San Francisco, CA • New York, NY • United States",https://boards.greenhouse.io/figma/jobs/5711923004?gh_jid=5711923004,
"Manager, Figma for Education ",Figma,"San Francisco, CA • New York, NY • United States",https://boards.greenhouse.io/figma/jobs/5737701004?gh_jid=5737701004,
"Manager, GTM Finance",Figma,"San Francisco, CA • New York, NY • United States",https://boards.greenhouse.io/figma/jobs/5722839004?gh_jid=5722839004,
"Manager, Mid-Market Sales",Figma,"San Francisco, CA • United States",https://boards.greenhouse.io/figma/jobs/5696205004?gh_jid=5696205004,
"Manager, Mid-Market Sales ",Figma,"New York, NY • United States",https://boards.greenhouse.io/figma/jobs/5564202004?gh_jid=5564202004,
"Manager, Mid-Market Sales (São Paulo, Brazil)",Figma,"São Paulo, Brazil",https://boards.greenhouse.io/figma/jobs/5563744004?gh_jid=5563744004,
"Manager, Product Marketing ",Figma,"San Francisco, CA • New York, NY • United States",https://boards.greenhouse.io/figma/jobs/5732508004?gh_jid=5732508004,
"Manager, Product Support - Figma Weave (London, United Kingdom or Tel Aviv, Israel) ",Figma,"Tel Aviv, Israel • London, England",https://boards.greenhouse.io/figma/jobs/5741609004?gh_jid=5741609004,
"Manager, Recruiting (London, United Kingdom)",Figma,"London, England",https://boards.greenhouse.io/figma/jobs/5726523004?gh_jid=5726523004,
"Manager, SMB Sales (São Paulo, Brazil)",Figma,"São Paulo, Brazil",https://boards.greenhouse.io/figma/jobs/5736080004?gh_jid=5736080004,
"Manager, SMB Sales (Tokyo, Japan) ",Figma,"Tokyo, Japan",https://boards.greenhouse.io/figma/jobs/5738017004?gh_jid=5738017004,
"Manager, Software Engineering - Billing",Figma,"San Francisco, CA • New York, NY • United States",https://boards.greenhouse.io/figma/jobs/5722244004?gh_jid=5722244004,
"Manager, Software Engineering - Collaboration Tools",Figma,"San Francisco, CA • New York, NY • United States",https://boards.greenhouse.io/figma/jobs/5654898004?gh_jid=5654898004,
"Manager, Software Engineering - Creation Engine",Figma,"San Francisco, CA • New York, NY • United States",https://boards.greenhouse.io/figma/jobs/5696366004?gh_jid=5696366004,
"Manager, Software Engineering - Developer Tools (London, United Kingdom)",Figma,"London, England",https://boards.greenhouse.io/figma/jobs/5574708004?gh_jid=5574708004,
"Manager, Software Engineering - Expressive AI",Figma,"New York, NY • United States",https://boards.greenhouse.io/figma/jobs/5678196004?gh_jid=5678196004,
"Manager, Software Engineering - Figma Weave (Tel Aviv, Israel)",Figma,"Tel Aviv, Israel",https://boards.greenhouse.io/figma/jobs/5692726004?gh_jid=5692726004,
"Manager, Software Engineering - Interaction Design",Figma,"San Francisco, CA • New York, NY • United States",https://boards.greenhouse.io/figma/jobs/5778796004?gh_jid=5778796004,
"Manager, Solutions Consulting",Figma,"San Francisco, CA • New York, NY • United States",https://boards.greenhouse.io/figma/jobs/5697641004?gh_jid=5697641004,
"Manager, Solutions Consulting (Berlin, Germany)",Figma,"Berlin, Germany",https://boards.greenhouse.io/figma/jobs/5594549004?gh_jid=5594549004,
"Manager, Solutions Consulting (Paris, France)",Figma,"Paris, France",https://boards.greenhouse.io/figma/jobs/5735113004?gh_jid=5735113004,
"Manager, Strategic Sales",Figma,"San Francisco, CA • New York, NY",https://boards.greenhouse.io/figma/jobs/5620034004?gh_jid=5620034004,
Marketing Strategy Manager,Figma,"San Francisco, CA • New York, NY • United States",https://boards.greenhouse.io/figma/jobs/5725496004?gh_jid=5725496004,
"Office Manager (Tel Aviv, Israel)",Figma,"Tel Aviv, Israel",https://boards.greenhouse.io/figma/jobs/5764795004?gh_jid=5764795004,
"Office Manager (Tokyo, Japan) ",Figma,"Tokyo, Japan",https://boards.greenhouse.io/figma/jobs/5775045004?gh_jid=5775045004,
"Partner Manager, Scaled",Figma,"San Francisco, CA • New York, NY • United States",https://boards.greenhouse.io/figma/jobs/5705600004?gh_jid=5705600004,
People Analyst,Figma,"San Francisco, CA • New York, NY • United States",https://boards.greenhouse.io/figma/jobs/5737300004?gh_jid=5737300004,
"People Partner, Engineering (London, United Kingdom)",Figma,"London, England; Tel Aviv, Israel",https://boards.greenhouse.io/figma/jobs/5722567004?gh_jid=5722567004,
Product Designer ,Figma,"San Francisco, CA • New York, NY • United States",https://boards.greenhouse.io/figma/jobs/5711571004?gh_jid=5711571004,
"Product Designer, AI Models",Figma,"San Francisco, CA • New York, NY • United States",https://boards.greenhouse.io/figma/jobs/5711913004?gh_jid=5711913004,
"Product Designer - Design, Dev, & AI Tools",Figma,"San Francisco, CA • New York, NY • United States",https://boards.greenhouse.io/figma/jobs/5711468004?gh_jid=5711468004,
"Product Designer - Figma Weave (Tel Aviv, Israel)",Figma,"Tel Aviv, Israel",https://boards.greenhouse.io/figma/jobs/5753515004?gh_jid=5753515004,
"Product Designer, Growth & Monetization",Figma,"San Francisco, CA • New York, NY • United States",https://boards.greenhouse.io/figma/jobs/5711595004?gh_jid=5711595004,
"Product Manager, AI",Figma,"San Francisco, CA • New York, NY • United States",https://boards.greenhouse.io/figma/jobs/5574247004?gh_jid=5574247004,
"Product Manager, CMS",Figma,"San Francisco, CA • New York, NY • United States",https://boards.greenhouse.io/figma/jobs/5694470004?gh_jid=5694470004,
"Product Manager, Creation Engine",Figma,"San Francisco, CA • New York, NY • United States",https://boards.greenhouse.io/figma/jobs/5632187004?gh_jid=5632187004,
"Product Manager, Design Tools",Figma,"San Francisco, CA • New York, NY • United States",https://boards.greenhouse.io/figma/jobs/5505263004?gh_jid=5505263004,
"Product Manager, Growth",Figma,"San Francisco, CA • New York, NY • United States",https://boards.greenhouse.io/figma/jobs/5693075004?gh_jid=5693075004,
"Product Manager, Scale",Figma,"San Francisco, CA • New York, NY • United States",https://boards.greenhouse.io/figma/jobs/5641078004?gh_jid=5641078004,
"Product Manager, Sites",Figma,"San Francisco, CA • New York, NY • United States",https://boards.greenhouse.io/figma/jobs/5701839004?gh_jid=5701839004,
"Product Marketing Manager, Builder Audience",Figma,"San Francisco, CA • New York, NY • United States",https://boards.greenhouse.io/figma/jobs/5776152004?gh_jid=5776152004,
"Product Support Specialist, Japanese Speaking (London, United Kingdom) ",Figma,"London, England",https://boards.greenhouse.io/figma/jobs/5761007004?gh_jid=5761007004,
Recruiting Associate (Singapore),Figma,Singapore,https://boards.greenhouse.io/figma/jobs/5703992004?gh_jid=5703992004,
"Recruiting Associate (Tel Aviv, Israel)",Figma,"Tel Aviv, Israel",https://boards.greenhouse.io/figma/jobs/5731760004?gh_jid=5731760004,
"Regional Marketing Manager (Tokyo, Japan)",Figma,"Tokyo, Japan",https://boards.greenhouse.io/figma/jobs/5728528004?gh_jid=5728528004,
"Researcher, Core Product Strategy",Figma,"San Francisco, CA • New York, NY • United States",https://boards.greenhouse.io/figma/jobs/5651744004?gh_jid=5651744004,
Sales Enablement Manager ,Figma,"San Francisco, CA • New York, NY • United States",https://boards.greenhouse.io/figma/jobs/5739572004?gh_jid=5739572004,
"Sales Enablement Manager (London, United Kingdom)",Figma,"London, England",https://boards.greenhouse.io/figma/jobs/5777692004?gh_jid=5777692004,
Sales Onboarding Program Manager,Figma,"San Francisco, CA • New York, NY • United States",https://boards.greenhouse.io/figma/jobs/5659927004?gh_jid=5659927004,
"Sales Operations Manager (Tokyo, Japan)",Figma,"Tokyo, Japan",https://boards.greenhouse.io/figma/jobs/5756186004?gh_jid=5756186004,
Security Engineer,Figma,"San Francisco, CA • New York, NY • United States",https://boards.greenhouse.io/figma/jobs/5551463004?gh_jid=5551463004,
"Senior Account Executive, SMB",Figma,"San Francisco, CA • New York, NY • United States",https://boards.greenhouse.io/figma/jobs/5565447004?gh_jid=5565447004,
Senior CES Operations Manager,Figma,"San Francisco, CA • New York, NY • United States",https://boards.greenhouse.io/figma/jobs/5725192004?gh_jid=5725192004,
"Senior Inside Sales Representative (Paris, France)",Figma,"Paris, France",https://boards.greenhouse.io/figma/jobs/5727707004?gh_jid=5727707004,
Senior Inside Sales Representative (Singapore),Figma,Singapore,https://boards.greenhouse.io/figma/jobs/5770237004?gh_jid=5770237004,
"Senior Inside Sales Representative (Tokyo, Japan) ",Figma,"Tokyo, Japan",https://boards.greenhouse.io/figma/jobs/5727168004?gh_jid=5727168004,
"Senior Manager, Enterprise Sales (Berlin, Germany)",Figma,"Berlin, Germany",https://boards.greenhouse.io/figma/jobs/5720434004?gh_jid=5720434004,
"Senior Manager, Enterprise Sales (London, United Kingdom)",Figma,"London, England",https://boards.greenhouse.io/figma/jobs/5670593004?gh_jid=5670593004,
"Senior Manager, Enterprise Sales (Paris, France)",Figma,"Paris, France",https://boards.greenhouse.io/figma/jobs/5764200004?gh_jid=5764200004,
"Senior Manager, Enterprise Sales (Tokyo, Japan)",Figma,"Tokyo, Japan",https://boards.greenhouse.io/figma/jobs/5753194004?gh_jid=5753194004,
"Senior Manager, Revenue Transformation",Figma,"San Francisco, CA • New York, NY • United States",https://boards.greenhouse.io/figma/jobs/5734651004?gh_jid=5734651004,
"Senior Solutions Consultant (Tokyo, Japan)",Figma,"Tokyo, Japan",https://boards.greenhouse.io/figma/jobs/5721527004?gh_jid=5721527004,
Senior Technical Revenue Manager,Figma,"San Francisco, CA • New York, NY • United States",https://boards.greenhouse.io/figma/jobs/5735644004?gh_jid=5735644004,
"Software Engineer, AI Platforms",Figma,"San Francisco, CA • New York, NY • United States",https://boards.greenhouse.io/figma/jobs/5691886004?gh_jid=5691886004,
"Software Engineer, AI Product",Figma,"San Francisco, CA • New York, NY • United States",https://boards.greenhouse.io/figma/jobs/5551730004?gh_jid=5551730004,
"Software Engineer, Backend - Figma Weave (Tel Aviv, Israel) ",Figma,"Tel Aviv, Israel",https://boards.greenhouse.io/figma/jobs/5692525004?gh_jid=5692525004,
"Software Engineer, C++",Figma,"San Francisco, CA • New York, NY • United States",https://boards.greenhouse.io/figma/jobs/5552530004?gh_jid=5552530004,
"Software Engineer, Distributed Systems",Figma,"San Francisco, CA • New York, NY • United States",https://boards.greenhouse.io/figma/jobs/5552549004?gh_jid=5552549004,
"Software Engineer, Full Stack",Figma,"San Francisco, CA • New York, NY • United States",https://boards.greenhouse.io/figma/jobs/5691911004?gh_jid=5691911004,
"Software Engineer, Fullstack - Figma Weave (Tel Aviv, Israel) ",Figma,"Tel Aviv, Israel",https://boards.greenhouse.io/figma/jobs/5692524004?gh_jid=5692524004,
"Software Engineer, Graphics - Figma Weave (Tel Aviv, Israel or London, United Kingdom) ",Figma,"Tel Aviv, Israel • London, England",https://boards.greenhouse.io/figma/jobs/5692548004?gh_jid=5692548004,
"Software Engineer, Graphics & Media",Figma,"San Francisco, CA • New York, NY • United States",https://boards.greenhouse.io/figma/jobs/5552522004?gh_jid=5552522004,
"Software Engineer, Growth & Monetization",Figma,"San Francisco, CA • New York, NY • United States",https://boards.greenhouse.io/figma/jobs/5552560004?gh_jid=5552560004,
"Software Engineer Intern, Developer Tools (2026) (London, United Kingdom)",Figma,"London, England",https://boards.greenhouse.io/figma/jobs/5621177004?gh_jid=5621177004,
"Software Engineer, Machine Learning",Figma,"San Francisco, CA • New York, NY • United States",https://boards.greenhouse.io/figma/jobs/5551532004?gh_jid=5551532004,
"Software Engineer, Production Engineering",Figma,"San Francisco, CA • New York, NY • United States",https://boards.greenhouse.io/figma/jobs/5551649004?gh_jid=5551649004,
"Software Engineer, Web Platform",Figma,"San Francisco, CA • New York, NY • United States",https://boards.greenhouse.io/figma/jobs/5759501004?gh_jid=5759501004,
Solutions Consultant,Figma,"San Francisco, CA • New York, NY • United States",https://boards.greenhouse.io/figma/jobs/5478247004?gh_jid=5478247004,
"Solutions Consultant (Berlin, Germany)",Figma,"Berlin, Germany",https://boards.greenhouse.io/figma/jobs/5735853004?gh_jid=5735853004,
"Solutions Consultant (London, United Kingdom)",Figma,"London, England",https://boards.greenhouse.io/figma/jobs/5735493004?gh_jid=5735493004,
"Solutions Consultant (Paris, France)",Figma,"Paris, France",https://boards.greenhouse.io/figma/jobs/5735542004?gh_jid=5735542004,
"Solutions Consultant (São Paulo, Brazil)",Figma,"São Paulo, Brazil",https://boards.greenhouse.io/figma/jobs/5659640004?gh_jid=5659640004,
"Strategic Finance, Finance Systems & Automation",Figma,"San Francisco, CA • New York, NY • United States",https://boards.greenhouse.io/figma/jobs/5701959004?gh_jid=5701959004,
Strategic Program Manager,Figma,"San Francisco, CA • New York, NY • United States",https://boards.greenhouse.io/figma/jobs/5737778004?gh_jid=5737778004,
"Strategic Program Manager, Contingent Workforce",Figma,"San Francisco, CA • New York, NY • United States",https://boards.greenhouse.io/figma/jobs/5735636004?gh_jid=5735636004,
"Technical Account Manager (London, United Kingdom)",Figma,"London, England; Paris, France",https://boards.greenhouse.io/figma/jobs/5587219004?gh_jid=5587219004,
Technical Learning Specialist,Figma,"San Francisco, CA • New York, NY • United States",https://boards.greenhouse.io/figma/jobs/5687519004?gh_jid=5687519004,
"Technical Program Manager, AI Research",Figma,"San Francisco, CA • New York, NY • United States",https://boards.greenhouse.io/figma/jobs/5707695004?gh_jid=5707695004,
"Technical Quality Specialist (London, United Kingdom)",Figma,"London, England",https://boards.greenhouse.io/figma/jobs/5708436004?gh_jid=5708436004,
Technical Recruiter,Figma,"San Francisco, CA • New York, NY • United States",https://boards.greenhouse.io/figma/jobs/5699965004?gh_jid=5699965004,
"Technical Recruiter - Figma Weave (Tel Aviv, Israel)",Figma,"Tel Aviv, Israel",https://boards.greenhouse.io/figma/jobs/5692186004?gh_jid=5692186004,
"Technical Recruiter, Product & Design",Figma,"San Francisco, CA • New York, NY • United States",https://boards.greenhouse.io/figma/jobs/5700899004?gh_jid=5700899004,
Web Content Strategist,Figma,"San Francisco, CA • New York, NY • United States",https://boards.greenhouse.io/figma/jobs/5736009004?gh_jid=5736009004,
"2026 - Design Strategist Intern, NYC ",Mongodb,New York City,https://www.mongodb.com/careers/job/?gh_jid=7292725,
"2026, Growth Marketing Intern - NYC",Mongodb,New York City,https://www.mongodb.com/careers/job/?gh_jid=7378865,
"2026 - GTM Engineering Intern, Palo Alto",Mongodb,Palo Alto,https://www.mongodb.com/careers/job/?gh_jid=7335935,
"2026 - Industry Solutions Intern, Dublin",Mongodb,Dublin,https://www.mongodb.com/careers/job/?gh_jid=7378833,
"2026 - Information Security Engineering Intern, Seattle",Mongodb,Seattle,https://www.mongodb.com/careers/job/?gh_jid=7292751,
"2026 - Internal AI Product Management Intern, Palo Alto",Mongodb,Palo Alto,https://www.mongodb.com/careers/job/?gh_jid=7336095,
"2026 - Legal Intern, NYC",Mongodb,New York City,https://www.mongodb.com/careers/job/?gh_jid=7335941,
"2026 - Next in Tech Summit, NORAM",Mongodb,Austin; New York City; Palo Alto; San Francisco; Seattle,https://www.mongodb.com/careers/job/?gh_jid=7569187,
"2026 - Product and Technology Analytics Intern, NYC",Mongodb,New York City,https://www.mongodb.com/careers/job/?gh_jid=7335949,
"2026 - Product Management Intern, Dublin",Mongodb,Dublin,https://www.mongodb.com/careers/job/?gh_jid=7292721,
"2026, Product Management Intern - Toronto",Mongodb,Toronto,https://www.mongodb.com/careers/job/?gh_jid=7378811,
"2026 - Product Management Intern, US",Mongodb,New York City; San Francisco,https://www.mongodb.com/careers/job/?gh_jid=7375696,
"2026 - Security Intern, Dublin",Mongodb,Dublin,https://www.mongodb.com/careers/job/?gh_jid=7375639,
"2026 - Software Engineering Intern, Toronto",Mongodb,Toronto,https://www.mongodb.com/careers/job/?gh_jid=7239049,
"2026 - Solutions Assurance Intern, Dublin",Mongodb,Dublin,https://www.mongodb.com/careers/job/?gh_jid=7378837,
"2026 - Technical Writer Intern, Dublin",Mongodb,Dublin,https://www.mongodb.com/careers/job/?gh_jid=7292717,
"2026 - UX Research Intern, Dublin",Mongodb,Dublin,https://www.mongodb.com/careers/job/?gh_jid=7292728,
"2026 - Women in Tech, EMEA",Mongodb,Dublin,https://www.mongodb.com/careers/job/?gh_jid=7574659,
Account Development Representative,Mongodb,Austin,https://www.mongodb.com/careers/job/?gh_jid=7311204,
Account Development Representative,Mongodb,Toronto,https://www.mongodb.com/careers/job/?gh_jid=7311234,
Account Development Representative,Mongodb,New York City,https://www.mongodb.com/careers/job/?gh_jid=7310506,
Account Development Representative,Mongodb,Atlanta,https://www.mongodb.com/careers/job/?gh_jid=7317925,
"Account Development Representative, Dutch Speaking",Mongodb,Dublin,https://www.mongodb.com/careers/job/?gh_jid=7337554,
"Account Development Representative, French Speaking",Mongodb,Dublin,https://www.mongodb.com/careers/job/?gh_jid=6758218,
"Account Development Representative, German Speaking",Mongodb,Dublin,https://www.mongodb.com/careers/job/?gh_jid=7337287,
"Account Development Representative, German & Turkish Speaking",Mongodb,Dublin,https://www.mongodb.com/careers/job/?gh_jid=7298536,
"Account Development Representative, Italian Speaking",Mongodb,Dublin,https://www.mongodb.com/careers/job/?gh_jid=7338090,
"Account Development Representative, Spanish & Portuguese Speaking",Mongodb,Dublin,https://www.mongodb.com/careers/job/?gh_jid=7335205,
"Account Executive, Acquisition",Mongodb,Hong Kong,https://www.mongodb.com/careers/job/?gh_jid=7154017,
"Account Executive ( Bahasa, Thai or Vietnamese Speaker)",Mongodb,Singapore,https://www.mongodb.com/careers/job/?gh_jid=7211619,
"Account Executive, Growth",Mongodb,Milan,https://www.mongodb.com/careers/job/?gh_jid=5573926,
Advisory Pre-Sales Solutions Architect,Mongodb,Tysons,https://www.mongodb.com/careers/job/?gh_jid=7027409,
"Associate, Accounts Receivable",Mongodb,Gurugram,https://www.mongodb.com/careers/job/?gh_jid=7436778,
Associate Legal Counsel,Mongodb,Dublin,https://www.mongodb.com/careers/job/?gh_jid=7518939,
Associate Partner Specialist,Mongodb,Bengaluru; Gurugram; Mumbai,https://www.mongodb.com/careers/job/?gh_jid=7365568,
Associate Videographer,Mongodb,New York City,https://www.mongodb.com/careers/job/?gh_jid=7513310,
Chief Accounting Officer,Mongodb,Palo Alto,https://www.mongodb.com/careers/job/?gh_jid=7472597,
Cloud Operations Engineer,Mongodb,Palo Alto; Seattle,https://www.mongodb.com/careers/job/?gh_jid=7520623,
Cloud Operations Engineer,Mongodb,Dublin,https://www.mongodb.com/careers/job/?gh_jid=7453323,
Commercial Growth Account Executive - Native German speaking,Mongodb,Berlin,https://www.mongodb.com/careers/job/?gh_jid=7479849,
Commercial Growth Account Executive - Native German speaking,Mongodb,Dublin,https://www.mongodb.com/careers/job/?gh_jid=7276216,
"Commercial Growth, Account Executive (Spanish Speaker)",Mongodb,Dublin,https://www.mongodb.com/careers/job/?gh_jid=7541145,
Competitive Intelligence Operations Analyst,Mongodb,Dublin,https://www.mongodb.com/careers/job/?gh_jid=7477070,
Consulting Engineer,Mongodb,Atlanta; Austin; Boston; Chicago,https://www.mongodb.com/careers/job/?gh_jid=7405852,
"Consulting Engineer, Remote Services",Mongodb,Gurugram,https://www.mongodb.com/careers/job/?gh_jid=7361346,
Customer Success Manager,Mongodb,Shenzhen,https://www.mongodb.com/careers/job/?gh_jid=7384044,
"Customer Success Manager, Scaled",Mongodb,São Paulo,https://www.mongodb.com/careers/job/?gh_jid=7397994,
Customer Success Manager - Turkish Speaker,Mongodb,Dubai,https://www.mongodb.com/careers/job/?gh_jid=7454663,
Digital Ops Data Manager,Mongodb,Austin; Chicago,https://www.mongodb.com/careers/job/?gh_jid=7534583,
"Director, Executive Communications",Mongodb,New York City; Palo Alto,https://www.mongodb.com/careers/job/?gh_jid=7409019,
"Director, Global Indirect Tax",Mongodb,Dublin,https://www.mongodb.com/careers/job/?gh_jid=7407146,
"Director, Global Indirect Tax",Mongodb,Palo Alto; San Francisco; United States,https://www.mongodb.com/careers/job/?gh_jid=7407144,
"Director, Internal Audit & Controls Transformation",Mongodb,Austin,https://www.mongodb.com/careers/job/?gh_jid=7387191,
"Director, IT",Mongodb,New York City; San Francisco,https://www.mongodb.com/careers/job/?gh_jid=7103182,
Director of Compliance,Mongodb,New York City; Seattle; United States,https://www.mongodb.com/careers/job/?gh_jid=7555149,
"Director, Product Marketing",Mongodb,United States,https://www.mongodb.com/careers/job/?gh_jid=7434504,
EMEA PMO Manager ,Mongodb,Dublin,https://www.mongodb.com/careers/job/?gh_jid=6527524,
Enterprise Account Executive,Mongodb,Frankfurt,https://www.mongodb.com/careers/job/?gh_jid=7160353,
Enterprise Account Executive,Mongodb,Dubai,https://www.mongodb.com/careers/job/?gh_jid=7578590,
Enterprise Account Executive,Mongodb,Madrid,https://www.mongodb.com/careers/job/?gh_jid=7257330,
Enterprise Account Executive,Mongodb,Tel Aviv,https://www.mongodb.com/careers/job/?gh_jid=6640101,
Enterprise Account Executive,Mongodb,London,https://www.mongodb.com/careers/job/?gh_jid=7026136,
Enterprise Account Executive,Mongodb,Paris,https://www.mongodb.com/careers/job/?gh_jid=7256839,
Enterprise Account Executive ,Mongodb,London,https://www.mongodb.com/careers/job/?gh_jid=7227824,
Enterprise Account Executive	,Mongodb,Los Angeles,https://www.mongodb.com/careers/job/?gh_jid=6587328,
Enterprise Account Executive	,Mongodb,London,https://www.mongodb.com/careers/job/?gh_jid=7219459,
"Enterprise Account Executive, Acquisition",Mongodb,Seoul,https://www.mongodb.com/careers/job/?gh_jid=7351297,
"Enterprise Account Executive, Acquisition",Mongodb,Mexico City,https://www.mongodb.com/careers/job/?gh_jid=5607962,
"Enterprise Account Executive (Bahasa, Vietnamese and Thai speaker)",Mongodb,Singapore,https://www.mongodb.com/careers/job/?gh_jid=7211805,
"Enterprise Account Executive, Federal",Mongodb,Tysons,https://www.mongodb.com/careers/job/?gh_jid=7028355,
"Enterprise Account Executive, Growth",Mongodb,Beijing; Shanghai; Shenzhen,https://www.mongodb.com/careers/job/?gh_jid=6740470,
"Enterprise Account Executive, Growth",Mongodb,Poland,https://www.mongodb.com/careers/job/?gh_jid=6987968,
"Enterprise Account Executive, Growth",Mongodb,Frankfurt,https://www.mongodb.com/careers/job/?gh_jid=6848268,
"Enterprise Account Executive, Growth",Mongodb,Austin,https://www.mongodb.com/careers/job/?gh_jid=7027846,
"Enterprise Account Executive, Growth",Mongodb,Dubai,https://www.mongodb.com/careers/job/?gh_jid=5615484,
"Enterprise Account Executive, Growth",Mongodb,Melbourne,https://www.mongodb.com/careers/job/?gh_jid=7403891,
"Enterprise Account Executive, Growth",Mongodb,Rome,https://www.mongodb.com/careers/job/?gh_jid=6275509,
"Enterprise Account Executive, Growth",Mongodb,Zurich,https://www.mongodb.com/careers/job/?gh_jid=7217805,
"Enterprise Account Executive, Growth",Mongodb,New York City,https://www.mongodb.com/careers/job/?gh_jid=7032023,
"Enterprise Account Executive, Growth",Mongodb,Denver,https://www.mongodb.com/careers/job/?gh_jid=6603246,
"Enterprise Account Executive, Growth",Mongodb,Madrid,https://www.mongodb.com/careers/job/?gh_jid=7257122,
"Enterprise Account Executive, Growth",Mongodb,Atlanta; Florida; North Carolina; South Carolina,https://www.mongodb.com/careers/job/?gh_jid=7031396,
"Enterprise Account Executive, Growth",Mongodb,Paris,https://www.mongodb.com/careers/job/?gh_jid=7256796,
"Enterprise Account Executive, Growth",Mongodb,Taipei,https://www.mongodb.com/careers/job/?gh_jid=6688075,
"Enterprise Account Executive, Growth ( Bahasa Speaker)",Mongodb,Singapore,https://www.mongodb.com/careers/job/?gh_jid=7552596,
"Enterprise Account Executive, Growth (Defence & MHA)",Mongodb,Gurugram,https://www.mongodb.com/careers/job/?gh_jid=7363143,
Enterprise Account Manager - OEM,Mongodb,Beijing; Shanghai; Shenzhen,https://www.mongodb.com/careers/job/?gh_jid=6829771,
Escalation Engineer,Mongodb,New York City; United States,https://www.mongodb.com/careers/job/?gh_jid=7209916,
Escalation Manager,Mongodb,Dublin,https://www.mongodb.com/careers/job/?gh_jid=7530981,
Events Marketing Manager,Mongodb,Dublin,https://www.mongodb.com/careers/job/?gh_jid=7556776,
Executive Assistant,Mongodb,Dublin,https://www.mongodb.com/careers/job/?gh_jid=7524399,
Global Head of Executive Recruiting,Mongodb,New York; United States,https://www.mongodb.com/careers/job/?gh_jid=7373071,
Growth Marketing Manager,Mongodb,Dublin,https://www.mongodb.com/careers/job/?gh_jid=7492702,
Growth Marketing Manager,Mongodb,New York City,https://www.mongodb.com/careers/job/?gh_jid=7492695,
Growth Marketing Manager,Mongodb,Dublin,https://www.mongodb.com/careers/job/?gh_jid=7460013,
HR Director,Mongodb,Dublin,https://www.mongodb.com/careers/job/?gh_jid=6850458,
Industry Solutions Consultant,Mongodb,Toronto,https://www.mongodb.com/careers/job/?gh_jid=7397292,
Inside Account Executive,Mongodb,Zurich,https://www.mongodb.com/careers/job/?gh_jid=7408180,
Inside Account Executive,Mongodb,Frankfurt,https://www.mongodb.com/careers/job/?gh_jid=7408178,
Inside Account Executive,Mongodb,Munich,https://www.mongodb.com/careers/job/?gh_jid=7408179,
Inside Account Executive,Mongodb,Berlin,https://www.mongodb.com/careers/job/?gh_jid=7408177,
"Lead Engineer, ACS4",Mongodb,Dublin,https://www.mongodb.com/careers/job/?gh_jid=7259791,
"Lead Engineer, C2C",Mongodb,Dublin,https://www.mongodb.com/careers/job/?gh_jid=7404533,
"Lead Engineer, Catalog & Routing",Mongodb,Dublin,https://www.mongodb.com/careers/job/?gh_jid=7408927,
"Lead Engineer, Inference Platform",Mongodb,Palo Alto; Seattle,https://www.mongodb.com/careers/job/?gh_jid=7195895,
"Lead, Engineering",Mongodb,Gurugram,https://www.mongodb.com/careers/job/?gh_jid=7541875,
"Lead Engineer, Online Archive Storage Systems",Mongodb,New York City; San Francisco; Seattle,https://www.mongodb.com/careers/job/?gh_jid=7316445,
"Lead Engineer, Query",Mongodb,Alberta; British Columbia; Calgary; Edmonton; Manitoba; Nova Scotia; Ontario; Quebec; Toronto; Vancouver,https://www.mongodb.com/careers/job/?gh_jid=7481204,
"Lead Engineer, Query",Mongodb,New York City; Palo Alto; Seattle; United States,https://www.mongodb.com/careers/job/?gh_jid=7465177,
"Lead Engineer, Server Programmability",Mongodb,United States,https://www.mongodb.com/careers/job/?gh_jid=7201997,
"Lead Engineer, Server Programmability",Mongodb,Alberta; British Columbia; Manitoba; Nova Scotia; Ontario; Quebec,https://www.mongodb.com/careers/job/?gh_jid=7201999,
"Lead, Product Manager, API Experience",Mongodb,Alberta; British Columbia; Calgary; Edmonton; Nova Scotia; Ontario; Ottawa; Quebec; Toronto; Vancouver,https://www.mongodb.com/careers/job/?gh_jid=6803531,
"Lead, Product Manager, API Experience",Mongodb,United States,https://www.mongodb.com/careers/job/?gh_jid=6709370,
"Lead, Strategic Core Analyst, Competitive Intelligence",Mongodb,Dublin,https://www.mongodb.com/careers/job/?gh_jid=7477065,
Legal Counsel,Mongodb,Palo Alto; San Francisco,https://www.mongodb.com/careers/job/?gh_jid=7506587,
LLM Optimization Lead,Mongodb,Austin; New York City; Seattle,https://www.mongodb.com/careers/job/?gh_jid=7449501,
"Manager, Customer Success",Mongodb,Seoul,https://www.mongodb.com/careers/job/?gh_jid=7375469,
"Manager, Executive Assistant",Mongodb,United States,https://www.mongodb.com/careers/job/?gh_jid=7478263,
"Manager, MP OTC Analytics",Mongodb,Austin,https://www.mongodb.com/careers/job/?gh_jid=7555251,
"Manager, Procurement",Mongodb,Dublin,https://www.mongodb.com/careers/job/?gh_jid=7524402,
"Manager, Sales Development",Mongodb,Austin,https://www.mongodb.com/careers/job/?gh_jid=7521312,
"Manager, Sales Development",Mongodb,Dublin,https://www.mongodb.com/careers/job/?gh_jid=7547493,
"Manager, Sales Development",Mongodb,Toronto,https://www.mongodb.com/careers/job/?gh_jid=7483998,
"Manager, Sales Development",Mongodb,Gurugram,https://www.mongodb.com/careers/job/?gh_jid=7250833,
"Manager, Solutions Architecture",Mongodb,Gurugram,https://www.mongodb.com/careers/job/?gh_jid=7545970,
"Manager, Technical Revenue",Mongodb,Austin,https://www.mongodb.com/careers/job/?gh_jid=7561467,
Marketing Operations Manager,Mongodb,Dublin,https://www.mongodb.com/careers/job/?gh_jid=7527949,
Market Intelligence Analyst,Mongodb,Dublin; Ireland,https://www.mongodb.com/careers/job/?gh_jid=7477076,
Partner Solutions Architect,Mongodb,Bengaluru,https://www.mongodb.com/careers/job/?gh_jid=7551878,
Partner Solutions Architect,Mongodb,Mumbai,https://www.mongodb.com/careers/job/?gh_jid=7551879,
Partner Solutions Architect,Mongodb,Gurugram,https://www.mongodb.com/careers/job/?gh_jid=7551843,
Partner Specialist,Mongodb,Bengaluru; Gurugram; Mumbai,https://www.mongodb.com/careers/job/?gh_jid=7365564,
"Practice Engineer, AMP",Mongodb,Bengaluru,https://www.mongodb.com/careers/job/?gh_jid=7471899,
Pre-Sales Solutions Architect,Mongodb,San Francisco,https://www.mongodb.com/careers/job/?gh_jid=7458644,
Pre-Sales Solutions Architect,Mongodb,New York City,https://www.mongodb.com/careers/job/?gh_jid=7572007,
Principal Industry Solutions - FSI,Mongodb,Dublin,https://www.mongodb.com/careers/job/?gh_jid=7379583,
Principal Partner Specialist,Mongodb,Washington DC,https://www.mongodb.com/careers/job/?gh_jid=7552394,
Principal Partner Specialist,Mongodb,New York City,https://www.mongodb.com/careers/job/?gh_jid=7528317,
"Principal Research Scientist, Database Systems",Mongodb,New York City; Palo Alto,https://www.mongodb.com/careers/job/?gh_jid=6819978,
Principal Staff Developer Advocate,Mongodb,APAC,https://www.mongodb.com/careers/job/?gh_jid=6381035,
Principal Technologist,Mongodb,United States,https://www.mongodb.com/careers/job/?gh_jid=7476104,
Product Manager,Mongodb,Dublin; Ireland,https://www.mongodb.com/careers/job/?gh_jid=7113803,
"Product Manager 3, Internal AI",Mongodb,Palo Alto; San Francisco,https://www.mongodb.com/careers/job/?gh_jid=7276451,
"Product Manager, Developer Tools",Mongodb,Dublin,https://www.mongodb.com/careers/job/?gh_jid=7369344,
"Public Sector Enterprise Account Executive, Growth",Mongodb,Amsterdam,https://www.mongodb.com/careers/job/?gh_jid=6633264,
"Public Sector Enterprise Account Executive, Growth",Mongodb,Germany,https://www.mongodb.com/careers/job/?gh_jid=6635587,
Recruiting Program Manager,Mongodb,New York City,https://www.mongodb.com/careers/job/?gh_jid=7517649,
Recruiting Program Manager,Mongodb,United States,https://www.mongodb.com/careers/job/?gh_jid=7524723,
"Regional Director, Enterprise, Growth",Mongodb,Boston,https://www.mongodb.com/careers/job/?gh_jid=7434197,
"Regional Director, Enterprise, Growth",Mongodb,Gurugram,https://www.mongodb.com/careers/job/?gh_jid=7259560,
"Regional Director, Enterprise, Growth",Mongodb,Singapore,https://www.mongodb.com/careers/job/?gh_jid=7261528,
Relationship Account Manager,Mongodb,Bengaluru; Gurugram,https://www.mongodb.com/careers/job/?gh_jid=7385472,
Relationship Account Manager (French Speaker),Mongodb,Dublin,https://www.mongodb.com/careers/job/?gh_jid=7541540,
Sales Development Intern - Summer 2026,Mongodb,Austin,https://www.mongodb.com/careers/job/?gh_jid=7238430,
Sales Development Representative,Mongodb,Beijing; Shanghai; Shenzhen,https://www.mongodb.com/careers/job/?gh_jid=7380221,
Sales Development Representative,Mongodb,Gurugram,https://www.mongodb.com/careers/job/?gh_jid=7318036,
Sales Support Associate,Mongodb,Gurugram,https://www.mongodb.com/careers/job/?gh_jid=7128878,
Sales Support Associate,Mongodb,Gurugram,https://www.mongodb.com/careers/job/?gh_jid=7110155,
"SDET Engineer, Query",Mongodb,Dublin; Ireland,https://www.mongodb.com/careers/job/?gh_jid=7571255,
"Security Software Engineer,  Infrastructure Security (Staff or Senior)",Mongodb,Ireland,https://www.mongodb.com/careers/job/?gh_jid=7536053,
"Security Software Engineer,  Infrastructure Security (Staff or Senior)",Mongodb,British Columbia; Montreal; Ontario; Quebec; Toronto; Vancouver,https://www.mongodb.com/careers/job/?gh_jid=6982489,
"Security Software Engineer,  Infrastructure Security (Staff or Senior)",Mongodb,Austin; Boston; Chicago; New York City; Pittsburgh; Raleigh; United States; Washington DC,https://www.mongodb.com/careers/job/?gh_jid=6982487,
"Senior Accountant, Technical Revenue",Mongodb,Austin,https://www.mongodb.com/careers/job/?gh_jid=7557741,
"Senior Associate, Accounts Receivable",Mongodb,Gurugram,https://www.mongodb.com/careers/job/?gh_jid=7539761,
"Senior Associate, Billing",Mongodb,Gurugram,https://www.mongodb.com/careers/job/?gh_jid=7571671,
"Senior Associate, Payroll",Mongodb,Gurugram,https://www.mongodb.com/careers/job/?gh_jid=7523797,
"Senior Business Analyst, Technical Services",Mongodb,New York City,https://www.mongodb.com/careers/job/?gh_jid=6841436,
Senior Business Operations & Strategy Analyst,Mongodb,New York City,https://www.mongodb.com/careers/job/?gh_jid=7128879,
Senior Business Operation & Strategy Analyst,Mongodb,Austin,https://www.mongodb.com/careers/job/?gh_jid=7521325,
(Senior) Consulting Engineer,Mongodb,Seoul,https://www.mongodb.com/careers/job/?gh_jid=7538397,
Senior Consulting Engineer,Mongodb,Sydney,https://www.mongodb.com/careers/job/?gh_jid=7573532,
Senior Consulting Engineer,Mongodb,Sydney,https://www.mongodb.com/careers/job/?gh_jid=7569906,
(Senior) Customer Success Manager,Mongodb,Seoul,https://www.mongodb.com/careers/job/?gh_jid=7358843,
Senior Customer Success Manager,Mongodb,San Francisco,https://www.mongodb.com/careers/job/?gh_jid=7551066,
Senior Customer Success Manager,Mongodb,Seattle,https://www.mongodb.com/careers/job/?gh_jid=7551157,
Senior Customer Success Manager,Mongodb,Toronto,https://www.mongodb.com/careers/job/?gh_jid=7242521,
Senior Customer Success Manager,Mongodb,Montreal,https://www.mongodb.com/careers/job/?gh_jid=7572856,
Senior Customer Success Manager,Mongodb,New York City; Philadelphia,https://www.mongodb.com/careers/job/?gh_jid=7437716,
Senior Customer Success Manager,Mongodb,Austin; Charlotte,https://www.mongodb.com/careers/job/?gh_jid=7551285,
Senior Customer Success Manager,Mongodb,Chicago,https://www.mongodb.com/careers/job/?gh_jid=7260053,
Senior Customer Success Manager,Mongodb,San Francisco,https://www.mongodb.com/careers/job/?gh_jid=7530648,
Senior Customer Success Manager,Mongodb,São Paulo,https://www.mongodb.com/careers/job/?gh_jid=7550864,
"Senior Data Product Manager, GTM",Mongodb,Austin; Boston; Chicago; New York City; Pittsburgh,https://www.mongodb.com/careers/job/?gh_jid=7187739,
Senior Developer Advocate,Mongodb,Ireland,https://www.mongodb.com/careers/job/?gh_jid=7241758,
Senior Developer Advocate,Mongodb,India,https://www.mongodb.com/careers/job/?gh_jid=7473322,
Senior Developer Advocate,Mongodb,United States,https://www.mongodb.com/careers/job/?gh_jid=7490333,
Senior Developer Advocate,Mongodb,Dublin,https://www.mongodb.com/careers/job/?gh_jid=7495485,
Senior Developer Advocate,Mongodb,Dublin,https://www.mongodb.com/careers/job/?gh_jid=7571308,
"Senior Director, Assistant Controller",Mongodb,Palo Alto,https://www.mongodb.com/careers/job/?gh_jid=7477700,
"Senior Director, Demand Generation",Mongodb,Austin; New York City; Palo Alto,https://www.mongodb.com/careers/job/?gh_jid=7493659,
"Senior Director, Revenue Operations",Mongodb,Palo Alto,https://www.mongodb.com/careers/job/?gh_jid=7511425,
Senior Employee Learning Manager,Mongodb,Austin,https://www.mongodb.com/careers/job/?gh_jid=7484196,
"Senior Engineer, Coupa & P2P Processes",Mongodb,Bengaluru; Gurugram,https://www.mongodb.com/careers/job/?gh_jid=7257748,
"Senior Engineer, Internal Engineering",Mongodb,Gurugram,https://www.mongodb.com/careers/job/?gh_jid=7557673,
"Senior Engineer, Netsuite",Mongodb,Gurugram,https://www.mongodb.com/careers/job/?gh_jid=7484841,
Senior Enterprise Account Executive,Mongodb,London,https://www.mongodb.com/careers/job/?gh_jid=7227836,
Senior Enterprise Account Executive,Mongodb,London,https://www.mongodb.com/careers/job/?gh_jid=7228531,
"Senior Enterprise Account Executive, Growth",Mongodb,San Francisco,https://www.mongodb.com/careers/job/?gh_jid=7411080,
"Senior Enterprise Account Executive, Growth",Mongodb,Stockholm,https://www.mongodb.com/careers/job/?gh_jid=6582052,
"Senior Enterprise Account Executive, Growth",Mongodb,Great Britain,https://www.mongodb.com/careers/job/?gh_jid=7405250,
"Senior Enterprise Account Executive, Growth",Mongodb,London,https://www.mongodb.com/careers/job/?gh_jid=7177654,
Senior/ Enterprise Account Executive - Strategic Account,Mongodb,Singapore,https://www.mongodb.com/careers/job/?gh_jid=7490900,
Senior  Executive IT Support Specialist,Mongodb,Palo Alto,https://www.mongodb.com/careers/job/?gh_jid=7401581,
Senior Financial Analyst,Mongodb,New York City; United States,https://www.mongodb.com/careers/job/?gh_jid=7454786,
Senior Financial Analyst,Mongodb,New York City,https://www.mongodb.com/careers/job/?gh_jid=7550357,
Senior Financial Analyst,Mongodb,New York City,https://www.mongodb.com/careers/job/?gh_jid=7435574,
"Senior Fullstack Developer, Developer Productivity (Backstage)",Mongodb,Alberta; British Columbia; Manitoba; Nova Scotia; Ontario; Quebec,https://www.mongodb.com/careers/job/?gh_jid=7549157,
"Senior Fullstack Developer, Developer Productivity (Backstage)",Mongodb,United States,https://www.mongodb.com/careers/job/?gh_jid=7549155,
Senior Fullstack Engineer - Atlas Growth,Mongodb,New York City,https://www.mongodb.com/careers/job/?gh_jid=7093030,
Senior Industry Consultant - FSI,Mongodb,Toronto,https://www.mongodb.com/careers/job/?gh_jid=7407969,
"Senior Industry Consultant, Retail",Mongodb,Alberta; British Columbia; Nova Scotia; Ontario; Quebec; Toronto,https://www.mongodb.com/careers/job/?gh_jid=7411085,
"Senior Java Software Engineer, Client Libraries",Mongodb,Toronto; Vancouver,https://www.mongodb.com/careers/job/?gh_jid=7194687,
Senior Manager of Strategy & Planning,Mongodb,New York City,https://www.mongodb.com/careers/job/?gh_jid=7568497,
"Senior Manager, SEC Reporting & Technical Accounting",Mongodb,Austin; New York City; Palo Alto,https://www.mongodb.com/careers/job/?gh_jid=7370368,
"Senior Manager, Technical Services Engineering",Mongodb,Austin; New York City; United States,https://www.mongodb.com/careers/job/?gh_jid=7337511,
Senior Marketing Manager,Mongodb,Berlin; Frankfurt; Munich,https://www.mongodb.com/careers/job/?gh_jid=7538403,
Senior Market Intelligence Analyst,Mongodb,Dublin,https://www.mongodb.com/careers/job/?gh_jid=7477059,
Senior Market Intelligence Analyst,Mongodb,Dublin; Ireland,https://www.mongodb.com/careers/job/?gh_jid=7477062,
Senior Partner Marketing Manager,Mongodb,Austin; United States,https://www.mongodb.com/careers/job/?gh_jid=7190057,
Senior Partner Solutions Architect,Mongodb,Bengaluru,https://www.mongodb.com/careers/job/?gh_jid=7379372,
Senior Partner Solutions Architect,Mongodb,Seoul,https://www.mongodb.com/careers/job/?gh_jid=7370553,
Senior Partner Specialist - Global System Integrators,Mongodb,Singapore,https://www.mongodb.com/careers/job/?gh_jid=6697542,
"Senior Practice Engineer, AMP",Mongodb,Bengaluru; Gurugram,https://www.mongodb.com/careers/job/?gh_jid=7471427,
Senior Pre-Sales Solutions Architect,Mongodb,New York City,https://www.mongodb.com/careers/job/?gh_jid=7411098,
Senior Pre-Sales Solutions Architect,Mongodb,Mexico City,https://www.mongodb.com/careers/job/?gh_jid=7411421,
Senior Pre-Sales Solutions Architect,Mongodb,Boston,https://www.mongodb.com/careers/job/?gh_jid=7409331,
Senior Pre-Sales Solutions Architect,Mongodb,São Paulo,https://www.mongodb.com/careers/job/?gh_jid=6895320,
Senior Pre-Sales Solutions Architect,Mongodb,TBD,https://www.mongodb.com/careers/job/?gh_jid=7411100,
Senior Pre-Sales Solutions Architect,Mongodb,Los Angeles; San Diego,https://www.mongodb.com/careers/job/?gh_jid=6975884,
Senior Product Manager,Mongodb,United States,https://www.mongodb.com/careers/job/?gh_jid=7287364,
"Senior Product Manager, Atlas",Mongodb,Dublin,https://www.mongodb.com/careers/job/?gh_jid=7247914,
"Senior Product Manager, Growth & Developer Experience",Mongodb,Austin; Boston; Chicago; Dallas; Houston; Miami; New York City; United States,https://www.mongodb.com/careers/job/?gh_jid=7280325,
"Senior Product Manager- HR Tech (Recruiting, Onboarding, and Offboarding)",Mongodb,United States,https://www.mongodb.com/careers/job/?gh_jid=7401584,
Senior Product Manager - P&T,Mongodb,New York City,https://www.mongodb.com/careers/job/?gh_jid=7428476,
"Senior Product Manager, Python Developer Experience",Mongodb,Ireland,https://www.mongodb.com/careers/job/?gh_jid=7388900,
"Senior Product Manager, Python Developer Experience",Mongodb,Dublin,https://www.mongodb.com/careers/job/?gh_jid=7378931,
"Senior Product Manager, Search Platform",Mongodb,Alberta; British Columbia; Calgary; Toronto,https://www.mongodb.com/careers/job/?gh_jid=7409203,
"Senior Product Manager, Search Platform",Mongodb,New York City; Palo Alto; San Francisco; United States,https://www.mongodb.com/careers/job/?gh_jid=7409201,
Senior Product Security Engineer,Mongodb,Dublin,https://www.mongodb.com/careers/job/?gh_jid=7484919,
"Senior Product Security Engineer, Server",Mongodb,Dublin,https://www.mongodb.com/careers/job/?gh_jid=7484912,
Senior Relationship Account Manager,Mongodb,Tel Aviv,https://www.mongodb.com/careers/job/?gh_jid=7437688,
Senior Relationship Account Manager,Mongodb,Dublin,https://www.mongodb.com/careers/job/?gh_jid=7476612,
Senior Relationship Account Manager - German Speaker,Mongodb,Dublin,https://www.mongodb.com/careers/job/?gh_jid=6934211,
"Senior Research Scientist, Voyage AI",Mongodb,Palo Alto,https://www.mongodb.com/careers/job/?gh_jid=7365646,
"Senior SDET Engineer, Query",Mongodb,Dublin,https://www.mongodb.com/careers/job/?gh_jid=7571473,
Senior Software Development Engineer,Mongodb,Dublin,https://www.mongodb.com/careers/job/?gh_jid=7243860,
Senior Software Engineer,Mongodb,Sydney,https://www.mongodb.com/careers/job/?gh_jid=6929125,
Senior Software Engineer,Mongodb,Dublin,https://www.mongodb.com/careers/job/?gh_jid=7562420,
"Senior Software Engineer, Atlas Clusters Security",Mongodb,New York City,https://www.mongodb.com/careers/job/?gh_jid=7254433,
"Senior Software Engineer, Atlas Dedicated",Mongodb,Dublin,https://www.mongodb.com/careers/job/?gh_jid=7137841,
"Senior Software Engineer, Atlas Growth",Mongodb,Dublin,https://www.mongodb.com/careers/job/?gh_jid=7411433,
"Senior Software Engineer, Atlas Search Systems",Mongodb,New York City,https://www.mongodb.com/careers/job/?gh_jid=7488010,
"Senior Software Engineer, C2C Services",Mongodb,Dublin,https://www.mongodb.com/careers/job/?gh_jid=7378959,
"Senior Software Engineer, C2C Tooling",Mongodb,Dublin,https://www.mongodb.com/careers/job/?gh_jid=7380085,
"Senior Software Engineer, Cloud Alerts Platform",Mongodb,Dublin,https://www.mongodb.com/careers/job/?gh_jid=7411030,
"Senior Software Engineer, Data Migration",Mongodb,Alberta; British Columbia; Edmonton; Manitoba; Nova Scotia; Ontario; Quebec,https://www.mongodb.com/careers/job/?gh_jid=7449831,
"Senior Software Engineer, Data Migration",Mongodb,California; Colorado; Montana; Nevada; New Mexico; Oregon; Utah; Washington,https://www.mongodb.com/careers/job/?gh_jid=7449128,
"Senior Software Engineer, DevTools",Mongodb,Dublin,https://www.mongodb.com/careers/job/?gh_jid=7541590,
"Senior Software Engineer, Education AI",Mongodb,Dublin,https://www.mongodb.com/careers/job/?gh_jid=7388640,
"Senior Software Engineer, Education AI",Mongodb,Ireland,https://www.mongodb.com/careers/job/?gh_jid=7427702,
"Senior Software Engineer, Forward Deployed AI Engineer",Mongodb,Dublin,https://www.mongodb.com/careers/job/?gh_jid=7392902,
"Senior Software Engineer, Frontend and AI",Mongodb,New York City,https://www.mongodb.com/careers/job/?gh_jid=7304325,
"Senior Software Engineer, Frontend Platform",Mongodb,Dublin,https://www.mongodb.com/careers/job/?gh_jid=7283434,
"Senior Software Engineer, Identity and Access Management",Mongodb,Toronto,https://www.mongodb.com/careers/job/?gh_jid=7059646,
"Senior Software Engineer, Inference Platform",Mongodb,Palo Alto,https://www.mongodb.com/careers/job/?gh_jid=7467701,
"Senior Software Engineer, MongoDB Server Clusters and Interfaces",Mongodb,Toronto,https://www.mongodb.com/careers/job/?gh_jid=6749360,
"Senior Software Engineer, MongoDB Server Clusters and Interfaces",Mongodb,United States,https://www.mongodb.com/careers/job/?gh_jid=6749138,
"Senior Software Engineer, Private Cloud Backup",Mongodb,Dublin; Ireland,https://www.mongodb.com/careers/job/?gh_jid=7553999,
"Senior Software Engineer, Private Cloud Backup",Mongodb,Ireland,https://www.mongodb.com/careers/job/?gh_jid=7557847,
"Senior Software Engineer, Query Execution",Mongodb,Dublin,https://www.mongodb.com/careers/job/?gh_jid=7484657,
"Senior Software Engineer, Search Systems",Mongodb,Toronto,https://www.mongodb.com/careers/job/?gh_jid=7345260,
"Senior Software Engineer, Storage Engines",Mongodb,Sydney,https://www.mongodb.com/careers/job/?gh_jid=7253410,
Senior Solutions Architect,Mongodb,Cologne,https://www.mongodb.com/careers/job/?gh_jid=7076851,
Senior Solutions Architect,Mongodb,Shenzhen,https://www.mongodb.com/careers/job/?gh_jid=7366448,
Senior Solutions Architect,Mongodb,Paris,https://www.mongodb.com/careers/job/?gh_jid=7359280,
Senior Solutions Architect,Mongodb,Hong Kong,https://www.mongodb.com/careers/job/?gh_jid=7372171,
Senior Solutions Architect,Mongodb,Geneva,https://www.mongodb.com/careers/job/?gh_jid=7245716,
Senior Solutions Architect,Mongodb,Shenzhen,https://www.mongodb.com/careers/job/?gh_jid=7157100,
Senior Solutions Architect,Mongodb,Stuttgart,https://www.mongodb.com/careers/job/?gh_jid=7076867,
Senior Solutions Architect,Mongodb,Munich,https://www.mongodb.com/careers/job/?gh_jid=7076858,
Senior Solutions Architect,Mongodb,Hamburg,https://www.mongodb.com/careers/job/?gh_jid=7076857,
Senior Solutions Architect,Mongodb,Frankfurt,https://www.mongodb.com/careers/job/?gh_jid=7076856,
Senior Solutions Architect,Mongodb,Berlin,https://www.mongodb.com/careers/job/?gh_jid=7076812,
Senior Solutions Architect,Mongodb,London,https://www.mongodb.com/careers/job/?gh_jid=7034116,
Senior Solutions Architect,Mongodb,Seoul,https://www.mongodb.com/careers/job/?gh_jid=7566235,
Senior Solutions Architect - Partners,Mongodb,Singapore,https://www.mongodb.com/careers/job/?gh_jid=7518792,
Senior Solutions Architect (Pre-Sales),Mongodb,San Francisco,https://www.mongodb.com/careers/job/?gh_jid=7368165,
Senior Solutions Architect (Thai Speaking),Mongodb,Singapore,https://www.mongodb.com/careers/job/?gh_jid=7196053,
"Senior Specialist, Payroll",Mongodb,Gurugram,https://www.mongodb.com/careers/job/?gh_jid=7457914,
"Senior Staff Engineer, Server Networking & Observability",Mongodb,Toronto,https://www.mongodb.com/careers/job/?gh_jid=6659382,
"Senior Staff Engineer, Server Networking & Observability",Mongodb,Palo Alto,https://www.mongodb.com/careers/job/?gh_jid=6661887,
"Senior Staff Engineer, Server Networking & Observability",Mongodb,Seattle,https://www.mongodb.com/careers/job/?gh_jid=6661893,
"Senior Staff Engineer, Server Networking & Observability",Mongodb,United States,https://www.mongodb.com/careers/job/?gh_jid=6713492,
"Senior Staff Engineer, Server Networking & Observability",Mongodb,New York City,https://www.mongodb.com/careers/job/?gh_jid=6659380,
Senior Staff Technical Program Manager,Mongodb,Dublin; Ireland,https://www.mongodb.com/careers/job/?gh_jid=7340968,
"Senior Strategy & Operations Lead, ITPMO",Mongodb,Gurugram,https://www.mongodb.com/careers/job/?gh_jid=7441440,
Senior Technical Program Manager,Mongodb,Bengaluru,https://www.mongodb.com/careers/job/?gh_jid=7474730,
"Senior Technical Program Manager, MongoDB Server Hardening",Mongodb,Dublin,https://www.mongodb.com/careers/job/?gh_jid=7515236,
Senior Technical Services Engineer- Weekends,Mongodb,Palo Alto,https://www.mongodb.com/careers/job/?gh_jid=7368213,
Senior Win/Loss & Customer Insights Analyst,Mongodb,Dublin,https://www.mongodb.com/careers/job/?gh_jid=7477055,
Site Reliability Engineer 3,Mongodb,New York City,https://www.mongodb.com/careers/job/?gh_jid=7145126,
"Site Reliability Engineer (Senior or Staff), Atlas",Mongodb,Austin; Boston; Chicago; New York City; Pittsburgh; United States,https://www.mongodb.com/careers/job/?gh_jid=6984809,
"Site Reliability Engineer (Senior or Staff), Fabric",Mongodb,Alberta; British Columbia; Manitoba; Ontario; Quebec,https://www.mongodb.com/careers/job/?gh_jid=6987335,
"Site Reliability Engineer (Senior or Staff), Fabric",Mongodb,Austin; Boston; Los Angeles; New York City; Raleigh; San Francisco; United States,https://www.mongodb.com/careers/job/?gh_jid=6987333,
"Site Reliability Engineer (Senior or Staff), Infrastructure Security",Mongodb,Ontario; Quebec,https://www.mongodb.com/careers/job/?gh_jid=6864997,
"Site Reliability Engineer (Senior or Staff), Infrastructure Security",Mongodb,Austin; Chicago; New York City; San Francisco; United States,https://www.mongodb.com/careers/job/?gh_jid=6601882,
"Site Reliability Engineer (Senior or Staff), Infrastructure Security",Mongodb,Ireland,https://www.mongodb.com/careers/job/?gh_jid=6865004,
"Site Reliability Engineer (Senior or Staff), Observability",Mongodb,Ireland,https://www.mongodb.com/careers/job/?gh_jid=7192648,
"Site Reliability Engineer (Senior or Staff), Observability",Mongodb,Austin; Boston; Chicago; New York City; Pittsburgh; United States; Washington DC,https://www.mongodb.com/careers/job/?gh_jid=6711349,
Social Media Manager,Mongodb,India,https://www.mongodb.com/careers/job/?gh_jid=7493797,
Software Engineer 3,Mongodb,Toronto,https://www.mongodb.com/careers/job/?gh_jid=7523928,
Software Engineer 3,Mongodb,Toronto,https://www.mongodb.com/careers/job/?gh_jid=7522856,
" Software Engineer 3, Atlas Data Federation Customer Experience",Mongodb,New York City,https://www.mongodb.com/careers/job/?gh_jid=7551186,
"Software Engineer 3, Atlas Growth",Mongodb,New York City,https://www.mongodb.com/careers/job/?gh_jid=7460387,
"Software Engineer 3, Internal Engineering",Mongodb,Gurugram,https://www.mongodb.com/careers/job/?gh_jid=7543827,
"Software Engineer 3, Query Execution",Mongodb,Dublin,https://www.mongodb.com/careers/job/?gh_jid=7533978,
"Software Engineer 3 (SE3), Developer Productivity (Backstage)",Mongodb,United States,https://www.mongodb.com/careers/job/?gh_jid=7527309,
"Software Engineer 3 (SE3), Developer Productivity (Backstage)",Mongodb,Alberta; British Columbia; Manitoba; Nova Scotia; Ontario; Quebec,https://www.mongodb.com/careers/job/?gh_jid=7527311,
"Software Engineer 3, Search Systems Replication & Routing",Mongodb,San Francisco,https://www.mongodb.com/careers/job/?gh_jid=7235322,
"Software Engineer 3, Storage Engines",Mongodb,Sydney,https://www.mongodb.com/careers/job/?gh_jid=7253772,
"Software Engineer, Atlas Clusters",Mongodb,Dublin,https://www.mongodb.com/careers/job/?gh_jid=7579042,
"Software Engineer, Catalog and Routing",Mongodb,Dublin,https://www.mongodb.com/careers/job/?gh_jid=6677731,
"Software Engineer, Data Migration",Mongodb,California; Colorado; Montana; Nevada; New Mexico; Oregon; Utah; Washington,https://www.mongodb.com/careers/job/?gh_jid=7311666,
"Software Engineer, Data Migration",Mongodb,British Columbia; Calgary,https://www.mongodb.com/careers/job/?gh_jid=7311708,
Solutions Architect,Mongodb,Munich,https://www.mongodb.com/careers/job/?gh_jid=7078647,
Solutions Architect,Mongodb,Hamburg,https://www.mongodb.com/careers/job/?gh_jid=7078662,
Solutions Architect,Mongodb,Stuttgart,https://www.mongodb.com/careers/job/?gh_jid=7078654,
Solutions Architect,Mongodb,Frankfurt,https://www.mongodb.com/careers/job/?gh_jid=7078645,
Solutions Architect,Mongodb,Berlin,https://www.mongodb.com/careers/job/?gh_jid=7078334,
Solutions Architect,Mongodb,Cologne,https://www.mongodb.com/careers/job/?gh_jid=7078383,
Solutions Architect,Mongodb,Gurugram,https://www.mongodb.com/careers/job/?gh_jid=7455000,
Solutions Architect,Mongodb,São Paulo,https://www.mongodb.com/careers/job/?gh_jid=7287619,
"Solutions Architect, German speaker",Mongodb,Poland,https://www.mongodb.com/careers/job/?gh_jid=7557618,
"Solutions Architect, German speaker",Mongodb,Dublin,https://www.mongodb.com/careers/job/?gh_jid=7448861,
"Specialist, Sales Compensation",Mongodb,Gurugram,https://www.mongodb.com/careers/job/?gh_jid=6418236,
"Sr. Manager, Creator and Advocacy Programs",Mongodb,Austin; United States,https://www.mongodb.com/careers/job/?gh_jid=7417465,
"Staff Data Analyst, Growth",Mongodb,New York City,https://www.mongodb.com/careers/job/?gh_jid=7218663,
"Staff Developer Advocate, AI/ML",Mongodb,Palo Alto; San Francisco,https://www.mongodb.com/careers/job/?gh_jid=7434514,
"Staff Engineer, C2C",Mongodb,Dublin,https://www.mongodb.com/careers/job/?gh_jid=7409529,
"Staff Engineer, Search Systems",Mongodb,Toronto,https://www.mongodb.com/careers/job/?gh_jid=7094786,
Staff NetSuite Engineer,Mongodb,Palo Alto,https://www.mongodb.com/careers/job/?gh_jid=7274598,
Staff Product Manager - Quote to Cash (Q2C),Mongodb,New York City; San Francisco,https://www.mongodb.com/careers/job/?gh_jid=7362053,
"Staff Product Manager, Security",Mongodb,Toronto,https://www.mongodb.com/careers/job/?gh_jid=7477254,
"Staff Product Manager, Security",Mongodb,New York City; United States,https://www.mongodb.com/careers/job/?gh_jid=7439270,
Staff Product Manager - Tax/Treasury,Mongodb,New York City; Palo Alto; San Francisco,https://www.mongodb.com/careers/job/?gh_jid=7484738,
Staff Product Marketing Manager,Mongodb,Austin; United States,https://www.mongodb.com/careers/job/?gh_jid=7434509,
Staff Product Marketing Manager,Mongodb,New York City,https://www.mongodb.com/careers/job/?gh_jid=7526003,
"Staff Research Scientist, Voyage AI",Mongodb,Palo Alto; United States,https://www.mongodb.com/careers/job/?gh_jid=7280132,
"Staff Software Engineer, Atlas Growth",Mongodb,Dublin,https://www.mongodb.com/careers/job/?gh_jid=7411430,
"Staff Software Engineer, Networking & Observability",Mongodb,Alberta; British Columbia; Manitoba; Nova Scotia; Ontario; Quebec,https://www.mongodb.com/careers/job/?gh_jid=7264738,
"Staff Software Engineer, Networking & Observability",Mongodb,Seattle; United States,https://www.mongodb.com/careers/job/?gh_jid=7264736,
"Staff Software Engineer, Query",Mongodb,New York City; United States,https://www.mongodb.com/careers/job/?gh_jid=7221902,
"Staff Software Engineer, Query",Mongodb,Calgary; Edmonton; Montreal; Ontario; Toronto; Vancouver,https://www.mongodb.com/careers/job/?gh_jid=7221904,
"Staff Software Engineer, Replicated Storage Services (Replication)",Mongodb,New York City,https://www.mongodb.com/careers/job/?gh_jid=7456085,
"Staff Software Engineer, Replicated Storage Services (Replication)",Mongodb,United States,https://www.mongodb.com/careers/job/?gh_jid=7477375,
"Staff Software Engineer, Replicated Storage Services (Replication)",Mongodb,Alberta; British Columbia; Calgary; Ontario; Quebec,https://www.mongodb.com/careers/job/?gh_jid=7477378,
"Staff Software Engineer, Server Security",Mongodb,Alberta; British Columbia; Manitoba; Nova Scotia; Ontario; Quebec,https://www.mongodb.com/careers/job/?gh_jid=7565038,
"Staff Software Engineer, Server Security",Mongodb,United States,https://www.mongodb.com/careers/job/?gh_jid=7557589,
Staff Technical Program Manager,Mongodb,Dublin; Ireland,https://www.mongodb.com/careers/job/?gh_jid=7465124,
"Staff Technical Program Manager, GTM Tech",Mongodb,Gurugram,https://www.mongodb.com/careers/job/?gh_jid=7493634,
Strategic Customer Success Manager - Public Sector,Mongodb,London,https://www.mongodb.com/careers/job/?gh_jid=7259608,
"Supervisor, Payroll",Mongodb,Gurugram,https://www.mongodb.com/careers/job/?gh_jid=7469476,
"Team Lead, Sales Operations",Mongodb,Dublin,https://www.mongodb.com/careers/job/?gh_jid=7522977,
Technical Project Manager,Mongodb,Frankfurt,https://www.mongodb.com/careers/job/?gh_jid=7395115,
Technical Project Manager,Mongodb,Berlin,https://www.mongodb.com/careers/job/?gh_jid=7395077,
Technical Project Manager,Mongodb,Munich,https://www.mongodb.com/careers/job/?gh_jid=7395116,
Technical Services Engineer,Mongodb,Vancouver,https://www.mongodb.com/careers/job/?gh_jid=7566221,
Technical Services Engineer,Mongodb,Tel Aviv,https://www.mongodb.com/careers/job/?gh_jid=7459085,
"Technical Services Engineer, Infrastructure - Weekend",Mongodb,Palo Alto,https://www.mongodb.com/careers/job/?gh_jid=7460019,
"Technical Services Engineer, Tuesday-Saturday",Mongodb,Dublin,https://www.mongodb.com/careers/job/?gh_jid=7547561,
Turkish Speaking Enterprise Account Executive,Mongodb,Dubai,https://www.mongodb.com/careers/job/?gh_jid=7113254,
VAT Tax Manager,Mongodb,Dublin,https://www.mongodb.com/careers/job/?gh_jid=7237886,
VAT Tax Manager,Mongodb,Ireland,https://www.mongodb.com/careers/job/?gh_jid=7293830,
Win/Loss & Customer Insight Analyst,Mongodb,Dublin,https://www.mongodb.com/careers/job/?gh_jid=7477073,
Workplace Specialist,Mongodb,Dublin,https://www.mongodb.com/careers/job/?gh_jid=7375749,
Account Manager,Slice,"Skopje, Ohrid, Debar, Pristina",https://slice.careers/careers-listing?gh_jid=7388099,
"Continuous Learning Manager, Enablement",Slice,US Remote,https://slice.careers/careers-listing?gh_jid=7440252,
"CRM Manager, B2C Marketing",Slice,United States,https://slice.careers/careers-listing?gh_jid=7338422,
Customer Experience Representative,Slice,Debar,https://slice.careers/careers-listing?gh_jid=7412957,
Customer Experience Representative,Slice,Pristina,https://slice.careers/careers-listing?gh_jid=6192701,
Customer Experience Representative -  Part Time ,Slice,Pristina,https://slice.careers/careers-listing?gh_jid=6705175,
Customer Experience Representative-  Part Time (Thursday - Saturday),Slice,Debar,https://slice.careers/careers-listing?gh_jid=7412965,
Delivery Driver - The Goods - Long Island,Slice,Springfield Gardens NY,https://slice.careers/careers-listing?gh_jid=6666642,
Delivery Driver - The Goods - NJ/NY,Slice,East Rutherford NJ,https://slice.careers/careers-listing?gh_jid=6153555,
Delivery & Warehouse Associate - Albany,Slice,"Schenectady NY, Albany NY, Amsterdam NY",https://slice.careers/careers-listing?gh_jid=7234640,
Delivery & Warehouse Associate - Central PA,Slice,Schnecksville PA,https://slice.careers/careers-listing?gh_jid=6604482,
Delivery & Warehouse Associate - CT (Day Shift),Slice,North Haven CT,https://slice.careers/careers-listing?gh_jid=6669596,
Delivery & Warehouse Associate - CT (Evening Shift),Slice,North Haven Connecticut,https://slice.careers/careers-listing?gh_jid=7544475,
Delivery & Warehouse Associate - DC/Baltimore,Slice,"Hanover Maryland, Baltimore Maryland",https://slice.careers/careers-listing?gh_jid=7487334,
Delivery & Warehouse Associate - Detroit (Day Shift),Slice,Livonia Michigan,https://slice.careers/careers-listing?gh_jid=6645068,
Delivery & Warehouse Associate - Detroit (Evening Shift),Slice,Livonia Michigan,https://slice.careers/careers-listing?gh_jid=7441810,
Delivery & Warehouse Associate - Los Angeles (Day Shift),Slice,Bell Gardens California ,https://slice.careers/careers-listing?gh_jid=7171887,
Delivery & Warehouse Associate - Los Angeles (Evening Shift),Slice,Bell Gardens California ,https://slice.careers/careers-listing?gh_jid=7441849,
Delivery & Warehouse Associate - Philly,Slice,Bellmawr New Jersey,https://slice.careers/careers-listing?gh_jid=6251982,
Delivery & Warehouse Associate - Rochester,Slice,"Rochester NY, Gates NY, Greece NY",https://slice.careers/careers-listing?gh_jid=7375895,
Delivery & Warehouse Associate - South Florida (Day Shift) ,Slice,Fort Lauderdale FL,https://slice.careers/careers-listing?gh_jid=6239675,
Delivery & Warehouse Associate - South Florida (Evening Shift) ,Slice,Fort Lauderdale FL,https://slice.careers/careers-listing?gh_jid=7527112,
Delivery & Warehouse Associate - Tampa Bay Area,Slice,St. Petersburg FL,https://slice.careers/careers-listing?gh_jid=7375903,
"Director, Global Compensation",Slice,US or UK Remote,https://slice.careers/careers-listing?gh_jid=7411260,
"Director, Sales - West Coast",Slice,West Coast US,https://slice.careers/careers-listing?gh_jid=7215330,
Inside Sales Manager - Canada (On-Site),Slice,"Kitchener/Waterloo, Canada",https://slice.careers/careers-listing?gh_jid=7294499,
Printer Operator (Full Time),Slice,East Rutherford New Jersey,https://slice.careers/careers-listing?gh_jid=7202323,
Printer Operator (Part Time),Slice,East Rutherford New Jersey,https://slice.careers/careers-listing?gh_jid=7202347,
Sales Talent Community – In-Market Sales (US),Slice,US,https://slice.careers/careers-listing?gh_jid=7534358,
"Senior Governance, Risk & Compliance Specialist",Slice,Canada,https://slice.careers/careers-listing?gh_jid=7452031,
"Senior Governance, Risk & Compliance Specialist",Slice,Kosovo,https://slice.careers/careers-listing?gh_jid=7474772,
"Senior Governance, Risk & Compliance Specialist",Slice,United Kingdom,https://slice.careers/careers-listing?gh_jid=7452030,
"Senior Governance, Risk & Compliance Specialist",Slice,North Macedonia,https://slice.careers/careers-listing?gh_jid=7474707,
Social Media & Community Lead,Slice,US Remote,https://slice.careers/careers-listing?gh_jid=5513374,
"Software Developer, Services",Slice,Canada,https://slice.careers/careers-listing?gh_jid=7228672,
"Software Developer, Services",Slice,United Kingdom,https://slice.careers/careers-listing?gh_jid=7228671,
"Software Developer, Web",Slice,United Kingdom,https://slice.careers/careers-listing?gh_jid=7372575,
Strategy and Operations Lead - Albany (Onsite),Slice,Albany New York,https://slice.careers/careers-listing?gh_jid=7155874,
Territory Manager - Baltimore / Northern Maryland,Slice,Baltimore (MD),https://slice.careers/careers-listing?gh_jid=7194566,
Territory Manager - Dutchess/Orange Counties (NY),Slice,Dutchess/Orange Counties (NY),https://slice.careers/careers-listing?gh_jid=7194590,
Territory Manager - Jacksonville - Daytona Beach (FL),Slice,Jacksonville - Daytona Beach (FL),https://slice.careers/careers-listing?gh_jid=7522875,
Territory Manager - Los Angeles (CA),Slice,"Culver City, Inglewood, Gardena ",https://slice.careers/careers-listing?gh_jid=7194578,
Warehouse Associate (Day Shift),Slice,East Rutherford NJ,https://slice.careers/careers-listing?gh_jid=7455299,
Warehouse Associate (Evening Shift),Slice,East Rutherford NJ,https://slice.careers/careers-listing?gh_jid=5980489,
Warehouse Associate (Weekend Shift),Slice,East Rutherford New Jersey,https://slice.careers/careers-listing?gh_jid=7576874,
Warehouse Manager- Albany,Slice,Albany New York,https://slice.careers/careers-listing?gh_jid=6970474,
