job_title,company,location,link,description
Care Guide - Healthcare Coordinator,Porter,"Pompano Beach, FL",https://jobs.lever.co/porter/62def011-7976-48ae-9f41-4c89f57bd0cf,"Care Guide 

Full Time
Hourly Rate: $22.83
Location: On-site, Pompano Beach, FL
 
About Porter
Porter is a fast-growing healthcare-technology and services company, built on the mission of simplifying and improving the care-at-home journey for patients and members. Leveraging advanced analytics, AI-driven tools, and a dedicated care-guide team, Porter delivers personalized care coordination, risk-adjustment support, and comprehensive member services — helping payers, providers, and members navigate complex care requirements with clarity and compassion. Porter stands at the forefront of care-coordination innovation, striving to deliver high-quality, efficient, and patient-centric support across the care continuum.
 
About the Role
The Care Guide acts as a personal resource to Porter members (customers, patients, caregivers) to assist with a wide variety of healthcare-related needs and helps them to be successful in navigating through their healthcare journey. Ideal candidates will have the experience, drive, and compassion to seek out opportunities to proactively identify needs and resources to meet those needs, help members to understand the complexities of our healthcare system, ensure that members are fully utilizing their insurance plan benefits, and reduce costs (e.g., locate cost-effective solutions, identify the most appropriate site of care, help prevent avoidable admissions/readmissions, etc.).  
Job responsibilities include, but are not limited to:  
·       Scheduling practitioner visits for in-home or health assessment  
·       Assist members with all aspects of the Porter relationship, account, products, and Porter's Member Platform 
·       Proactively identify the needs of members and provide personalized service  
·       Act as a comprehensive resource for assisting members with a broad range of healthcare questions and needs  
·       Identify and document Social Determinants of Health (SDOH) and assist with identification of community resources  
·       Facilitate communications to bridge between patients and appropriate clinical teams as needed  
·       Help identify and facilitate education resources to assist members in their self-care  
·       Interpret and articulate Health Plan benefits and coverage, and ensure that members are fully utilizing their benefits  
·       Be readily available to assist members via omnichannel resources (phone, email, chat)  
·       Manage & update customer CRM (Salesforce Service Cloud)  
·       Document relevant details about all patient/Caregiver interactions.  
·       Boost member satisfaction and loyalty by providing consistently excellent experience and striving to go above and beyond.  
·       Assist members with hospital discharges (when applicable):  
o   Coordinates and facilitates patient discharge planning in collaboration with other healthcare professionals.  
o   Collaborate with patients, caregiver(s), and healthcare team to facilitate a discharge process that enhances patient satisfaction and adherence to discharge orders, and ensures efficiency of time and resources involved in each patient discharge.  
o   Review case notes from Hospital providers to identify Durable Medical Equipment (DME) needs, schedule requested appointments, and/or facilitate other needs required to ensure optimal outcomes for patients post-discharge.  
o   Act as concierge to identify and facilitate DME procurement and follow-up appointment needs for patients  
 
What You'll Need 
 
Qualifications That Are Preferred
·      2-3 years of experience working in direct contact with patients in a healthcare setting  
·       Demonstrated ability to interpret and apply health insurance benefits  
·       A strong sense of empathy, compassion, and friendliness (extroverted and people-oriented)  
·       Drive to go above and beyond to ensure that members/patients/caregivers feel genuinely supported and valued during challenging times  
·       Exceptional communication skills, both written and oral, with the ability to assist others (customers and coworkers alike) with sincerity, respect, and compassion  
·       Strong time management and organizational skills to juggle meetings and various administrative requirements while keeping member needs at the forefront  
·       Must be an excellent listener, both to ensure that the member feels valued/respected and to identify any potential needs that the member may not be directly articulating  
·       Ability to work with team to cover on-call and holiday schedules as needed  
 
 
Qualifications That Are Required  
·       High School Diploma  
·       Ability to keep all company-sensitive documents and systems secure  

"
Care Guide Coordinator,Porter,"Pompano Beach, FL",https://jobs.lever.co/porter/194cfbf9-a467-449c-8837-1714117880b8,"Care Guide 
Hourly Rate: $22.83
Location: On-site, Pompano Beach, FL
 
About Porter
Porter is a fast-growing healthcare-technology and services company, built on the mission of simplifying and improving the care-at-home journey for patients and members. Leveraging advanced analytics, AI-driven tools, and a dedicated care-guide team, Porter delivers personalized care coordination, risk-adjustment support, and comprehensive member services — helping payers, providers, and members navigate complex care requirements with clarity and compassion. Porter stands at the forefront of care-coordination innovation, striving to deliver high-quality, efficient, and patient-centric support across the care continuum.
 
About the Role
The Care Guide acts as a personal resource to Porter members (customers, patients, caregivers) to assist with a wide variety of healthcare-related needs and helps them to be successful in navigating through their healthcare journey. Ideal candidates will have the experience, drive, and compassion to seek out opportunities to proactively identify needs and resources to meet those needs, help members to understand the complexities of our healthcare system, ensure that members are fully utilizing their insurance plan benefits, and reduce costs (e.g., locate cost-effective solutions, identify the most appropriate site of care, help prevent avoidable admissions/readmissions, etc.).  
Job responsibilities include, but are not limited to:  
·       Scheduling practitioner visits for in-home or health assessment  
·       Assist members with all aspects of the Porter relationship, account, products, and Porter's Member Platform 
·       Proactively identify the needs of members and provide personalized service  
·       Act as a comprehensive resource for assisting members with a broad range of healthcare questions and needs  
·       Identify and document Social Determinants of Health (SDOH) and assist with identification of community resources  
·       Facilitate communications to bridge between patients and appropriate clinical teams as needed  
·       Help identify and facilitate education resources to assist members in their self-care  
·       Interpret and articulate Health Plan benefits and coverage, and ensure that members are fully utilizing their benefits  
·       Be readily available to assist members via omnichannel resources (phone, email, chat)  
·       Manage & update customer CRM (Salesforce Service Cloud)  
·       Document relevant details about all patient/Caregiver interactions.  
·       Boost member satisfaction and loyalty by providing consistently excellent experience and striving to go above and beyond.  
·       Assist members with hospital discharges (when applicable):  
o   Coordinates and facilitates patient discharge planning in collaboration with other healthcare professionals.  
o   Collaborate with patients, caregiver(s), and healthcare team to facilitate a discharge process that enhances patient satisfaction and adherence to discharge orders, and ensures efficiency of time and resources involved in each patient discharge.  
o   Review case notes from Hospital providers to identify Durable Medical Equipment (DME) needs, schedule requested appointments, and/or facilitate other needs required to ensure optimal outcomes for patients post-discharge.  
o   Act as concierge to identify and facilitate DME procurement and follow-up appointment needs for patients  
 
What You'll Need 
 
Qualifications That Are Preferred
·       2-3 years of experience working in direct contact with patients in a healthcare setting  
·       Demonstrated ability to interpret and apply health insurance benefits  
·       A strong sense of empathy, compassion, and friendliness (extroverted and people-oriented)  
·       Drive to go above and beyond to ensure that members/patients/caregivers feel genuinely supported and valued during challenging times  
·       Exceptional communication skills, both written and oral, with the ability to assist others (customers and coworkers alike) with sincerity, respect, and compassion  
·       Strong time management and organizational skills to juggle meetings and various administrative requirements while keeping member needs at the forefront  
·       Must be an excellent listener, both to ensure that the member feels valued/respected and to identify any potential needs that the member may not be directly articulating  
·       Ability to work with team to cover on-call and holiday schedules as needed  
 
 
Qualifications That Are Required  
·       High School Diploma  
·       Ability to keep all company-sensitive documents and systems secure  

"
Practice Coordinator,Porter,"Pompano Beach, FL",https://jobs.lever.co/porter/d9905925-e50c-452a-893b-e4a73b07f13b,"Porter is hiring Practice Coordinators!

Who We Are

Porter is a Healthcare IT and Service Platform Startup combining the power of analytics with the power of are. Our dedicated team is committed to bringing transparency to healthcare driven by robust AI analytics, helping our members navigate the healthcare delivery system, securing the right support for each member’s specific needs, and directing Porter’s team of expert clinicians. By coordinating the complexities of each unique care journey, Porter helps close the gaps with the largest impact on quality measures, total cost of care, risk adjustment, and member experience. 


What You'll Do

The Practice Coordinator will handle managing all pre-visit activities associated with our in-home assessment and telehealth operations. This includes, but is not limited to: 
	- Reviewing all scheduled appointments. 
	- Preparing charts and necessary documentation. 
	- Making outbound calls to members to confirm appointments. 
	- Conducting the check-in process on the day of the assessment, including a comprehensive health risk assessment. 
	- Managing the schedules of Nurse Practitioners (NPs). 
	- Routing and completing all medical records. 
	- Ensuring NPs can complete 100% of their scheduled assessments. 
	- Ensuring NPs have the necessary equipment and supplies to complete their assessments and ordered labs/diagnostics.  
	- Owning the rescheduling process to ensure all members are seen promptly if an appointment needs to be rescheduled. 
	- Accountable for achieving established scheduling and completed assessment KPIs.  

On-site Office: Pompano Beach, FL

What You'll Need

Required Qualifications:
	- Provider Practice experience
	- Medical Office Management experience
	- Provider Management experience
	- Experience in Routing and Coordination
	- Knowledge of Medical Terminology
Preferred Qualifications:
	- 5 years of experience working in an outpatient role
Key Skills
	- Strong Organization and multitasking abilities
	- Excellent communication and interpersonal skills
	- Proficiency in medical record management and electronic health records (EHR) systems
	- Ability to manage schedules and coordination efficiently
	- Problem-solving skills to handle rescheduling and member coordination
	- Attention to detail and accuracy in documentation and record-keeping
	- Familiarity with healthcare regulations and compliance standards
"
AM/ Manager - Risk & Decision Science - Financial Services,Meesho,"Bangalore, Karnataka",https://jobs.lever.co/meesho/7d9af9b5-c1c7-48ec-bbb5-9b25e49f6596,"About the Team

Would you like to be part of creating a unicorn within a unicorn? Solve some of the biggest challenges facing financial inclusion of Bharat? Well, then here’s your chance! Financial Services (FS) is one of the biggest new bets we are taking at Meesho on the next 10x horizon opportunity for us. Just as Ant Financial did for Alibaba, and Mercado Pago did for Mercado Libre, our vision is to build financial services for Meesho, becoming our key growth and revenue driver.  We have found our Product-Market Fit and built and proved 0-1 and 1-10 journeys, Now looking for someone who can be the founding member of 10-100-1000 journey and this is possibly one of the most exciting and enriching experiences one could consider in their career. 

As a Financial Services team, we always look at the bottom line. And the bottom line is - in this team, you should expect to have fun as you learn and grow.


About the Role

Lending is going to be our primary focus in this phase of our FS journey, and risk management is at the core of building any sustainable credit business at scale. Herein also lies potentially our biggest challenge for Meesho users: How do we assess risk of borrowers without any credit history? How can we leverage alternative information to better profile borrowers? How can we leverage our platform uniquely to create a sustained competitive advantage?  The Person will be responsible for driving the Policy, DS and analytics behind all these questions, from creating analytical frameworks, developing high quality analysis, driving insights and actions, and owning policy decisions. In the early phases, your role will focus on refining initially implemented policy by Analyzing and Designing credit policies using Meesho platform data, bureau data, alternate data. Creating Scorecards and models for approval. Designing experiments to test cohort behavior and experimental policies. Automate reporting and tracking of the portfolio on multiple levels , Ops performance measures, key performance indicators and associated drivers.
"
Analytics Manager,Meesho,"Bangalore, Karnataka",https://jobs.lever.co/meesho/73ac38ff-d3ab-4dab-a40e-798af7b6fa1f,"About the Team

With almost 4 Lakh entrepreneurs aboard the Meesho app, we are all set to democratise internet commerce for everyone in India. Our primary responsibility, as the Business org, is to actively drive this mission from the frontlines.

As Manager - Business Analytics, you will play a huge role in driving growth across all categories. Our team holds end-to-end responsibility to launch and scale-up categories, by ensuring the right selection, competitive pricing, and conversion. Each category team has an SBM/BM and a group of ABMs, KAMs, and BD Executives. 

Within the business team, you'll closely work with the category marketing team and other category teams. Beyond this, you will also work closely with the Product, Supplier Growth, User Growth, and Fulfillment & Experience teams.  

We focus on personal growth and fun at work just as much as we do on working hard. That is why, we have regular 1-1s, monthly outings, and timely rewards and recognitions.

About the Role

If you love making impacts, working with data, creating solutions, and have a knack for finding ways to improve processes.

We are looking for a problem-solving, forward-thinking candidate for this role. As Manager - Business Analytics, you will be a leader who can build long-term visions. You will strategize and scale by empowering others in the team as they deliver results while working across other functions such as Product, Tech, and Fulfillment. 

You will also receive regular feedback on your work from the CEO and other C-level leaders.
"
Assistant Manager - CTO's Office,Meesho,"Bangalore, Karnataka",https://jobs.lever.co/meesho/72aca601-f350-44a9-8548-6905634cf076,"About the Team

A lethal combination of innovative strategies and next-level implementations is the secret to Meesho’s phenomenal success. And our team is the strategy and implementation hub of Meesho’s tech team! Join us if you’re interested in shaping the direction of one of India’s fastest-growing unicorns and be the eyes and ears (and occasionally the brains) behind the decisions of the tech leadership.

As an Assistant Manager, Strategy & Ops (CTO’s Office) at Meesho, you will help define the technology vision and roadmap for the company and identify big bets and collaborate with different functions on critical initiatives. We are currently a team of 3 and growing - constantly tackling exciting challenges across multiple projects.

This team isn’t just about work – we believe in a work-life balance that brings out the best in our team. We strive to develop informal relationships within this small team. If tackling interesting challenges in a high-energy, fun environment sounds like something that will interest you, join us!

About the Role

As our Assistant Manager, you will focus on our biggest tech goals. You will drive cross-org initiatives with cross-functional teams including engineering, data science, product, and business to deliver key outcomes for the company. Additionally, you’ll get a seat at the table with senior leaders which will help you gain executive presence and thinking. An important aspect of the job would be bringing an “outside-in” perspective. Keeping track of dynamics in the market and movements of our peers, benchmarking for our performance, and identifying best practices we can learn from. 
"
Assistant Manager - Operations,Meesho,"Bangalore, Karnataka",https://jobs.lever.co/meesho/55637b3b-56cc-4f12-a793-48f5cdfcb192,"About the Team

We at Meesho are democratising internet commerce for everyone in India. Our Business organisation drives this mission from the frontlines.As an Assistant Manager – Operations, you will be a core part of the team responsible for end-to-end execution of high-impact sales events (Monthly FSMS, MISS, Regional Sale & MBS), ensuring flawless delivery, performance, and continuous process improvement for user-side sale operations.

About the Role

As an Assistant Manager – Operations, you will own the planning, coordination, execution, and post-mortem analysis of Meesho’s user-side sale events (Promo Sales, Deals, Big Sale Days, etc.). You will anchor the operational rollout across teams, ensuring all stages of sale activation are error-free and efficient, and you will take initiative to improve processes to reduce manual dependency, increase speed, and enhance quality control.You will work closely with cross-functional teams — including Product, Tech, Marketing, Branding, Analytics, Pricing, Fulfillment & Experience — to ensure seamless sale execution. You will also coach and manage a small team of associates, drive governance, and regularly present progress to senior leadership.
"
Assistant Manager / Manager - University Relations,Meesho,"Bangalore, Karnataka",https://jobs.lever.co/meesho/8c73b694-1c52-4108-8249-531234ca50b5,"
About the Team :

The recruiting team at Meesho hires top talent while delivering a great candidate experience. Talent advisory, branding, market positioning, sourcing, leveraging the most advanced recruiting tools are some of the things we do to deliver our key OKRs. Ethics, hard work, innovation, data-driven and customer centricity forms the foundation of this function. We are a great team to work with, ideate with and to have fun with.
 
About the Role :

Hiring top talent from universities is an important part of our talent strategy. This is a long term plan and it takes a significant amount of investment (all forms) to build the right brand, right relationships and to attract the right talent from universities. In this role you will lead our efforts in all these areas. You are an ideal candidate if you have a splendid balance of skills in talent acquisition, marketing, project management and customer success.

"
Assistant Manager- Corporate Legal,Meesho,"Bangalore, Karnataka",https://jobs.lever.co/meesho/2e612672-12be-4383-b0a3-8d0cf9f29763,"About the Team   
As part of our legal and secretarial team, you'll play a crucial role in supporting the Company with your experience in secretarial matters, corporate governance, IPO readiness, M&A.. Bring your skills and passion to a collaborative environment and play a vital role in shaping the company's journey towards excellence.

Our team believes in working hard and partying harder. We organize team trivia nights, board game marathons, and other fun events to foster our team spirit 💥.

About the Role

We are looking for a sharp, business-minded legal professional to join our Legal Team as Assistant Manager - Legal. This is a high-impact role at the intersection of law, business, and strategy - shaping key transactions, driving compliance excellence, and enabling the company’s growth journey. You will work closely with leadership and cross-functional stakeholders, acting as both a legal advisor and a business enabler.

"
Assistant Manager/ Manager Partnership :  Financial Services,Meesho,"Bangalore, Karnataka",https://jobs.lever.co/meesho/07aebc52-6bc1-4a7a-9768-b6e8d68947ab,"About the team
Would you like to be part of creating a unicorn within a unicorn? Solve some of the biggest challenges facing the financial inclusion of Bharat? Well, then here’s your chance! Financial Services (FS) is one of the fastest growing new businesses at Meesho. It's a large 10X opportunity for Meesho to build financial products for Bharat users and serve the unmet needs of millions of our users. And you will be at the center of this journey, building and scaling the business and serving millions of Meesho users. Meesho FS has several lines of products primarily in lending space for users and sellers of Meesho.

We aspire to create one of the country’s largest financial services businesses, drawing inspiration from global giants such as Alibaba, Shopee, and Mercado Libre, who have thrived in markets comparable to India and built large financial businesses.

About the Role
In this role, you will build and manage lender partnerships with Banks and NBFCs to drive lending business for Meesho users and sellers. You will play a vital role in shaping the partnership strategy for FS, identifying and integrating suitable partners, facilitating co-lending arrangements for existing partners, driving policy and commercial alignments as well as managing the supply side roadmap. In addition, you will need to work closely with internal stakeholders like growth, credit risk, product & technology teams for implementation. 

"
Associate Director - Business Finance,Meesho,"Bangalore, Karnataka",https://jobs.lever.co/meesho/b7f20190-5e8c-4cbc-901a-44a05bfec9be,"About the Team:

The BizFin team at Meesho is a close-knit and high-performing group that brings together a diverse mix of professionals from Big 4 consulting, FMCG giants, and top-tier investment firms. Our members include Chartered Accountants (many of whom are rank holders), business specialists, and former investment bankers — each contributing a unique perspective and skill set.

We thrive on solving complex, high-impact business problems across Meesho’s ecosystem. Whether it's driving growth strategy or streamlining financial operations, the team plays a critical role in shaping key decisions that drive the company's success.

We believe in cross-functional exposure, ensuring team members gain experience across different areas of the business, enabling continuous learning and a broader perspective. At our core, we value both excellence in our work and strong team bonds, creating a culture that celebrates collaboration, achievement, and the collective impact we make.

About the Role: 

As Associate Director - Business Finance, you’ll strategise with the business team and tell us how and where to spend our money. While you ensure governance and controllership are best in class, more importantly you actively work with CXOs to drive prioritisation/ choices around growth and profitability. You will lead a team of expert finance professionals - who will aid you in problem discovery, implementing complex business solutions, playing the critical challenger role in business orgs and being co-pilot in leadership level decision-making. You’ll also manage business development activities according to a financial plan. You’ll modify financial plans and budget amounts based on the changes in business plans. You’ll also provide financial support and advice to management in closing business deals and short/medium/long term strategies.
"
Associate Director – Finance Controller (Valmo),Meesho,"Bangalore, Karnataka",https://jobs.lever.co/meesho/2aacff1a-a849-4682-b7d0-6d4a14fe9daa,"About the Team

The team at Meesho is a close-knit and high-performing group that brings together a diverse mix of professionals from Big 4 consulting, FMCG giants, and top-tier investment firms. Our members include Chartered Accountants (many of whom are rank holders), business specialists, and former investment bankers — each contributing a unique perspective and skill set.

We thrive on solving complex, high-impact business problems across Meesho’s ecosystem. Whether it's driving growth strategy or streamlining financial operations, the team plays a critical role in shaping key decisions that drive the company's success.

We believe in cross-functional exposure, ensuring team members gain experience across different areas of the business, enabling continuous learning and a broader perspective. At our core, we value both excellence in our work and strong team bonds, creating a culture that celebrates collaboration, achievement, and the collective impact we make.

About the Role

We are looking for a finance leader to anchor the controllership and cost integrity for Valmo, our in-house logistics and fulfillment platform. This is a critical role in ensuring financial accuracy, cost visibility, and audit preparedness for a fast-scaling, operationally intensive business unit.
"
Associate Director – Financial Reporting,Meesho,"Bangalore, Karnataka",https://jobs.lever.co/meesho/2936334b-22f3-4ee0-8b43-7b7ed56161a2,"About the Team:

The team at Meesho is a close-knit and high-performing group that brings together a diverse mix of professionals from Big 4 consulting, FMCG giants, and top-tier investment firms. Our members include Chartered Accountants (many of whom are rank holders), business specialists, and former investment bankers — each contributing a unique perspective and skill set.

We thrive on solving complex, high-impact business problems across Meesho’s ecosystem. Whether it's driving growth strategy or streamlining financial operations, the team plays a critical role in shaping key decisions that drive the company's success.

We believe in cross-functional exposure, ensuring team members gain experience across different areas of the business, enabling continuous learning and a broader perspective. At our core, we value both excellence in our work and strong team bonds, creating a culture that celebrates collaboration, achievement, and the collective impact we make.

About the Role:

We are looking for a high-caliber finance professional to lead our Financial Reporting and Treasury charter as Associate Director – Reporting and Treasury. This role is critical as we scale toward IPO readiness and build robust, investor-grade reporting capabilities across our businesses. You will be responsible for timely and accurate financial reporting, technical accounting compliance, and driving consistency across multiple reporting entities.
"
Associate Director- FP&A,Meesho,"Bangalore, Karnataka",https://jobs.lever.co/meesho/7aa8cfe7-efe5-407b-88dd-3940ce91ded0,"About the team

Did you know Meesho helped 9 million women start businesses with zero investment? Our Finance team has a key role to play in making a difference for the better in 9 million lives. Here’s your chance to be a part of this great impact! As Associate Director - Financial Planning & Analysis(FP&A), you’ll be one among the 50+ professionals working in domains such as Financial Reporting, Finance Operations, Business Finance, Treasury Management and Taxation. The team consists of Chartered Accountants, Business experts and Engineers, who have previously worked for internationally renowned organisations.  Our team believes in working hard and partying harder. We organise team trivia nights, board game marathons, and other fun events to foster our team spirit.

About the role

Let’s get financially responsible!As Associate Director - FP&A, you’ll tell us how and where to spend our money. You’ll oversee the overall direction, control, compliance and timely and accurate reporting of management accounting and financial planning and budgeting. This role is critical for business performance and will require you to create a competitive business advantage for the team and the organisation. You’ll modify financial plans and budget amounts based on the changes in business plans. 
"
Business Manager - H&A,Meesho,"Bangalore, Karnataka",https://jobs.lever.co/meesho/eb95c6f7-9b12-49af-aa5f-f1d573e1dc55,"About the Team

Meesho is the most downloaded e-commerce app in India. And, as the Business team, we have the most bragging rights to this claim. Why? Because we hold end-to-end responsibility to launch and scale up categories, by ensuring the right selection, competitive pricing, and conversion. And we take this job very seriously. 

As a Business Manager, you will guide our Associate Business Managers, Key Account Managers, and Business Development Executives to drive growth across all categories. You will also work closely with the Category Marketing teams and coordinate with functions such as product, supplier growth, user growth, and Fulfillment & Experience. We focus on personal growth and fun at work just as much as we do on working hard. That is why, we have regular 1-1s, monthly outings, and timely rewards and recognitions.

About the Role

As a Business Manager, you will manage both the demand and supply sides of the business. You will also ensure all the best prices and choices are showcased on the app to the customers. You will own P&L (profit and loss account) and constantly drive value to your resellers. Ultimately, you will make sure the users transacting in your portfolio keep on increasing, and also that your suppliers continue to thrive.
"
Business Manager-Pricing,Meesho,"Bangalore, Karnataka",https://jobs.lever.co/meesho/883b7470-1944-4e35-bc64-50b495bb3135,"About the Team

Meesho is the most downloaded e-commerce app in India. And, as the Business team, we have the most bragging rights to this claim. Why? Because we hold end-to-end responsibility to launch and scale up categories, by ensuring the right selection, competitive pricing, and conversion. And we take this job very seriously. 

As a Business Manager, you will guide our Associate Business Managers, Key Account Managers, and Business Development Executives to drive growth across all categories. You will also work closely with the Category Marketing teams and coordinate with functions such as product, supplier growth, user growth, and Fulfillment & Experience. We focus on personal growth and fun at work just as much as we do on working hard. That is why, we have regular 1-1s, monthly outings, and timely rewards and recognitions.

About the Role

As a Business Manager, you will manage both the demand and supply sides of the business. You will also ensure all the best prices and choices are showcased on the app to the customers. You will own P&L (profit and loss account) and constantly drive value to your resellers. Ultimately, you will make sure the users transacting in your portfolio keep on increasing, and also that your suppliers continue to thrive.
"
Cluster Head - Consolidation Delhi,Meesho,"Delhi, Delhi",https://jobs.lever.co/meesho/77833a87-fbff-4fed-83bd-e3101f3d6662,"About the Team: 

Being part of Meesho's Fulfilment and Experience team will zip you to the cockpit of our ever burgeoning rocketship, where you get to directly shape the experience of the country's next billion e-Commerce users. We are an eclectic mix of 100+ professionals with diverse skill sets ranging from running operations / support, supply chain know-how, analytics and the holy grail, first principles problem solving. At Meesho, we are trying to do what's never been done before - taking e-Commerce to the masses. This leaves us with no choice but to completely reimagine logistics from the ground up, to cater to our customers' price and delivery expectations. That means a host of ""zero-to-one"" projects (takers, anyone?) to build a supply chain which changes how folks think about e-Commerce not just in India, but globally. We focus on personal growth and fun at work just as much as we do on working hard. 

About the Role:

As an Assistant Manager - Packaging Center- F&E, you’ll be responsible for overseeing the daily operations of the packaging center, ensuring efficient and effective processes, maintaining high-quality standards, and managing the team to achieve organisational goals. This role requires strong leadership, excellent organisational skills, and a deep understanding of packaging processes and safety standards.
"
Cluster Head -Last Mile - Haryana,Meesho,"Panipat, Haryana",https://jobs.lever.co/meesho/4060e54b-c5f1-4793-89f1-61ba60070f12,"About the Team

Being part of Meesho's Fulfillment and Experience (F&E) team as Cluster Head LM will zip you to the cockpit of our ever-burgeoning rocketship, where you get to directly shape the experience of the country's next billion e-Commerce users. We are an eclectic mix of 100+ professionals with diverse skill sets ranging from running operations/support, supply chain know-how, analytics and the holy grail, first principles Problem-solving. 

At Meesho, we’re trying to do what's never been done before - taking e-commerce to the masses. This leaves us with no choice but to completely reimagine logistics from the ground up, to cater to our customers' price and delivery expectations. That means a host of ""zero-to-one"" projects (takers, anyone?) to build a supply chain to change how folks think about e-Commerce – not just in India, but globally. 

We are firm believers in fun at work. With monthly F&E happy hour sessions, informal team outings, and internal virtual water cooler chat sessions, there’s never a dull moment with us :). 

About the Role 

As Cluster Head LM - Haryana, you’ll own the onboarding and training of partners and managing operations for the entire Haryana cluster. You’ll also drive key operational metrics by regularly visiting their facilities in different cities in your area. You’ll take complete ownership of processes allotted to you and work with various stakeholders to achieve team goals. You’ll continuously work towards identifying gaps and providing recommendations for improving our processes.
"
Cluster Head Middle Mile - Delhi,Meesho,"Delhi, Delhi",https://jobs.lever.co/meesho/2091ea2a-f146-41a2-bd57-89f677ca3d67,"About the Team

Being part of Meesho's Fulfillment and Experience (F&E) team as Cluster Head MM will zip you to the cockpit of our ever-burgeoning rocketship, where you get to directly shape the experience of the country's next billion e-Commerce users. We are an eclectic mix of 100+ professionals with diverse skill sets ranging from running operations/support, supply chain know-how, analytics and the holy grail, first principles Problem-solving. 

At Meesho, we’re trying to do what's never been done before - taking e-commerce to the masses. This leaves us with no choice but to completely reimagine logistics from the ground up, to cater to our customers' price and delivery expectations. That means a host of ""zero-to-one"" projects (takers, anyone?) to build a supply chain to change how folks think about e-Commerce – not just in India, but globally. 

We are firm believers in fun at work. With monthly F&E happy hour sessions, informal team outings, and internal virtual water cooler chat sessions, there’s never a dull moment with us :). 


About the Role 

As Cluster Head MM - Delhi, you’ll own the onboarding and training of partners and managing operations for the entire Delhi cluster. You’ll also drive key operational metrics by regularly visiting their facilities in different cities in your area.  You’ll take complete ownership of processes allotted to you and work with various stakeholders to achieve team goals. You’ll continuously work towards identifying gaps and providing recommendations for improving our processes.

"
Cluster Head Middle Mile - Surat,Meesho,"Surat, Gujarat",https://jobs.lever.co/meesho/a2727749-9e93-4d09-9217-9828e40b54e6,"About the Team

Being part of Meesho's Fulfillment and Experience (F&E) team as Cluster Head MM will zip you to the cockpit of our ever-burgeoning rocketship, where you get to directly shape the experience of the country's next billion e-Commerce users. We are an eclectic mix of 100+ professionals with diverse skill sets ranging from running operations/support, supply chain know-how, analytics and the holy grail, first principles Problem-solving. 

At Meesho, we’re trying to do what's never been done before - taking e-commerce to the masses. This leaves us with no choice but to completely reimagine logistics from the ground up, to cater to our customers' price and delivery expectations. That means a host of ""zero-to-one"" projects (takers, anyone?) to build a supply chain to change how folks think about e-Commerce – not just in India, but globally. 

We are firm believers in fun at work. With monthly F&E happy hour sessions, informal team outings, and internal virtual water cooler chat sessions, there’s never a dull moment with us :). 


About the Role 

As Cluster Head MM - Surat, you’ll own the onboarding and training of partners and managing operations for the entire Surat cluster. You’ll also drive key operational metrics by regularly visiting their facilities in different cities in your area.  You’ll take complete ownership of processes allotted to you and work with various stakeholders to achieve team goals. You’ll continuously work towards identifying gaps and providing recommendations for improving our processes.
"
Content Commerce Trainee – Creator Communications & GTM,Meesho,"Bangalore, Karnataka",https://jobs.lever.co/meesho/0ca8f78b-3d57-42e7-a11f-b818615aac93,"About the Team
The Content Commerce team works closely with creators to drive content-led growth on Meesho. A key part of this is ensuring clear, timely, and effective communication with creators around incentives, payouts, product changes, and platform policies. The team focuses on creator experience, clarity of messaging, and smooth GTM execution.

About the Role
As a Content Commerce Trainee – Creator Communications, you will support the team in drafting, executing, and managing communications sent to creators across multiple channels. This includes messaging related to creator incentives, GTMs for new features, and operational announcements.

The role requires strong communication skills, an understanding of Indian creator behaviour, and hands-on execution across tools like WhatsApp, Push Notifications (PNs), and RCS.
"
Data Scientist II,Meesho,"Bangalore, Karnataka",https://jobs.lever.co/meesho/cbc4c285-3c1a-48d9-a57f-7d65f76b9dc4,"About the Team

Our Data Science team is the Avengers to Meesho’s S.H.I.E.L.D 🛡️. And why not? We are the ones who assemble during the toughest challenges and devise creative solutions, building intelligent systems for millions of our users looking at a thousand different categories of products. We’ve barely scratched the surface, and have amazing challenges in charting the future of commerce for Bharat.  

Our typical day involves dealing with fraud detection, inventory optimisation, and platform vernacularisation.

As Data Scientist, you will navigate uncharted territories with us, discovering new paths to creating solutions for our users.🔍 You will be at the forefront of interesting challenges and solve unique customer problems in an untapped market.

But wait – there’s more to us. Our team is huge on having a well-rounded personal and professional life. When we aren't nose-deep in data, you will most likely find us belting “Summer of 69” at the nearest Karaoke bar, or debating who the best Spider-Man is: Maguire, Garfield, or Holland? You tell us ☺️

About the Role

Love deep data? Love discussing solutions instead of problems? Then you could be our next Data Scientist.
 
In a nutshell, your primary responsibility will be enhancing the productivity and utilisation of the generated data. Other things you will do include working closely with the business stakeholders, transforming scattered pieces of information into valuable data and sharing and presenting your valuable insights with peers.

"
Data Scientist III,Meesho,"Bangalore, Karnataka",https://jobs.lever.co/meesho/489fe662-5d28-4305-953e-91ee21e8538c,"About the Team

Our Data Science team is the Avengers to Meesho’s S.H.I.E.L.D 🛡️. And why not? We are the ones who assemble during the toughest challenges and devise creative solutions, building intelligent systems for millions of our users looking at a thousand different categories of products. We’ve barely scratched the surface, and have amazing challenges in charting the future of commerce for Bharat.  

Our typical day involves dealing with fraud detection, inventory optimisation, and platform vernacularisation.

As Data Scientist, you will navigate uncharted territories with us, discovering new paths to creating solutions for our users.🔍 You will be at the forefront of interesting challenges and solve unique customer problems in an untapped market.

But wait – there’s more to us. Our team is huge on having a well-rounded personal and professional life. When we aren't nose-deep in data, you will most likely find us belting “Summer of 69” at the nearest Karaoke bar, or debating who the best Spider-Man is: Maguire, Garfield, or Holland? You tell us ☺️

About the Role 

Love deep data? Love discussing solutions instead of problems? Then you could be our next Data Scientist. 

In a nutshell, your primary responsibility will be enhancing the productivity and utilisation of the generated data. Other things you will do include working closely with the business stakeholders, transforming scattered pieces of information into valuable data and sharing and presenting your valuable insights with peers.
"
Data Scientist IV,Meesho,"Bangalore, Karnataka",https://jobs.lever.co/meesho/38849bdb-6277-46ab-8865-7d9d83d43ba7,"About the Team

Our Data Science team is the Avengers to Meesho’s S.H.I.E.L.D 🛡️. And why not? We are the ones who assemble during the toughest challenges and devise creative solutions, building intelligent systems for millions of our users looking at a thousand different categories of products. We’ve barely scratched the surface, and have amazing challenges in charting the future of commerce for Bharat.  

Our typical day involves dealing with fraud detection, inventory optimisation, and platform vernacularisation.

As Lead Data Scientist, you will navigate uncharted territories with us, discovering new paths to creating solutions for our users.🔍 You will be at the forefront of interesting challenges and solve unique customer problems in an untapped market.

But wait – there’s more to us. Our team is huge on having a well-rounded personal and professional life. When we aren't nose-deep in data, you will most likely find us belting “Summer of 69” at the nearest Karaoke bar, or debating who the best Spider-Man is: Maguire, Garfield, or Holland? You tell us ☺️


About the Role 

Love deep data? Does ‘innovative-thinking’ describe you? Then you may be our next Lead Data Scientist.

In this role you’ll be the Dumbledore to our team of wizards - our junior data scientists. You will be responsible for transforming scattered pieces of information into valuable data that can be used to achieve goals effectively. You will extract and mine critical bits of information and drive insightful discussions that result in app innovations. 
"
Deputy Manager - Finance (Reporting),Meesho,"Bangalore, Karnataka",https://jobs.lever.co/meesho/a351704b-1611-4118-b6bd-89beaa95c63f,"About the Team 

It’s no secret that Meesho is making massive leaps towards becoming the most used e-commerce app in India. Our Finance team has a key role to play in the company's success. Here’s your chance to be a part of the Meesho success story!😎 

As Deputy Manager - Reporting (Finance), you will be one among the 50+ professionals working in domains such as Financial Reporting, Finance Operations, Business Finance, Treasury Management and Taxation. The team consists of Chartered Accountants, Business experts and Engineers, who have previously worked for internationally renowned organizations.

About the Role

We are seeking a highly skilled and experienced Deputy Manager -Finance who will lead the Financial reporting and Audit facilitation, at Meesho. This role provides an unique opportunity to be an integral part of the core team responsible for publishing financial results as Meesho is about to embark its journey as a listed company. 

This role requires to manage the Company's monthly book closure, timely prepafinancial statements preparation, accounting for non-standard transactions, key areas such as ESOPs, related party transactions and derivatives. 
"
Engineering Manager -Backend,Meesho,"Bangalore, Karnataka",https://jobs.lever.co/meesho/cb16706c-296f-4567-a41f-86206a54ee29,"About the Team
 
When 5% of Indian households shop with us, it’s important to build resilient systems to manage millions of orders every day. We’ve done this – with zero downtime!
 
Sounds impossible? Well, that’s the kind of Engineering muscle that has helped Meesho become the e-commerce giant that it is today. We value speed over perfection, and see failures as opportunities to become better. We’ve taken steps to inculcate a strong ‘Founder’s Mindset’ across our engineering teams, making us grow and move fast.
 
We place special emphasis on the continuous growth of each team member - and we do this with regular 1-1s and open communication. As Engineering Manager, you will be part of self-starters who thrive on teamwork and constructive feedback. 
 
We know how to party as hard as we work! If we aren’t building unparalleled tech solutions, you can find us debating the plot points of our favourite books and games – or even gossiping over chai. So, if a day filled with building impactful solutions with a fun team sounds appealing to you, join us.
 
About the Role
 
We are looking for Engineering Manager well-versed with emerging technologies to join our team.
 As an Engineering Manager, you will ensure consistency and quality by shaping the right strategies. You will keep an eye on all engineering projects and ensure all duties are fulfilled . You will analyse other employees’ tasks and carry on collaborations effectively. You will also transform newbies into experts and build reports on the progress of all projects.
"
Engineering Manager- Data Platform,Meesho,"Bangalore, Karnataka",https://jobs.lever.co/meesho/fc6d0443-48a8-4535-9d2b-5f9b32a136e3,"About the Role

We are looking for a seasoned Engineering Manager to lead our Data Platform. You will own the architecture and evolution of a Petabyte-scale Data Lakehouse and a Self-serve Analytics Platform, enabling real-time decision-making across the organization. In this role, you will drive consistency and quality by defining the right engineering strategies. You will oversee multiple engineering projects, ensure timely execution, collaborate across functions, and mentor engineers to grow into high-performing contributors. 
"
Group Product Manager -,Meesho,"Bangalore, Karnataka",https://jobs.lever.co/meesho/661edae6-68a8-4b05-8b52-1cfa912fcfa8,"About the Team

Product Management in Meesho closely resembles our rapacious growth. Because we obsess over understanding customer behaviour, we’ve been able to carve out an e-commerce niche in Tier 2/3/4 towns in Bharat. Our business growth is testimony to a singular focus on how we think of ‘product’ for our unique customers - ones that have barely shopped online, but are now able to because of Meesho.

Fun fact: Nearly 5% of India’s households shop with us. 😉

As a Group Product Manager in our team, you will collaborate with Developers, Product Managers, Designers, Data Scientists, and Engineers. We are driven by a ‘user-first’ mindset. We have a strong bias for action. Above all, our PMs are driven by impact, not features. We drive ‘problem discovery’ & delivery - not only obsess over “what to build”, but execute with rigour to create impact.

But there’s more – we love to have fun as much as we love to work hard. From movie buffs, to sportspersons, we have a super cool team. So, if a game of badminton after a day of brainstorming at work sounds like something you would love to do, then join us!

About the Role

We are looking for the right person to lead our talented bunch of Product Managers, Senior Product Managers and Product Analysts. As our  Group Product Manager, you will further act as a cross-functional leader. You will influence senior stakeholders across teams such as Engineering, Design, Category Management, Marketing, Operations, and Finance to bring a new product to life.
"
Lead Business Analyst,Meesho,"Bangalore, Karnataka",https://jobs.lever.co/meesho/c5c9c405-9daa-45cb-b990-7b608f5d695a,"About the Team

You’ll be part of the Analytics Team at Meesho. We are trying to revolutionize the way our consumers shop online by experimenting with a video based shopping format. 

About the Role

As a Lead Business Analyst, you will work on improving the reporting tools, methods, and processes of the team you are assigned to. You will also create and deliver weekly, monthly and quarterly metrics critical for tracking and managing the business.  You will manage numerous requests concurrently and strategically, prioritising them when necessary. 

You will actively engage with internal partners throughout the organisation to meet and exceed customer service levels and transport-related KPIs. You will brainstorm simple, scalable solutions to difficult problems, and seamlessly manage projects under your purview. You will maintain excellent relationships with our users – and in fact, advocate for them – while keeping in mind the business goals of your team. 
"
Lead Copy,Meesho,"Bangalore, Karnataka",https://jobs.lever.co/meesho/6ae92d66-8bf5-49bf-ba7d-815fd60e215e,"About Meesho & Our Growth Mission

Imagine being at the forefront of India’s only truly profitable e-commerce platform, driving 10x growth for millions across the country. That's Meesho! Our growth team isn't just about campaigns; it’s about crafting the entire user journey—from making people aware of Meesho, to getting them to download the app, engage with it, keep coming back, and even re-engage if they've been away. We're the folks who optimize the Meesho app homepage, create exciting deals, and run massive sale events to keep our users hooked!Meesho’s Creative Intelligence Unit is the powerhouse behind all of this. We're a vibrant mix of video wizards, visionary designers and captivating storytellers. We collaborate closely with our business teams to produce impactful creatives that don't just look good but deliver business results.

You'll find our creative magic across diverse areas:
Branding: Shaping our brand identity, launching sale, awareness campaigns, and unlocking new market opportunities.
Performance Marketing: Driving growth across Meta, Google, and the Play Store.
Integrated Channels: Crafting engaging push notifications and WhatsApp campaigns.
Homepage & Category Pages: Making our app and web experience irresistible.
Strategic Projects: Diving into exciting new video formats and, yes, GenAI

Your Mission: Lead the AI-Powered Creative Revolution

As our Copy Lead, you’ll be leading the charge in defining how we create and scale content. We're looking for someone who breathes user-first ,innovative thinking, ideation and wants to explore AI and its capabilities into every step of the creative process.
You'll be instrumental in captivating audiences in India’s Tier 2, 3, and 4 cities by shaping our copy and content strategy. We need someone who can solve complex communication challenges with deeply contextual, high-performing creatives that resonate culturally and drive engagement at an unprecedented scale.
This role is all about blending exceptional creative problem-solving with the ability to build and nurture a team. 
"
Manager -  Program - Monetisation,Meesho,"Bangalore, Karnataka",https://jobs.lever.co/meesho/2eb38417-4dde-4451-9fef-e6df945555f8,"About the Team

Have you ever wondered how Meesho makes money when we charge 0% commission to our sellers? Well, here’s your chance to join the team that makes even the impossible happen. As Manager- Strategy & Operations in our Monetisation team, you’ll be part of a group responsible for making many more such exciting features happen. 

We’re the ones who unlock value for our users and in turn generate revenue streams for the company. We’re a team of 25+ professionals who empower our users with the right tools to grow their business online. We collaborate with the Product, Finance, Business Growth and Analytics teams to help more suppliers across India make profits and grow their businesses easily.

As a team, we’re big on maintaining a healthy work-life balance. We follow flexible working timings and also engage in a number of fun activities outside work- gaming, discussing our favorite books and movies, casual catch-ups and so on. The bottom line? At Meesho, you’ll have a fun time as you grow.

About the Role

As a Manager- Monetisation, you will work directly with team leaders to solve business-critical problems. You’ll identify key problems, set priorities, come up with solutions and drive implementation in different types of projects. 

You’ll shape up the right solutions in coordination with the product team (in case your solution requires tech interventions). You’ll also work with the team leaders to create and improve the operating systems of the team (strategic planning, competitive intelligence, building review systems, culture and so on)
"
Manager - AI Services,Meesho,"Bangalore, Karnataka",https://jobs.lever.co/meesho/e85fdfd8-2855-4960-870a-00a60d0ce495,"About the Team
 
The Meesho AI Services team is dedicated to revolutionizing customer support through cutting-edge AI technologies like chatbots, voicebots, and predictive analytics. We will partner with call centers and BPOs to deliver seamless, efficient, and customer-focused operations. In addition to driving technology and process excellence, we actively manage client and partner relationships to ensure alignment on goals and continuous improvement. If you’re passionate about AI, building strong partnerships, and creating impactful change, this is the team for you!
 
About the Role
 
As a Manager, you will play a critical role in solving business critical problems. You’ll identify key opportunity areas through primary and secondary research, find user & seller problems, set priorities, come up with solutions and drive implementation in different types of projects.
 
You’ll shape up the right solutions in coordination with the product team (in case your solution requires tech interventions). You’ll also work with the team leaders to create and improve the operating systems of the team (strategic planning, competitive intelligence, building review systems, culture and so on).
"
Manager - Business Finance,Meesho,"Bangalore, Karnataka",https://jobs.lever.co/meesho/d32d5a9e-619b-46f7-ae25-9ef0c7711aba,"About the Team   

The BizFin team at Meesho is a close-knit and high-performing group that brings together a diverse mix of professionals from Big 4 consulting, FMCG giants, and top-tier investment firms. Our members include Chartered Accountants (many of whom are rank holders), business specialists, and former investment bankers — each contributing a unique perspective and skill set.

We thrive on solving complex, high-impact business problems across Meesho’s ecosystem. Whether it's driving growth strategy or streamlining financial operations, the team plays a critical role in shaping key decisions that drive the company's success.

We believe in cross-functional exposure, ensuring team members gain experience across different areas of the business, enabling continuous learning and a broader perspective. At our core, we value both excellence in our work and strong team bonds, creating a culture that celebrates collaboration, achievement, and the collective impact we make.

About the Role

As a Business Finance expert, you’ll be one among the 50+ professionals working in domains such as Financial Reporting, Finance Operations, Business Finance, Treasury Management and Taxation.

You will get a chance to work closely with some of the sharpest minds from the finance industry, and solve complex challenges.
 
We thrive on solving complex, high-impact business problems across Meesho’s ecosystem. Whether it's driving growth strategy or streamlining financial operations, the team plays a critical role in shaping key decisions that drive the company's success.
"
Manager - Growth,Meesho,"Bangalore, Karnataka",https://jobs.lever.co/meesho/7fb23583-593e-4191-9d90-5765c6f3ea37,"About the Team

If you are excited about driving 10X growth for India’s only true (and profitable) e-commerce platform, then this might be the role for you. As part of the Meesho growth team, we drive end-to-end structured growth for Meesho, from improving top of mind awareness to acquisition and activation of new users, all the way to engaging and retaining them, even resurrecting churned users.Beyond increasing the total active user base at Meesho, we are also the custodians of channelizing user intent in the most optimal way (managing homepage, leveraging deal constructs etc.), and increasing repeat preference for Meesho, through sale events and loyalty programs.What sets us apart from many other organizations is that we are a fully autonomous Growth engine, with our own dedicated Product, Design, Engineering, Analytics and Creative teams - a fantastic and diverse bunch of generalists and specialists, all united by a passion for growth. We also have a good time outside work, but it's best if you experience it first-hand :)

About the Role

As Manager - Growth you would work as a growth generalist on any part of our growth funnel - Annual Transacting Users Expansion - includes acquisition initiatives via Branding, Performance Marketing, Re-marketing or working on Activation funnel - onboarding, intent channelization, checkouts OR Monthly Transacting Users / ATU expansion - works across different order stages, formulating and implementing different user-seller programs to make the platform more lucrative and drive intent to purchase at the right time with the right selection in place for different user cohorts. The role is a Strategy and Operations role across any of the sub-orgs, fungibility across the pods is expected as this is a generalist charter.This will entail solving a wide range of problems (covered below), with the help of a rockstar team and other cross functional stakeholders.
"
Manager - Programs & Operations,Meesho,"Bangalore, Karnataka",https://jobs.lever.co/meesho/77ed4d9d-d8fc-4fcc-8e01-a5968b4a215a,"About the Team
Meesho is the most downloaded e-commerce app in India. And, as the Business team, we have the most bragging rights to this claim. Why? Because we hold end-to-end responsibility to launch and scale up categories, by ensuring the right selection, competitive pricing, and conversion. And we take this job very seriously.
 About the Role As a Manager - Program Operations, you will anchor the Control Tower for Pricing Strategy, ensuring rigorous governance, end-to-end process adherence, and disciplined execution across all pricing programs. This includes defining control mechanisms, monitoring compliance with standard operating procedures, identifying deviations, and driving timely corrective actions. The Program Manager will act as the central owner of operational excellence—ensuring every pricing workflow is executed with accuracy, predictability, and consistency, while enabling scalable and audit-ready processes for the Marketplace team.
"
Manager - Valmo (Program Ops),Meesho,"Bangalore, Karnataka",https://jobs.lever.co/meesho/9fd69232-3215-4d88-a28a-d438d61739b0,"About the Team

Valmo is Meesho’s in-house logistics platform and a core pillar of the Fulfillment & Experience (F&E) organization. The team exists to solve one of the hardest problems in Indian e-commerce—building a logistics network that is fast, reliable, and deeply cost-efficient for Bharat.

Valmo operates at the intersection of technology, operations, and on-ground execution. The team works with a large, distributed network of third-party logistics partners and field teams to power deliveries across diverse geographies. From first-mile pickups to middle-mile movement and last-mile delivery, Valmo continuously reimagines how logistics should work at scale in a highly fragmented ecosystem.
This is a true zero-to-one and one-to-scale environment. The team thrives on first-principles thinking and rapid experimentation—identifying structural gaps, testing solutions on the ground, and scaling what works with rigor. Valmo values extreme ownership, speed of execution, and a relentless bias for action. If you are excited by solving complex, real-world problems and seeing your ideas translate into impact quickly, Valmo is where that happens.

About the Role
As a Manager – Program Ops at Valmo, you will own high-impact charters that directly shape how Meesho’s logistics network operates. This role is designed for individuals who thrive in ambiguity, think structurally, and execute with speed.

You will work closely with internal operations teams and an extensive network of third-party logistics partners to identify gaps and opportunities across the logistics value chain. Your mandate is to define clear problem statements, build and test hypotheses, and drive experiments on the ground.

The expectation is not just to ideate, but to deliver measurable outcomes—fast. Successful pilots will be scaled across the network through strong cross-functional collaboration and sharp execution. Your guiding question in this role will always be:
How can we make the logistics experience faster, more reliable, and more cost-effective for our users and sellers?
"
Manager- Program Strategy - Fulfilment & Experience,Meesho,"Bangalore, Karnataka",https://jobs.lever.co/meesho/bff1bcf3-ae0e-4218-94e0-38c45f2a9177,"About the Team

Being part of Meesho's Fulfillment and Experience (F&E) team as Manager will zip you to the cockpit of our ever-burgeoning rocketship and, you’ll shape the experience of Bharat’s next billion e-commerce users. We’re an eclectic mix of over 100 professionals, all driven by the first principles of problem-solving. We come with diverse skill sets and responsibilities ranging from running operations/support to managing the supply chain, and maintaining analytics to ensure the best possible user and seller experience. At Meesho, we are on a mission to achieve what has never been done before – introducing e-commerce to the tier-2 and tier-3 cities of India. Our team's crucial contribution to this ambitious endeavor involves completely reimagining fulfillment from the ground up. This translates into a multitude of ""zero-to-one"" projects, offering opportunities for those willing to seize them.Our focus is on constructing a supply chain and user experience that reshapes the landscape of e-commerce. Simultaneously, we are unwavering in our commitment to introducing best-in-class processes and policies, coupled with a steadfast dedication to continuous innovation. The ultimate goal is to consistently deliver excellence in both User and Seller experiences. Emphasizing personal growth and enjoyment at work is integral to our culture, just as much as our dedication to hard work. We foster this through regular one-on-one virtual meetings, engaging monthly all-team catch-ups, and timely recognition and rewards. Join us in this exciting journey where innovation meets personal and professional development!

About the Role

As a Manager in Experience at Meesho, you will play a pivotal role in crafting exceptional and memorable shopping journeys. Your primary focus will involve establishing robust partnerships with the Business, Product, Tech, and Data teams along with collaborating closely with program managers and leaders overseeing fulfillment and user  experience initiatives to redefine the experience for our ecosystem. In this capacity, you will spearhead key initiatives and impactful projects aimed at overhauling our approach to user satisfaction. Your central guiding principle will be to ascertain whether Meesho is the preferred e-commerce channel for all our customers. You will address this question daily by implementing user and seller-centric, cost-effective designs and processes. Additionally, you will take ownership of performance metrics for Fulfillment and Experience within your domain.
"
Motion Designer,Meesho,"Bangalore, Karnataka",https://jobs.lever.co/meesho/e11be761-70ea-4f36-939a-757327afe848,"About the Team

As the Growth team, we play a key role in making Meesho one of the most sought-after e-commerce destinations in India. We hold end-to-end responsibility to launch and scale-up users on the platform by ensuring the right selection, competitive pricing and sales. As a Motion Graphic Designer in our team, you will join us to create the best user experience in the online shopping journey – video by video.

From acquiring users onto the platform through marketing to training them through educational content and webinars, we look after all funnels of the user’s life on Meesho. We also engage and retain our users on the platform with growth-related initiatives. We want to enable every user to experience the power of internet commerce. 

We focus on personal growth and team bonding just as much as we do on working hard. That is why, we have regular 1-1s, monthly outings, and timely rewards and recognitions. 

About the Role

As a Motion Graphic Designer - in the Growth creative team, you will play a pivotal role in driving business growth for Meesho by crafting visually captivating content tailored to our user base. Collaborating closely with copy writers, art directors, video producers, and marketing teams, you will be responsible for producing compelling marketing materials across various mediums.  

Your responsibilities will encompass creating video content for a wide range of channels, including films, promos, print materials, outdoor displays, digital platforms, and activations. Additionally, you will be tasked with visually documenting our users' journeys across all stages, including acquisition (designing scripts and performance ad visuals), activation (creating engaging explainer videos and webinar visuals), and engagement (crafting visually appealing CRM campaigns and communication materials).  

In this role, your creative skills and motion expertise will be instrumental in capturing the attention of our target audience and contributing to the overall growth and success of the business.
"
Principal Data Scientist,Meesho,"Bangalore, Karnataka",https://jobs.lever.co/meesho/3d5bf582-493f-4298-b7de-e42a7d58a358,"About the Team

Our Data Science team is the Avengers to Meesho’s S.H.I.E.L.D 🛡️. And why not? We are the ones who assemble during the toughest challenges and devise creative solutions, building intelligent systems for millions of our users looking at a thousand different categories of products. We’ve barely scratched the surface, and have amazing challenges in charting the future of commerce for Bharat.  

Our typical day involves dealing with fraud detection, inventory optimisation, and platform vernacularisation.

About the Role

As a Principal Data Scientist in our AdTech team, you’ll drive innovation in our advertising platform using advanced machine learning and statistical methods. You’ll tackle complex problems in real-time bidding, ad ranking optimization, budget efficiency, and performance measurement that directly impact our business’s bottom line. This role requires technical excellence and business acumen and you’ll collaborate with cross-functional teams to transform data insights into actionable strategies that enhance our advertising ecosystem.
"
Product Manager II,Meesho,"Bangalore, Karnataka",https://jobs.lever.co/meesho/62b9ca6a-f106-42b4-be68-09ebefa31be0,"About the Team 

Product Management in Meesho closely resembles our rocketship growth. Because we obsess over understanding customer behaviour, we’ve been able to carve out an e-commerce niche in Tier 2/3/4 towns in Bharat. Our business growth is testimony to a singular focus on how we think of ‘product’ for our unique customers - ones that have barely shopped online, but are now able to because of Meesho.

Fun fact: Nearly 7% of India’s households shop with us. 😉

We are driven by a ‘user-first’ mindset. We have a strong bias for action. Above all, our team is driven by impact, not features. We drive ‘problem discovery’ & delivery - not only obsess over “what to build”, but execute with rigour to create impact.

But there’s more – we love to have fun as much as we love to work hard. From movie buffs to sportspersons, we have a super cool team. So, if a game of badminton after a day of brainstorming at work sounds like something you would love to do, then join us!

About the Role

We are looking for a Product Manager 2 who is passionate about solving high-impact problems in a fast-paced start-up environment with a high degree of autonomy. This is inherently a cross-functional leadership role where you will work closely with teams such as software engineering, UX design, category management, marketing, operations, finance, etc. to bring a new product to life.
"
Product Manager II,Meesho,"Bangalore, Karnataka",https://jobs.lever.co/meesho/db567db2-37fc-4c7d-b0e8-8bf746baa83a,"About the Team 

Product Management in Meesho closely resembles our rocketship growth. Because we obsess over understanding customer behaviour, we’ve been able to carve out an e-commerce niche in Tier 2/3/4 towns in Bharat. Our business growth is testimony to a singular focus on how we think of ‘product’ for our unique customers - ones that have barely shopped online, but are now able to because of Meesho.

Fun fact: Nearly 7% of India’s households shop with us. 😉

We are driven by a ‘user-first’ mindset. We have a strong bias for action. Above all, our team is driven by impact, not features. We drive ‘problem discovery’ & delivery - not only obsess over “what to build”, but execute with rigour to create impact.

But there’s more – we love to have fun as much as we love to work hard. From movie buffs to sportspersons, we have a super cool team. So, if a game of badminton after a day of brainstorming at work sounds like something you would love to do, then join us!

About the Role

We are looking for a Product Manager 2 who is passionate about solving high-impact problems in a fast-paced start-up environment with a high degree of autonomy. This is inherently a cross-functional leadership role where you will work closely with teams such as software engineering, UX design, category management, marketing, operations, finance, etc. to bring a new product to life.
"
Product Manager II - Ranking & Recommendations,Meesho,"Bangalore, Karnataka",https://jobs.lever.co/meesho/934b72cc-685c-4947-bcf8-d19aab019fee,"About the Team 

Product Management in Meesho closely resembles our rocketship growth. Because we obsess over understanding customer behaviour, we’ve been able to carve out an e-commerce niche in Tier 2/3/4 towns in Bharat. Our business growth is testimony to a singular focus on how we think of ‘product’ for our unique customers - ones that have barely shopped online, but are now able to because of Meesho.

Fun fact: Nearly 7% of India’s households shop with us. 😉

We are driven by a ‘user-first’ mindset. We have a strong bias for action. Above all, our team is driven by impact, not features. We drive ‘problem discovery’ & delivery - not only obsess over “what to build”, but execute with rigour to create impact.

But there’s more – we love to have fun as much as we love to work hard. From movie buffs to sportspersons, we have a super cool team. So, if a game of badminton after a day of brainstorming at work sounds like something you would love to do, then join us!

About the Role

We are looking for a Product Manager 2 who is passionate about solving high-impact problems in a fast-paced start-up environment with a high degree of autonomy. This is inherently a cross-functional leadership role where you will work closely with teams such as software engineering, UX design, category management, marketing, operations, finance, etc. to bring a new product to life.
"
Security Engineer IV,Meesho,"Bangalore, Karnataka",https://jobs.lever.co/meesho/f4e2e8e1-6863-4fe0-85fb-7840189cad3f,"About the Team

The security team at Meesho is like the Avengers to Meesho's S.H.I.E.L.D. After all, when 5% of Indian households shop with us, it’s important to build resilient systems to manage millions of orders every day. We’ve done this – with zero downtime! 😎 Sounds impossible? Well, that’s the kind of Engineering muscle that has helped Meesho become the e-commerce giant it is today. We value speed over perfection, and see failures as opportunities to become better. We’ve taken steps to inculcate a strong ‘Founder’s Mindset’ across our engineering teams, making us grow and move fast. We place special emphasis on the continuous growth of each team member - and we do this with regular 1-1s and open communication. As a Security Engineer, you will be part of self-starters who thrive on teamwork and constructive feedback. We know how to party as hard as we work! If we aren’t building unparalleled tech solutions, you can find us debating the plot points of our favorite books and games – or even gossiping over chai. So, if a day filled with building impactful solutions with a fun team sounds appealing to you, join us.

About the Role

As a Security Engineer 4, your role is integral in ensuring the security of our products throughout their development lifecycle. You will be involved from the very beginning, participating in threat modeling and design reviews to identify potential risks early. You'll also integrate and manage SAST tools within our CI/CD pipeline, ensuring continuous security testing as code evolves. Additionally, you'll lead and conduct vulnerability assessments and penetration testing (VAPT) to proactively uncover and address security vulnerabilities before they reach production. 
"
Senior Analytics Manager,Meesho,"Bangalore, Karnataka",https://jobs.lever.co/meesho/bb9d0a12-504f-47f3-8c17-460c02c6cc28,"About the Team

With almost 4 Lakh entrepreneurs aboard the Meesho app, we are all set to democratise internet commerce for everyone in India. Our primary responsibility, as the Business org, is to actively drive this mission from the frontlines.

As a Senior Manager - Business Analytics, you will play a huge role in driving growth across all categories. Our team holds end-to-end responsibility to launch and scale up categories, by ensuring the right selection, competitive pricing, and conversion. Each category team has an SBM/BM and a group of ABMs, KAMs, and BD Executives. 

Within the business team, you'll closely work with the category marketing team and other category teams. Beyond this, you will also work closely with the Product, Supplier Growth, User Growth, and Fulfillment & Experience teams.  

We focus on personal growth and fun at work just as much as we do on working hard. That is why, we have regular 1-1s, monthly outings, and timely rewards and recognitions.

About the Role

If you love making impacts, working with data, creating solutions, and have a knack for finding ways to improve processes.
We are looking for a problem-solving, forward-thinking candidate for this role. As Manager - Business Analytics, you will be a leader who can build long-term visions. You will strategize and scale by empowering others in the team as they deliver results while working across other functions such as Product, Tech, and Fulfillment. 

You will also receive regular feedback on your work from the CEO and other C-level leaders.
"
Senior Associate - Ad Sales,Meesho,"Bangalore, Karnataka",https://jobs.lever.co/meesho/00e1e8ff-e632-43e3-a127-816e0f59b5c6,"About the Team

Senior Associate - Ad Sales Meesho’s advertisers in meeting their advertising goals. Our objective is to increase the share of wallet as advertising revenue from these suppliers. Based on the supply mix available on the platform, the sales team will generate sufficient demand. It will handle large accounts and customise requests for suppliers and support in placing campaigns. Its objective is to make suppliers successful by growing business via advertising and increasing advertising spending on the platform.

About the Role

We’re looking for a hands-on, detail-oriented, analytical, and highly-motivated person to help scale Ads in Meesho. Advertising is our flagship monetisation vertical, and it is the backbone of our monetisation strategy. We’re further strengthening our offering by continuously building ad offerings, better features in existing offerings, and improving targeting capabilities and shopper engagement.
"
"Senior Associate - Collection strategy, Financial Services",Meesho,"Bangalore, Karnataka",https://jobs.lever.co/meesho/a915ec70-dcf5-481f-abd0-f6d4f22f9d17,"About the Team:
Would you like to be part of creating a unicorn within a unicorn? Solve some of the biggest challenges facing the financial inclusion of Bharat? Well, then here’s your chance! Financial Services (FS) is one of the fastest growing new businesses at Meesho. It's a large 10X opportunity for Meesho to build financial products for Bharat users and serve the unmet needs of millions of our users. And you will be at the center of this journey, building and scaling the business and serving millions of Meesho users. Meesho FS has several lines of products primarily in lending space, service sellers, users and logistics partners of Meesho.
We aspire to create one of the country’s largest financial services businesses, drawing inspiration from global giants such as Alibaba, Shopee, and Mercado Libre, who have thrived in markets comparable to India and built large financial businesses.

Role Overview: 
Responsible for driving day-to-day execution of strategic initiatives across lending and financial products, working closely with Product, Technology, Business, and Operations teams to translate strategy into scalable outcomes. The role requires strong program management capabilities, the ability to analyze data to identify trends, perform root cause analysis (RCA), and continuously improve performance across processes and customer journeys.
The ideal candidate is a data-driven problem solver with strong stakeholder management and collaboration skills, capable of operating in a cross-functional environment. Prior exposure to collections or recovery strategy—across channels such as tele-calling, field, or digital—and familiarity with risk or performance metrics (e.g., portfolio health, delinquency, NPA) is an added advantage.
"
Senior associate - Legal,Meesho,"Bangalore, Karnataka",https://jobs.lever.co/meesho/51ff3cd1-01c6-4f05-a441-078742879c91,"About the Team

Did you know Meesho helped 9 million women start businesses with zero investment? Well, this is the kind of impact you are going to be part of as Senior Associate - Legal in our legal team. As Senior Associate - Legal, you will be the one among other professionals working in domains such as advisory, contracting, new expansions, launches. This team consists of Company Secretary & Legal Experts who have previously worked for well-known companies. 

About the role

As a Senior Associate - Legal, you will take ownership of providing advice, counsel, and support on legal issues related to a wide range of transactions. On a typical day, you will be involved in resolving legal queries and closely working with the business team on understanding constructs of legal transactions, drafting agreements or reviewing vendor templates and entering into negotiations to close the drafts.  

You will be expected to run the contracting process end-to-end. You will work closely with the business team to evaluate new initiatives and launches from a legal standpoint. You will study laws applicable to us and ensure we comply with them. Besides, you will also draft and oversee the implementation of internal policies and procedures.
"
Senior Associate - Performance Marketing,Meesho,"Bangalore, Karnataka",https://jobs.lever.co/meesho/cfea8fc2-8689-4cde-aa26-db78376f9a70,"About the Team

We’re revolutionizing the way India shops — and we need curious, driven minds like yours to lead the charge.Imagine seeing your favorite influencer in a show-stopping outfit, only to find there’s no way to buy it online. Frustrating, right? That’s the very gap we’re solving at Meesho through Content Commerce  and additionally trying to shape more influencers become entrepreneurs— and you could be at the heart of it.As our next Senior Associate – CC, you’ll play a pivotal role in solving one of the most common yet unexplored problems in Indian e-commerce: how to connect aspiration to access. And the solution lies in building a creator-driven commerce engine.

About the Role

This role sits within the Content Commerce GM org, one of Meesho’s most exciting and high-potential bets. Content Commerce is the hottest new trend in e-commerce globally, and we’re working to make it mainstream in India, just like we did with reselling.Within the Content Commerce org, you will be part of the Meesho Creator Club (MCC) team — a core team that focuses on onboarding, activating, and scaling creators across the country. The team’s mission is to enable creators to drive immersive, trustworthy, and high-conversion shopping experiences for Meesho users, directly impacting GMV and revenue.
"
Senior Associate - Performance Marketing,Meesho,"Bangalore, Karnataka",https://jobs.lever.co/meesho/fc111146-b19d-4a2b-8069-9c26e95babc5,"About the Team 

Meesho Grocery aims to revolutionise the way India shops for Grocery and towards that objective, we want to enable the lowest cost distribution for all daily needs. Grocery has the biggest share of the overall retail spend in India and is projected to be a $800B market in 2024, of which the majority contribution comes from non-metro cities. Grocery market in Metro and Tier 1 has become crowded with a lot of players trying to solve the supply chain but the higher cost of logistics restricts these players to disrupt the lower tier cities. 

At Meesho Grocery, we are building the most cost-effective distribution channel to disrupt the grocery market in lower tier cities of India. 

Meesho Grocery is an early stage mini start-up within Meesho with a completely different supply chain and modus operandi. We are a bunch of high energy enthusiasts working towards creating something cool and something big.

About the role

We’re looking for a Performance Marketing Specialist to join our User Growth team.
The role involves managing and optimizing paid campaigns across channels like Google, Meta.
You’ll be responsible for driving user acquisition, improving ROAS, and scaling budgets efficiently.
The work includes deep analysis of campaign data, identifying growth opportunities, and running experiments.
If you love numbers, growth, and making every ad spend count, this role is for you.




"
"Senior Associate, PR & Communications",Meesho,"Bangalore, Karnataka",https://jobs.lever.co/meesho/8eeb367d-afa8-4df6-899e-e2702b5f0c2d,"About the team

The Communications team at Meesho brings to life stories that reflect the company’s mission to democratize internet commerce for everyone, while building trust, credibility and long-term reputation as a publicly listed company. The team plays a critical role in shaping Meesho’s narrative across media, digital platforms, investors, analysts and broader stakeholders, anchored in transparency, governance, operational excellence and impact at scale.

We are looking for a communications professional who is equally comfortable telling inspiring stories of Bharat-led commerce and driving disciplined, accurate communication aligned with public-market standards.

About the role

The Communications team at Meesho is responsible for shaping and amplifying the company’s corporate narrative across national and international stakeholders. The role will have to work closely with leadership across business, technology, human resources, investor relations and legal teams to ensure consistent, compliant and high-impact communication that reflects Meesho’s scale, financial discipline, technology and commitment to marketplace integrity.

This role will support Meesho’s corporate communications through day-to-day management and creative execution of social media content, with a primary focus on LinkedIn and X. This role is ideal for someone who is deeply plugged into pop culture, internet trends and platform-native storytelling, and is excited to experiment with formats while operating within the standards of a publicly listed company.

The role will work closely with senior communications team members to translate corporate narratives, leadership perspectives and business moments into engaging, platform-appropriate content.
"
Senior Business Manager,Meesho,"Bangalore, Karnataka",https://jobs.lever.co/meesho/bdc8499d-21cb-46a3-9b2b-4ddb13c3d0c3,"About the Team

Meesho is on a mission to democratize Internet commerce for everyone in India. Our primary responsibility, as the Business org, is to actively drive this mission from the frontlines. As a Senior Business Manager, you will play a huge role in driving growth across all categories. Our team holds end-to-end responsibility to launch and scale up categories, by ensuring the right selection, competitive pricing, and good quality.
 
Each category team has Senior Business Managers/Business Managers and a group of Assistant Business Managers and Key Account Managers, you'll closely work with the category marketing team, pricing team, quality team, and other category teams. Beyond this, you will also work closely with Product, Supplier Growth, User Growth, and Fulfillment & Experience teams.
 
We focus on personal growth and fun at work just as much as we do on working hard. That is why, we have regular 1-1s, regular outings, and timely rewards and recognitions.
 
About the Role
 
We are looking for an experienced Senior Business Manager to lead & scale category business for Meesho. In this role, you will take ownership of this category and decide everything from deciding the right selection, pricing and growth strategy to shaping the user experience. You will also partner with the Product and Ops teams to build relevant products.

You will work in a fast-paced environment, creating new systems and processes. You will also ensure that we are balancing customer needs, competitive landscapes, and strategic priorities constantly.
"
Senior Creative Producer,Meesho,"Bangalore, Karnataka",https://jobs.lever.co/meesho/da8eeadb-859a-429c-8828-9e2c76fd55c8,"About the Team

As the Growth team, we play a key role in making Meesho one of the most sought-after e-commerce destinations in India. We hold end-to-end responsibility to launch and scale-up users on the platform by ensuring the right selection, competitive pricing and sales. As a Senior video editor in our team, you will join us to create the best user experience in the online shopping journey – video by video.
From acquiring users onto the platform through marketing to training them through educational content and webinars, we look after all funnels of the user’s life on Meesho. We also engage and retain our users on the platform with growth-related initiatives. We want to enable every user to experience the power of internet commerce. 

We focus on personal growth and team bonding just as much as we do on working hard. That is why, we have regular 1-1s, monthly outings, and timely rewards and recognitions. 

About the Role 

As a Senior Creative Producer - in the Growth creative team, you will play a pivotal role in driving business growth for Meesho by crafting visually captivating content tailored to our user base. Collaborating closely with copy writers, art directors, video producers, and marketing teams, you will be responsible for producing compelling marketing materials across various mediums.  

Your responsibilities will encompass creating video content for a wide range of channels, including films, promos, print materials, outdoor displays, digital platforms, and activations. Consistently creating value for the video content through high quality outcomes.  Ensuring excellence in all aspects of work. Efficiently managing time, prioritizing tasks, and achieving higher standards. Adapting quickly to new roles, responsibilities, and changing circumstances, showing resilience and agility. 
In this role, your creative skills and motion expertise will be instrumental in capturing the attention of our target audience and contributing to the overall growth and success of the business.
"
Senior Manager - Business,Meesho,"Bangalore, Karnataka",https://jobs.lever.co/meesho/3a980a2a-6ae4-4738-b06d-9c6483526992,"About the Team

Meesho is on a mission to democratize Internet commerce for everyone in India. Our primary responsibility, as the Business org, is to actively drive this mission from the frontlines. As a Senior Business Manager, you will play a huge role in driving growth across all categories. Our team holds end-to-end responsibility to launch and scale up categories, by ensuring the right selection, competitive pricing, and good quality.
 
Each category team has Senior Business Managers/Business Managers and a group of Assistant Business Managers and Key Account Managers, you'll closely work with the category marketing team, pricing team, quality team, and other category teams. Beyond this, you will also work closely with Product, Supplier Growth, User Growth, and Fulfillment & Experience teams.
 
We focus on personal growth and fun at work just as much as we do on working hard. That is why, we have regular 1-1s, regular outings, and timely rewards and recognitions.
 
About the Role
 
We are looking for an experienced Senior Business Manager to lead & scale category business for Meesho. In this role, you will take ownership of this category and decide everything from deciding the right selection, pricing and growth strategy to shaping the user experience. You will also partner with the Product and Ops teams to build relevant products.

You will work in a fast-paced environment, creating new systems and processes. You will also ensure that we are balancing customer needs, competitive landscapes, and strategic priorities constantly.
"
Senior Manager - Business Finance,Meesho,"Bangalore, Karnataka",https://jobs.lever.co/meesho/cd9948ed-6155-4ea1-a8d4-e51921cb02e8,"About the Team

The BizFin team at Meesho is a close-knit and high-performing group that brings together a diverse mix of professionals from Big 4 consulting, FMCG giants, and top-tier investment firms. Our members include Chartered Accountants (many of whom are rank holders), business specialists, and former investment bankers — each contributing a unique perspective and skill set.

We thrive on solving complex, high-impact business problems across Meesho’s ecosystem. Whether it's driving growth strategy or streamlining financial operations, the team plays a critical role in shaping key decisions that drive the company's success.

We believe in cross-functional exposure, ensuring team members gain experience across different areas of the business, enabling continuous learning and a broader perspective. At our core, we value both excellence in our work and strong team bonds, creating a culture that celebrates collaboration, achievement, and the collective impact we make.
 
About the Role

As a Business Finance expert, you’ll be one among the 50+ professionals working in domains such as Financial Reporting, Finance Operations, Business Finance, Treasury Management and Taxation.

You will get a chance to work closely with some of the sharpest minds from the finance industry, and solve complex challenges. 

We thrive on solving complex, high-impact business problems across Meesho’s ecosystem. Whether it's driving growth strategy or streamlining financial operations, the team plays a critical role in shaping key decisions that drive the company's success.
"
Senior Manager - Growth,Meesho,"Bangalore, Karnataka",https://jobs.lever.co/meesho/ee89d147-6495-49b4-9f6f-0e90cfe4124f,"About the Team

If you are excited about driving 10X growth for India’s only true (and profitable) e-commerce platform, then this might be the role for you. As part of the Meesho growth team, we drive end-to-end structured growth for Meesho, from improving top of mind awareness to acquisition and activation of new users, all the way to engaging and retaining them, even resurrecting churned users.

Beyond increasing the total active user base at Meesho, we are also the custodians of channelizing user intent in the most optimal way (managing homepage, leveraging deal constructs etc.), and increasing repeat preference for Meesho, through sale events and loyalty programs.

What sets us apart from many other organizations is that we are a fully autonomous Growth engine, with our own dedicated Product, Design, Engineering, Analytics and Creative teams - a fantastic and diverse bunch of generalists and specialists, all united by a passion for growth. We also have a good time outside work, but it's best if you experience it first-hand :)

About the Role

As Senior Manager - Growth you would work on topics ranging from Intent channelization of users across different order stages, formulating and implementing different user-seller programs to make the platform more lucrative and drive intent to purchase at the right time with the right selection in place for different user cohorts.

This will entail solving a wide range of problems (covered below), with the help of a rockstar team and other cross functional stakeholders.
"
Senior Manager - Planning,Meesho,"Bangalore, Karnataka",https://jobs.lever.co/meesho/d60f3c28-23cf-44b0-a106-eadfbd9f65f8,"About the Team

Excited about driving 0 to 1 growth? If yes, then you could be the next Senior Manager of our team. We are the Acquisition & Activation team of Meesho’s logistics unit - ValMo. We strive to attract and retain new partners (think delivery executives, truckers, etc.) to ValMo. Our mission is to create India’s largest logistics supply ecosystem. We are a group of specialists and generalists who work collaboratively with Product, Analytics, Creative and Tech teams. Our shared objective is to drive structured growth for ValMo through marketing channels and converting partners through on-app and off-app measures. 

About the Role

We are looking for strong, independent and innovative problem solver to lead the partner strategy team for Fulfilment & Experience. You’ll work closely with the product, analytics, tech, business finance and other teams who lead fulfillment charters in order to serve our users better. To this end, you’ll lead key initiatives and impactful projects to revamp the very way we solve the most complex problem of a logistics network – partner strategy. This will be a 0 to 1 role in a new charter and you will be expected to own all aspects of an unstructured problem. Your guiding question in this role will be “is Meesho the preferred channel of e-commerce for all our customers, small entrepreneurs and users?”. You’ll answer this question every day through user-centric, cost-effective designs and processes.
"
Senior Manager Partnership- Financial Services,Meesho,"Bangalore, Karnataka",https://jobs.lever.co/meesho/44da8db0-853a-49d7-8de1-09abbb8081db,"About the team
Would you like to be part of creating a unicorn within a unicorn? Solve some of the biggest challenges facing the financial inclusion of Bharat? Well, then here’s your chance! Financial Services (FS) is one of the fastest growing new businesses at Meesho. It's a large 10X opportunity for Meesho to build financial products for Bharat users and serve the unmet needs of millions of our users. And you will be at the center of this journey, building and scaling the business and serving millions of Meesho users. Meesho FS has several lines of products primarily in lending space, service sellers, users and logistics partners of Meesho.

We aspire to create one of the country’s largest financial services businesses, drawing inspiration from global giants such as Alibaba, Shopee, and Mercado Libre, who have thrived in markets comparable to India and built large financial businesses.

As part of this role, you will get to wear multiple hats, from strategy to execution, problem solving, to team and work closely with the leadership team to build and grow Meesho’s user lending business. You will also work closely with other cross functional teams such as Credit Risk, Product, Technology, User Growth and our external partners, including NBFCs and Banks. Moreover, you will be required to manage budgets and P&L with end to end responsibilities and ownership of managing the business. If you are looking for a high impact role, and a journey to cherish, this role is for you. 

About the role
In this role, you will be expected to lead one or more lending products, you will play a vital role in shaping the direction of the business and essentially own the P&L and success of the product. In addition you will own and manage partnerships with lenders and drive KRs on capital supply. You can expect to work on a wide range of problem statements spanning across business, product, P&L, team management and growth and create impact for our users and the organization.  

"
Senior Product Manager,Meesho,"Bangalore, Karnataka",https://jobs.lever.co/meesho/8a86a2d5-6820-44b3-8aab-a860b3dac626,"About the Team

Product Management in Meesho closely resembles our rocketship growth. Because we obsess over understanding customer behaviour, we’ve been able to carve out an e-commerce niche in Tier 2/3/4 towns in Bharat. Our business growth is testimony to a singular focus on how we think of ‘product’ for our unique customers - ones that have barely shopped online, but are now able to because of Meesho.

Fun fact: Nearly 7% of India’s households shop with us. 😉

We are driven by a ‘user-first’ mindset. We have a strong bias for action. Above all, our team is driven by impact, not features. We drive ‘problem discovery’ & delivery - not only obsess over “what to build”, but execute with rigour to create impact.

But there’s more – we love to have fun as much as we love to work hard. From movie buffs, to sportspersons, we have a super cool team. So, if a game of badminton after a day of brainstorming at work sounds like something you would love to do, then join us!

About the Role

We are looking for a Senior Product Manager who is passionate about solving high impact problems in a fast paced start-up environment with a high degree of autonomy. This is inherently a cross-functional leadership role where you will work closely with teams such as software engineering, UX design, category mgmt., marketing, operations, finance, etc to bring a new product to life.
"
Senior Talent Partner ( Non-Tech/Corporate Hiring),Meesho,"Bangalore, Karnataka",https://jobs.lever.co/meesho/1690adaa-ec47-4246-a40e-995b859545f2,"About Your Team

As the Talent Acquisition (TA) team, we play a key role in making Meesho one of the most sought-after e-commerce destinations in India. We hold end-to-end responsibility to define world-class processes to hire best-in-class talent while ensuring the best candidate experience. As Senior Talent Partner in our TA team, you’ll join us to create a seamless data-oriented journey for TA  and enable leadership to make data-based decisions to propel our Meesho rocketship 🚀. We closely work with the Meesho leadership team to understand the business goals and objectives and finetune our process/tools to ensure that we achieve them. 

About Your Role

As Senior Talent Partner, you’ll own our ongoing quest to discover talent, build a strong employment brand, and ensure great relationships with both candidates and stakeholders. You’ll be in charge of hiring for one of the businesses. You’ll own the recruiting strategy and drive execution. You’ll partner up with business stakeholders and work with them in closing monthly/quarterly/annual hiring requirements. You’ll also help in building a strong brand and support stakeholders in making the right recruiting decisions by providing necessary insights. 
"
Software Development Engineer - IV - Backend,Meesho,"Bangalore, Karnataka",https://jobs.lever.co/meesho/b20da5af-c188-4123-b54b-5438c8a62628,"About Meesho 

Mission and Vision 

Meesho is India’s fastest-growing internet commerce company, driven by the mission to democratize internet commerce for everyone (DICE). Our vision is to enable 100 million small businesses and entrepreneurs in India to succeed online, making online commerce accessible to all. This core purpose guides us in empowering sellers across the country and bringing a diverse range of products to first-time internet shoppers. By leveraging technology and a unique zero commission model, Meesho has opened the doors of e-commerce to millions who were previously underserved. 

Technological Scale & Innovation

 At Meesho, technology is at the heart of our success. We have invested in a scalable infrastructure and innovative solutions to meet the demands of a vast user base and complex marketplace. Some key highlights include: 

Massive Scale: Our backend systems handle millions of orders per day from across India, reaching about 5% of all Indian households, all with near-zero downtime to date. Achieving this level of reliability and performance in a hyper-growth environment is a testament to our engineering excellence. 

 Marketplace Reach: Over 1.75 million sellers are registered on Meesho’s platform, supported by our state-of-the-art tech infrastructure and pan-India logistics network. This wide reach — covering virtually every serviceable pin code in the country — presents unique engineering challenges in areas like search, personalization, and payments at scale.

 Scalable Architecture: We continually innovate our architecture for growth.. Our quest to serve a billion Indian users has helped us evolve our technologies from a monolith to microservices to now a high scale federated architecture. This evolution allows us to build and deploy features rapidly while maintaining stability for a fast-growing user base. 

Cutting-edge Tech Stack: Our platform is built using modern, open-source technologies on the cloud while ensuring high efficiency. We strategically choose proven tools (for example, Java and Golang for services, Kafka for messaging, Dragonfly and Redis for caching, ScyllaDB, MySQL and Mongo for Data) and leverage GCP infrastructure to ensure high performance, reliability, and flexibility. By focusing on the right tools for the right problems, we innovate pragmatically rather than chasing every new tech hype, which helps us solve real-world problems effectively. 

Engineering Culture & Challenges 

Engineering at Meesho is driven by a bold and inclusive culture that values innovation, ownership, and continuous improvement. We believe that building great products goes hand-in-hand with building a great team. Key aspects of our engineering culture include: 

Long Term Thinking: We believe in thinking for tomorrow while building for today, this approach has helped us not only to handle and evolve for scale but also focus on extensibility and stability by investing in the platform

Lightspeed: We prioritize rapid iteration and delivery. Engineers are encouraged to ship fast and refine continuously, as we value in order to learn and adapt quickly. 

Continuous Improvement: We view failures and bugs as opportunities to improve. A blameless post-mortem culture ensures that mistakes become lessons, fostering an environment where learning from failure drives resilience and innovation.
 
 Ownership Mindset: Every engineer is empowered to act like an owner. We instill a “Founder’s Mindset,” encouraging engineers to take end-to-end ownership of projects and drive them with an entrepreneurial spirit. This means our teams proactively identify problems and champion solutions, just as a founder would for their own product. 

Engineering at Meesho is more than just writing code – it's about solving complex, impactful problems at an unprecedented scale. Our engineers tackle challenging use cases (from enabling real-time logistics across India to optimizing a vast product catalog for the next billion users), making a tangible impact on millions of entrepreneurs and customers. We maintain a
professional, yet passionate work environment where the drive to innovate is balanced with a pragmatic approach to problem-solving. 

About the role 
As a Software Development Engineer - IV, you will solve real-life complex problems and create compelling experiences for our users, suppliers and other stakeholders across the country. In this role, you will make sure that the solutions and processes that we create are of the highest quality. If you are excited by the idea of building world-class systems that empower millions and want to work on cutting-edge technology at scale, our journey has only just begun, and we’re looking for top engineering talent to help shape the future of commerce in India. 
"
Software Development Engineer II iOS,Meesho,"Bangalore, Karnataka",https://jobs.lever.co/meesho/b846a1db-bb13-4abe-a1a2-e206eaac40a8,"About the Team

All superheroes don’t wear capes. But if you join our iOS team as a Software Development Engineer—II, you can choose to wear one. We care about building resilient systems to manage millions of orders every day. We’ve done this—with zero downtime! 😎 When 5% of Indian households shop with us, this becomes super important.

Sounds impossible? Well, that’s the kind of Engineering muscle that has helped Meesho become the e-commerce giant it is today. We value speed over perfection and see failures as opportunities to improve. We’ve taken steps to inculcate a strong ‘Founder’s Mindset’ across our engineering teams, which has allowed us to grow and move fast.

We want Meesho to be at everyone’s fingertips! And, YOU can make that happen. 

We place special emphasis on each team member's continuous growth, and we do this with regular 1-on-1s and open communication. As Software Development Engineer-II (iOS), you will be part of a team of self-starters who thrive on teamwork and constructive feedback. 

We know how to party as hard as we work! If we aren’t building unparalleled tech solutions, you can find us in the gaming area, or even gossiping over chai. So, if a day filled with building impactful solutions with a fun team sounds appealing to you, join us.

About the Role

As a Software Development Engineer - II - iOS, you will work in a fast-paced environment where agile development is embraced. You will have an unique opportunity to build and maintain features on a large scale and take tech initiatives to maintain the codebase for the fastest-growing e-commerce platform in India. The ideal candidate will have strong software design skills, extreme ownership, and a desire to execute quickly and robustly on a product with a big business impact. 
"
Software Development Engineer III -Backend,Meesho,"Bangalore, Karnataka",https://jobs.lever.co/meesho/c68ee07f-0e16-455b-bc4a-87848aaf46fa,"About the Team

Want to be the brains behind our robust systems? Then joining us as Software Development Engineer - III - Backend may be the right thing for you!

When 5% of Indian households shop with us, it’s important to build resilient systems to manage millions of orders every day. We’ve done this – with zero downtime! 😎 

Sounds impossible? Well, that’s the kind of Engineering muscle that has helped Meesho become the e-commerce giant that it is today. We value speed over perfection, and see failures as opportunities to become better. We’ve taken steps to inculcate a strong ‘Founder’s Mindset’ across our engineering teams, making us grow and move fast.

We place special emphasis on the continuous growth of each team member - and we do this with regular 1-1s and open communication. As Software Development Engineer - III - Backend, you will be part of self-starters who thrive on teamwork and constructive feedback. 

We know how to party as hard as we work! If we aren’t building unparalleled tech solutions, you can find us debating the plot points of our favourite books and games – or even gossipping over chai. So, if a day filled with building impactful solutions with a fun team sounds appealing to you, join us.

About the Role

As an SDE - III (Backend), you will solve real-life complex problems and create compelling experiences for our users. In this role, you will ensure that the solutions and processes that we create are of the highest quality. And in doing so, you will champion a seamless app experience for all our users. You will also collaborate with your fellow engineers to create scalable solutions that are pertinent to Meesho’s overall growth.

If you are confident about solving hard, interesting and UNIQUE problems, and creating an impact within an entrepreneurial environment, then you might just be our next SDE - III (Backend).
"
Software Development Engineer III Data,Meesho,"Bangalore, Karnataka",https://jobs.lever.co/meesho/7bb1de7e-8756-412b-8c71-0ba40863edc8,"When 5% of Indian households shop with us, it’s important to build data-backed, resilient systems to manage millions of orders every day. We’ve done this – with zero downtime! 😎  Sounds impossible? Well, that’s the kind of Engineering muscle that has helped Meesho become the e-commerce giant that it is today. We value speed over perfection, and see failures as opportunities to become better. We’ve taken steps to inculcate a strong ‘Founder’s Mindset’ across our engineering teams, making us grow and move fast. We place special emphasis on the continuous growth of each team member - and we do this with regular 1-1s and open communication. 

Tech Culture

We have a unique tech culture where engineers are seen as problem solvers. The engineering org is divided into multiple pods and each pod is aligned to a particular business theme. It is a culture driven by logical debates & arguments rather than authority.

At Meesho, you get to solve hard technical problems at scale as well as have a significant impact on the lives of millions of entrepreneurs. You are expected to contribute to the Solutioning of product problems as well as challenge existing solutions.

Meesho’s user base has grown 4x in the last 1 year and we have more than 50 million downloads of our app. Here are a few projects we have completed last year to scale oursystems for this growth:

● We have developed API gateway aggregators using frameworks like Hystrix and spring-cloud-gateway for circuit breaking and parallel processing.
● Our serving microservices handle more than 15K RPS on normal days and during saledays this can go to 30K RPS. Being a consumer app, these systems have SLAs of ~10ms
● Our distributed scheduler tracks more than 50 million shipments periodically fromdifferent partners and does async processing involving RDBMS.
● We use an in-house video streaming platform to support a wide variety of devices and networks.


"
Software Development Engineer IV Android,Meesho,"Bangalore, Karnataka",https://jobs.lever.co/meesho/30360256-2780-43e4-828e-51c0b9dc6d17,"What does 500,000,000+ mean to you?

That's the number of users who installed Meesho's Android app, Millions of people across Bharat empowered to buy and sell products at fair prices, many experiencing e-commerce for the very first time.

At Meesho, our Android team isn’t just building an app; we’re crafting an experience that works flawlessly on everything from ₹5K entry-level phones in small towns to flagship devices in metro cities. It’s a challenge of scale, stability, and empathy — and it drives everything we do. We take pride in delivering flagship-grade performance on the toughest devices, backed by stability metrics few even track. From flawlessly handling millions of orders without downtime to optimizing for smooth, crash-free sessions, we solve real problems that impact real people. Every engineer here brings a Founder’s Mindset — owning the product like it’s their own.

💥 The Role

We’re looking for a seasoned Android engineer to join our Platform team, combining deep technical skills with strong product intuition. As an SDE IV Android, you’ll work on core app quality initiatives- including improving page latency, enhancing App Vitals, and driving performance and reliability at scale.

You’ll architect shared frameworks, solve performance challenges on low-end devices, and enable teams to build faster with consistent quality. With a product-first mindset, you’ll ensure platform solutions translate into meaningful user and business impact.

This is a critical individual contributor role focused on elevating the foundation of Meesho’s Android experience.
"
Technical Program Manager,Meesho,"Bangalore, Karnataka",https://jobs.lever.co/meesho/f3a052a4-4a29-477e-9def-40a04a7f28de,"About the Team

The solutions we engineer are only as awesome as the seamlessness of our project-executions. As our Technical Program Manager, you will help us execute our projects better.

After all, when 5% of Indian households shop with us, it’s important to build resilient systems to manage millions of orders every day. We’ve done this – with zero downtime😎 

Sounds impossible? Well, that’s the kind of Engineering muscle that has helped Meesho become the e-commerce giant that it is today. We value speed over perfection, and see failures as opportunities to become better. We’ve taken steps to inculcate a strong ‘Founder’s Mindset’ across our engineering teams, making us grow and move fast.

We place special emphasis on the continuous growth of each team member - and we do this with regular 1-1s and open communication. As Technical Program Manager, you will be part of self-starters who thrive on teamwork and constructive feedback.

We know how to party as hard as we work! If we aren’t building unparalleled tech solutions, you can find us debating the plot points of our favourite books and games – or even gossipping over chai. So, if a day filled with building impactful solutions with a fun team sounds appealing to you, join us.

About the Role

As Technical Program Manager, you will work closely with multiple engineering teams to successfully deliver cross-team projects. You will identify roadblocks with the Engineering team and ideate solutions. 

On a typical day, you will handle change and risk, and ensure the right decisions are made at the right time, resulting in seamless project delivery. You will tackle problems that pop up in projects ranging from feature development to tech stack changes. Your end goal will be to ensure the smooth running of the Engineering team.

If you know how to deliver engineering projects through their Software Development Life Cycles, then buckle up. You have a thrilling experience in a fast-paced team waiting for you.😎

"
Trainee - Performance Marketing,Meesho,"Bangalore, Karnataka",https://jobs.lever.co/meesho/d5b6ba77-83b2-4bff-9ff7-2f6da63991d3,"About the Team

We’re revolutionizing the way India shops — and we need curious, driven minds like yours to lead the charge.
Imagine seeing your favorite influencer in a show-stopping outfit, only to find there’s no way to buy it online. Frustrating, right? That’s the very gap we’re solving at Meesho through Content Commerce  and additionally trying to shape more influencers become entrepreneurs— and you could be at the heart of it.

This role sits within the Content Commerce GM org, one of Meesho’s most exciting and high-potential bets. Content Commerce is the hottest new trend in e-commerce globally, and we’re working to make it mainstream in India, just like we did with reselling.
Within the Content Commerce org, you will be part of the Meesho Creator Club (MCC) team — a core team that focuses on onboarding, activating, and scaling creators across the country. The team’s mission is to enable creators to drive immersive, trustworthy, and high-conversion shopping experiences for Meesho users, directly impacting GMV and revenue.

About the Role

We’re looking for a Performance Marketing Trainee to support our growth marketing efforts across paid digital channels. This role is ideal for someone who enjoys working with data, experimenting with campaigns, and learning how performance-driven marketing works at scale.
"
Trainee - Social Media,Meesho,"Bangalore, Karnataka",https://jobs.lever.co/meesho/ff6dc089-5271-4965-b420-931fecdd7559,"About the Team

The brand marketing team at Meesho comprises brand, media, insights, social and creative teams. We collaborate with business and product stakeholders and external partners to bring the brand communications of Meesho to life. Our aim is to enhance the quality of awareness of Meesho and it’s key messages. Ensuring we reach the right cohorts with the right message at the right time, leading to strong business and brand health growth. We are building a brand that can endure the test of times and be loved by all value conscious shoppers of India. If you are excited about driving 10X growth for India’s only true and profitable e-commerce platform, then this might be the role for you. We believe our work is as good as our culture, we have tons of fun in jamming sessions on ideas, celebrating wins and we cover for each other in tough times. Best if you experience this in person :) 

About the Role

This is your opportunity to get a front-row seat — and a hands-on role — in one of India’s most dynamic social marketing teams.
You will  manage one of India’s most-followed brand handles on Instagram (6M+ followers).
Work on live influencer and affiliate campaigns with direct business impact.
Be part of an open, collaborative team that encourages experimentation, rapid learning, and creative ownership. 
Learn hands-on from seasoned professionals in social and influencer marketing.
"
Transport Manager - Middle Mile- Ludhiana,Meesho,"Bangalore, Karnataka",https://jobs.lever.co/meesho/46c77681-6e55-4c5b-92ee-0afe27f6507c,"About the Team

Being part of Meesho's Fulfillment and Experience (F&E) team as Transport Manager will zip you to the cockpit of our ever-burgeoning rocketship, where you get to directly shape the experience of the country's next billion e-Commerce users.

We are an eclectic mix of 100+ professionals with diverse skill sets ranging from running operations/support, supply chain know-how, analytics and the holy grail, first principles Problem-solving.

At Meesho, we’re trying to do what's never been done before - taking e-commerce to the masses. This leaves us with no choice but to completely reimagine logistics from the ground up, to cater to our customers' price and delivery expectations. That means a host of ""zero-to-one"" projects (takers, anyone?) to build a supply chain to change how folks think about e-Commerce– not just in India, but globally.

We are firm believers in fun at work. With monthly F&E happy hour sessions, informal team outings, and internal virtual water cooler chat sessions, there’s never a dull moment with us :)

About the Role

As Transport Manager, you’ll own the onboarding of new Transporters and managing operations for the entire cluster. You’ll also drive key operational metrics by regularly you’ll take complete ownership of processes allotted to you and work with various stakeholder  achieve team goals. You’ll continuously work towards identifying gaps and providing recommendations for improving our processes.
"
3D Software Engineer - Application Development,Palantir,"Seattle, WA",https://jobs.lever.co/palantir/5b38dcb4-f9e8-47fb-a9a1-1e13da2de23c,"A World-Changing Company

Palantir builds the world’s leading software for data-driven decisions and operations. By bringing the right data to the people who need it, our platforms empower our partners to develop lifesaving drugs, forecast supply chain disruptions, locate missing children, and more.


The Role

Palantir Foundry is an end-to-end platform for data-driven decision-making, and as a 3D Software Engineer, you will play a pivotal role in extending its capabilities to handle advanced 3D visualization and geospatial workflows. We're transforming the way organizations integrate and interact with complex 3D data—such as gaussian splats, point clouds, BIM files, CAD models, and schematics—so they can build reliable, mission-critical applications atop a unified foundation.  

In this role, you will join a specialized team within Foundry focused on 3D tools and visualization, working closely with industries like Architecture, Construction, Automotive, Aerospace, Space, Oil and Gas, Mining, and Utilities. Our customers use Foundry to visualize and analyze 3D models and geospatial data to support their daily operations, across infrastructure planning, asset management, digital twins for industrial facilities, and real-time monitoring of complex engineering systems.  

As a 3D Software Engineer, you will be responsible for designing and developing cutting-edge tools that allow thousands of users to interact with 3D data in intuitive and powerful ways. You will develop new end-to-end approaches for displaying 3D geometry—from offline pre-processing of large datasets to novel realtime approaches on the GPU—and build applications that use them for visualization and analysis. Your work will empower customers to build sophisticated applications, such as interactive dashboards for construction sites, geospatial analysis tools for mining operations, or simulation environments for aerospace design.  

You may spend one day collaborating with customers in the construction sector to understand their needs when visualizing BIM files, identify gaps in their current tools, and prototype solutions. The next day, you might brainstorm with teammates on optimizing shader performance for rendering large-scale point clouds or voxel models in real time, or work with backend engineers to define APIs and schemas that back these workflows.  

You’ll regularly face sophisticated technical problems, requiring you to scope out the solution design and find an incremental path to ship new features. As part of this, you will own APIs and schemas that power your frontend code, or work with other backend engineers in developing them together.

Below are some examples of the types of product work you’d get to do in this role:  
•  3D Visualization Tools: Build interactive tools for rendering and manipulating 3D models, such as CAD and BIM files, enabling architects and engineers to explore designs in real time.  
•  Geospatial Workflows: Develop features for visualizing and analyzing geospatial data like gaussian splats, point clouds, and voxel models, supporting use cases in utilities, mining, oil and gas exploration, and urban planning.  
•  Shader Development: Write and optimize custom shaders to enhance the performance and visual fidelity of renderings for applications in aerospace and automotive design.  
•  Digital Twins: Create interfaces for integrating 3D schematics and real-time sensor data, powering digital twin applications for utilities and industrial facilities.  
•  Performance Optimization: Solve complex challenges related to rendering large-scale 3D datasets, ensuring smooth performance for end-users in high-stakes environments like space mission planning.  

Frontline

Foundry Software Engineers may be offered the opportunity to Frontline, an exclusive program unlike any other. This unique, short-term assignment involves being embedded with customers, allowing you to work directly with users and gain firsthand insight into how our products are used and the challenges our customers face. Unlike traditional engineering roles, Frontline immerses you in complex, ambiguous problems, empowering you to deliver impactful solutions across some of the world’s most important industries and institutions.

Some of our most successful products were built on the factory floor, addressing real-world problems for the world's most important institutions. These products were developed by some of our most successful product engineers, who began their careers in roles aligned with Frontline responsibilities, gaining a deep understanding of both our technology and our customers.

Frontliners operate across a broad spectrum of responsibilities, much like a startup CTO. They work in small teams to own the end-to-end execution of high-stakes projects. This spectrum ranges from discussing architecture and building custom web apps to conducting workshops with users and strategizing with customer executives. No two days are alike, as each day is diverse and impactful. By witnessing how customers engage with Foundry and experiencing these pain points firsthand, you’ll gain unique insights that feed directly back into our development process, helping to refine and enhance our products.
"
3D Software Engineer - Application Development,Palantir,"Denver, CO",https://jobs.lever.co/palantir/8e1ace3a-1329-490b-a4f0-2b4529492636,"A World-Changing Company

Palantir builds the world’s leading software for data-driven decisions and operations. By bringing the right data to the people who need it, our platforms empower our partners to develop lifesaving drugs, forecast supply chain disruptions, locate missing children, and more.


The Role

Palantir Foundry is an end-to-end platform for data-driven decision-making, and as a 3D Software Engineer, you will play a pivotal role in extending its capabilities to handle advanced 3D visualization and geospatial workflows. We're transforming the way organizations integrate and interact with complex 3D data—such as gaussian splats, point clouds, BIM files, CAD models, and schematics—so they can build reliable, mission-critical applications atop a unified foundation.  

In this role, you will join a specialized team within Foundry focused on 3D tools and visualization, working closely with industries like Architecture, Construction, Automotive, Aerospace, Space, Oil and Gas, Mining, and Utilities. Our customers use Foundry to visualize and analyze 3D models and geospatial data to support their daily operations, across infrastructure planning, asset management, digital twins for industrial facilities, and real-time monitoring of complex engineering systems.  

As a 3D Software Engineer, you will be responsible for designing and developing cutting-edge tools that allow thousands of users to interact with 3D data in intuitive and powerful ways. You will develop new end-to-end approaches for displaying 3D geometry—from offline pre-processing of large datasets to novel realtime approaches on the GPU—and build applications that use them for visualization and analysis. Your work will empower customers to build sophisticated applications, such as interactive dashboards for construction sites, geospatial analysis tools for mining operations, or simulation environments for aerospace design.  

You may spend one day collaborating with customers in the construction sector to understand their needs when visualizing BIM files, identify gaps in their current tools, and prototype solutions. The next day, you might brainstorm with teammates on optimizing shader performance for rendering large-scale point clouds or voxel models in real time, or work with backend engineers to define APIs and schemas that back these workflows.  

You’ll regularly face sophisticated technical problems, requiring you to scope out the solution design and find an incremental path to ship new features. As part of this, you will own APIs and schemas that power your frontend code, or work with other backend engineers in developing them together.

Below are some examples of the types of product work you’d get to do in this role:  
•  3D Visualization Tools: Build interactive tools for rendering and manipulating 3D models, such as CAD and BIM files, enabling architects and engineers to explore designs in real time.  
•  Geospatial Workflows: Develop features for visualizing and analyzing geospatial data like gaussian splats, point clouds, and voxel models, supporting use cases in utilities, mining, oil and gas exploration, and urban planning.  
•  Shader Development: Write and optimize custom shaders to enhance the performance and visual fidelity of renderings for applications in aerospace and automotive design.  
•  Digital Twins: Create interfaces for integrating 3D schematics and real-time sensor data, powering digital twin applications for utilities and industrial facilities.  
•  Performance Optimization: Solve complex challenges related to rendering large-scale 3D datasets, ensuring smooth performance for end-users in high-stakes environments like space mission planning.  

Frontline

Foundry Software Engineers may be offered the opportunity to Frontline, an exclusive program unlike any other. This unique, short-term assignment involves being embedded with customers, allowing you to work directly with users and gain firsthand insight into how our products are used and the challenges our customers face. Unlike traditional engineering roles, Frontline immerses you in complex, ambiguous problems, empowering you to deliver impactful solutions across some of the world’s most important industries and institutions.

Some of our most successful products were built on the factory floor, addressing real-world problems for the world's most important institutions. These products were developed by some of our most successful product engineers, who began their careers in roles aligned with Frontline responsibilities, gaining a deep understanding of both our technology and our customers.

Frontliners operate across a broad spectrum of responsibilities, much like a startup CTO. They work in small teams to own the end-to-end execution of high-stakes projects. This spectrum ranges from discussing architecture and building custom web apps to conducting workshops with users and strategizing with customer executives. No two days are alike, as each day is diverse and impactful. By witnessing how customers engage with Foundry and experiencing these pain points firsthand, you’ll gain unique insights that feed directly back into our development process, helping to refine and enhance our products.
"
3D Software Engineer - Application Development,Palantir,"New York, NY",https://jobs.lever.co/palantir/91505b09-8082-4edf-bf91-5b015bf3e4be,"A World-Changing Company

Palantir builds the world’s leading software for data-driven decisions and operations. By bringing the right data to the people who need it, our platforms empower our partners to develop lifesaving drugs, forecast supply chain disruptions, locate missing children, and more.


The Role

Palantir Foundry is an end-to-end platform for data-driven decision-making, and as a 3D Software Engineer, you will play a pivotal role in extending its capabilities to handle advanced 3D visualization and geospatial workflows. We're transforming the way organizations integrate and interact with complex 3D data—such as gaussian splats, point clouds, BIM files, CAD models, and schematics—so they can build reliable, mission-critical applications atop a unified foundation.  

In this role, you will join a specialized team within Foundry focused on 3D tools and visualization, working closely with industries like Architecture, Construction, Automotive, Aerospace, Space, Oil and Gas, Mining, and Utilities. Our customers use Foundry to visualize and analyze 3D models and geospatial data to support their daily operations, across infrastructure planning, asset management, digital twins for industrial facilities, and real-time monitoring of complex engineering systems.  

As a 3D Software Engineer, you will be responsible for designing and developing cutting-edge tools that allow thousands of users to interact with 3D data in intuitive and powerful ways. You will develop new end-to-end approaches for displaying 3D geometry—from offline pre-processing of large datasets to novel realtime approaches on the GPU—and build applications that use them for visualization and analysis. Your work will empower customers to build sophisticated applications, such as interactive dashboards for construction sites, geospatial analysis tools for mining operations, or simulation environments for aerospace design.  

You may spend one day collaborating with customers in the construction sector to understand their needs when visualizing BIM files, identify gaps in their current tools, and prototype solutions. The next day, you might brainstorm with teammates on optimizing shader performance for rendering large-scale point clouds or voxel models in real time, or work with backend engineers to define APIs and schemas that back these workflows.  

You’ll regularly face sophisticated technical problems, requiring you to scope out the solution design and find an incremental path to ship new features. As part of this, you will own APIs and schemas that power your frontend code, or work with other backend engineers in developing them together.

Below are some examples of the types of product work you’d get to do in this role:  
•  3D Visualization Tools: Build interactive tools for rendering and manipulating 3D models, such as CAD and BIM files, enabling architects and engineers to explore designs in real time.  
•  Geospatial Workflows: Develop features for visualizing and analyzing geospatial data like gaussian splats, point clouds, and voxel models, supporting use cases in utilities, mining, oil and gas exploration, and urban planning.  
•  Shader Development: Write and optimize custom shaders to enhance the performance and visual fidelity of renderings for applications in aerospace and automotive design.  
•  Digital Twins: Create interfaces for integrating 3D schematics and real-time sensor data, powering digital twin applications for utilities and industrial facilities.  
•  Performance Optimization: Solve complex challenges related to rendering large-scale 3D datasets, ensuring smooth performance for end-users in high-stakes environments like space mission planning.  

Frontline

Foundry Software Engineers may be offered the opportunity to Frontline, an exclusive program unlike any other. This unique, short-term assignment involves being embedded with customers, allowing you to work directly with users and gain firsthand insight into how our products are used and the challenges our customers face. Unlike traditional engineering roles, Frontline immerses you in complex, ambiguous problems, empowering you to deliver impactful solutions across some of the world’s most important industries and institutions.

Some of our most successful products were built on the factory floor, addressing real-world problems for the world's most important institutions. These products were developed by some of our most successful product engineers, who began their careers in roles aligned with Frontline responsibilities, gaining a deep understanding of both our technology and our customers.

Frontliners operate across a broad spectrum of responsibilities, much like a startup CTO. They work in small teams to own the end-to-end execution of high-stakes projects. This spectrum ranges from discussing architecture and building custom web apps to conducting workshops with users and strategizing with customer executives. No two days are alike, as each day is diverse and impactful. By witnessing how customers engage with Foundry and experiencing these pain points firsthand, you’ll gain unique insights that feed directly back into our development process, helping to refine and enhance our products.
"
Account Executive,Palantir,"Seoul, South Korea",https://jobs.lever.co/palantir/5ec536c8-67b8-4b6b-b23e-cde403d59d53,"A World-Changing Company

Palantir builds the world’s leading software for data-driven decisions and operations. By bringing the right data to the people who need it, our platforms empower our partners to develop lifesaving drugs, forecast supply chain disruptions, locate missing children, and more.


The Role

Palantir’s Korea Business Development team targets and partners with some of the largest institutions in the world, helping them solve their most mission critical problems. Account Executives partner with these institutions while working alongside the brightest engineers in the field to deliver results. Our products are complex and extremely versatile which allow us to deliver value within hours or days as opposed to weeks or months.

You will be responsible for engaging, evaluating, and delivering new and expansion business opportunities at targeted large institutions. Each partner (client) is different and has its own way of procuring software, and Account Executives see these distinctions as opportunities — for value creation. Successful Account Executives tailor their approach to Palantir and to each unique opportunity, rather than relying on past strategies for selling other enterprise software.
"
Administrative Business Partner,Palantir,"Washington, D.C.",https://jobs.lever.co/palantir/3d315de7-b94f-4c29-bcbb-63d51b00325a,"A World-Changing Company

Palantir builds the world’s leading software for data-driven decisions and operations. By bringing the right data to the people who need it, our platforms empower our partners to develop lifesaving drugs, forecast supply chain disruptions, locate missing children, and more.


The Role

Our team of Administrative Business Partners does more than just support our leaders: we’re the backbone of the busiest people at Palantir. We build positive relationships with the people we support and anticipate their needs without being asked. Our passion for helping others makes us an invaluable resource at Palantir!

As an Administrative Business Partner, you will be handling a variety of professional responsibilities, including calendaring, travel, and expenses. You are very organized and thrive off of enabling the people you support to be as productive and impactful as possible. You’ll demonstrate your excellent communication skills, and exercise tact and diplomacy in helping to manage relationships with internal and external senior team members at Palantir. In this role you'll also demonstrate good judgment and critical thinking by understanding competing priorities and actioning accordingly.
"
Administrative Business Partner,Palantir,"New York, NY",https://jobs.lever.co/palantir/a543d82a-a089-4b1c-afd1-4f30d3d8ee23,"A World-Changing Company

Palantir builds the world’s leading software for data-driven decisions and operations. By bringing the right data to the people who need it, our platforms empower our partners to develop lifesaving drugs, forecast supply chain disruptions, locate missing children, and more.


The Role

Our team of Administrative Business Partners does more than just support our leaders: we’re the backbone of the busiest people at Palantir. We build positive relationships with the people we support and anticipate their needs without being asked. Our passion for helping others makes us an invaluable resource at Palantir!

As an Administrative Business Partner, you will be handling a variety of professional responsibilities, including calendaring, travel, and expenses. You are very organized and thrive off of enabling the people you support to be as productive and impactful as possible. You’ll demonstrate your excellent communication skills, and exercise tact and diplomacy in helping to manage relationships with internal and external senior team members at Palantir. In this role you'll also demonstrate good judgment and critical thinking by understanding competing priorities and actioning accordingly.
"
Administrative Business Partner,Palantir,"London, United Kingdom",https://jobs.lever.co/palantir/ac978161-6f46-4f6b-ad9e-a258e642751c,"A World-Changing Company

Palantir builds the world’s leading software for data-driven decisions and operations. By bringing the right data to the people who need it, our platforms empower our partners to develop lifesaving drugs, forecast supply chain disruptions, locate missing children, and more.


The Role

Our team of Administrative Business Partners does more than just support our leaders: we’re the backbone of the busiest people at Palantir. We build positive relationships with the people we support and anticipate their needs without being asked. Our passion for helping others makes us an invaluable resource at Palantir!

As an Administrative Business Partner, you will be handling a variety of professional responsibilities, including calendaring, travel, and expenses. You are very organised and thrive off of enabling the people you support to be as productive and impactful as possible. You’ll demonstrate your excellent communication skills, and exercise tact and diplomacy in helping to manage relationships with internal and external senior team members at Palantir. In this role you'll also demonstrate good judgment and critical thinking by understanding competing priorities and actioning accordingly.
"
American Tech Fellowship for Veterans,Palantir,North America,https://jobs.lever.co/palantir/b88cd6e1-22b7-49d6-b215-1ca262a05728,"A World-Changing Company

Palantir builds the world’s leading software for data-driven decisions and operations. By bringing the right data to the people who need it, our platforms empower our partners to develop lifesaving drugs, power decisions on the battlefield,  locate missing children, and more.

Applications for Cohort 4 are now open for U.S. military veterans. If that’s not you, don’t worry! Check back soon for information on the next iteration of ATF!

The Program

In the 20th century, America pioneered mass production. We built the Arsenal of Democracy, won WWII & the Cold War, and then left the Arsenal to rust. Silicon Valley, a product of the Heartland, turned its back on the American worker. 

It’s time to reawaken the giant. 

The same spirit of practical innovation that enabled America to dominate the previous century lives on in every American factory, workshop, and garage today. The proliferation of Artificial Intelligence poses risks, but also the opportunity for a technological and industrial renaissance. 

Palantir launched the American Tech Fellowship to arm Americans with the skills to deploy cutting-edge software in the workforce. Fellows will have an opportunity to explore and build on Palantir’s Artificial Intelligence Platform (AIP) and earn a professional certification in its use. Exceptional performers will earn an opportunity to interview for a role at Palantir or partner companies, where they can use their newfound skills to contribute to the reindustrialization and revival of America.

This fellowship is about more than careers—it's about restoring the promise that hard work and determination can still change your life in America. It's an investment in American excellence, evidence of our belief that America's greatest builders are still to be discovered. 

The American worker, given the right tools and opportunity, remains our competitive advantage. It’s time to prove it. 

The Role

In this fellowship, you'll participate in a comprehensive virtual training program with our partner, Ontologize, to level up your technical skills on Foundry and AIP.  You'll learn how to deploy Palantir's cutting-edge software to solve tough problems in enterprise settings and have the opportunity to engage directly with Palantir engineers and leadership. The program will run for 12 weeks, starting on March 2nd, 2026.  Participants are expected to attend live virtual sessions on two weeknights each week. We will also have optional sessions once a week and office hours throughout the duration of the program.  Participants can anticipate dedicating a total of 5 to 10 hours per week to instruction and project work throughout the fellowship.

Exceptional performers will have opportunities to interview for full-time employment opportunities at Palantir and our partner companies. Top participants will also have the opportunity to take part in an in-person Palantir Hackathon. 

The window for submitting American Tech Fellowship applications is now through February 2nd, 2026.  This program provides valuable training to participants and is unpaid.

What We’re Looking For

We want builders—people who are hungry to learn whatever it takes to win in the new AI era and aren’t afraid to wire a sensor, flash firmware, or ship production code to make it happen. We’re looking for the technically inclined across all Military Occupational Specialties who can wield Palantir’s tools to solve real-world problems. Whether you’re on Active Duty, in the Reserves, the National Guard, or someone who has left military service, we need you to forge the future of American AI. 

Some signals that you’re that kind of person might be if you’ve taught yourself—or been the local go-to—for at least one of these stacks:

•  General-purpose code: Python, C/C++, C# / .NET, Rust, Go, Java, TypeScript/JavaScript
•  Data / scientific: SQL, MATLAB, Simulink, R, Julia, Excel + VBA
•  Embedded & controls: Arduino/MicroPython, ROS, LabVIEW, Ladder Logic / Structured Text, G-code, PLC or SCADA configuration
•  Hardware description: Verilog, VHDL, SystemVerilog, FPGAs
•  You’re comfortable in—or eager to master—the Linux shell, Git, and container tooling like Docker or WSL.
•  You can read a wiring diagram, a CAD drawing, or a messy CSV file and immediately think, “How do I instrument, automate, or optimize this?”
•  You don’t wait for perfect specs—you prototype, test, iterate, and learn on the fly

What We Value

Show us where you’ve flexed that builder’s mindset. That could look like:

•  Formal study in Computer Science, Electrical / Mechanical / Control Systems Engineering, Physics, Applied Math, Data Science, Mechatronics, Robotics, or related field 
•  4+ years solving real problems on a factory floor, in field service, avionics, the military, or a garage shop—especially if you automated, instrumented, or optimized a physical process
•  Startup, maker-space, or hackathon projects that blended hardware and software e.g., retrofitting a CNC, wiring a sensor network, building a ROS robot, deploying an edge AI model
•  Transitioning U.S. service members—officer or enlisted—within six months of separation who have already been wiring, coding, maintaining, or optimizing advanced systems in uniform and want to level-up those skills with AI
•  Publications, patents, or open-source contributions in any of the stacks above

If you’ve got the fire to learn and you’ve built something that moved the needle—no matter where or how—you’re the kind of American worker we designed this fellowship for.

What We Require

•  2+ years of hands-on work experience
•  Proficiency with one or more programming languages, such as Python, Java, C++, TypeScript/JavaScript, or similar
•  Technical background, preferred in fields such as Computer Science, Software Engineering, Electrical Engineering, Mechanical Engineering, Physics, and Data Science (no formal degree required) 
•  This cohort of ATF is exclusively for U.S. military veterans. Veterans of any branch, any MOS, and any length of service are encouraged to apply. Transitioning military and recently-separated individuals are ideally placed for ATF. We also welcome applications from long-separated veterans and those still serving in the reserves or National Guard. If an applicant has separated from the military, only those with an Honorable Discharge may apply.

Life at Palantir

If you want to empower the world's most important institutions, you belong here. Palantir values excellence regardless of background. We are proud to be an Equal Opportunity Employer for all, including but not limited to Veterans and those with disabilities. Palantir is committed to making the application and hiring process accessible to everyone and will provide a reasonable accommodation for those living with a disability. If you need an accommodation for the application or hiring process, please reach out and let us know how we can help.

If you would like to understand more about how your personal data will be processed by Palantir, please see our Privacy Policy.
"
Application Security Engineer,Palantir,"London, United Kingdom",https://jobs.lever.co/palantir/205c3184-4272-41a9-a1e2-5352d4d00910,"A World-Changing Company

Palantir builds the world’s leading software for data-driven decisions and operations. By bringing the right data to the people who need it, our platforms empower our partners to develop lifesaving drugs, forecast supply chain disruptions, locate missing children, and more.


Our Product Security team works on secure-by-design and deep product partnership. We build strong relationships with other teams and help them build secure software. This includes reviewing early-stage designs, helping develop threat models.

The Role

Our products support some of the most important and impactful work in the world, including defense, intelligence, and commercial applications. We are trusted by our customers to protect their mission-critical information in the face of advanced persistent threats. The mission of the Application Security Team is to enable developers to be highly productive, agile, and produce the most secure software possible. Given the mission critical work that Palantir does, investments in application security have never been more important.

As an Application Security Engineer, you will be hands-on and have wide-ranging impact for the security of Palantir:
•   Product security reviews. You will perform full-scope security reviews of our current and future product and service portfolio. This includes whitebox, greybox, and blackbox assessments. You will work with offensive security teams, engineering teams, and other members of the InfoSec organization to harden our products against our dedicated adversaries. 
•   Architecture and design. You will be the security subject matter expert for product architects and engineers. You will threat model, assess risks, and help implement security controls and mitigations to address identified issues. You will directly steer the design of our products to ensure we are secure-by-default. 
•   Strategic security initiatives. You will be empowered to own transformational security initiatives that impact the whole company. Members of the Application Security Team have implemented software supply chain security controls (e.g., in-toto), implemented hardware-backed GPG key signing for commits, developed new security services, implemented security automation, or worked on massive-scale security problems. 
•   Vulnerability identification and analysis. You will be responsible for finding new and novel ways to identify and resolve security vulnerabilities in our products. This includes static and dynamic code analysis, security scanning, investigation of security reports from InfoSec, our bug bounty program, or other trusted partners, and direct work with our incident response team on product security issues and incidents. 

This role has wide-reaching impact, strong autonomy, and the resources and empowerment to make significant security improvements across all Palantir. The skills and background of successful candidates may vary highly, but curiosity, tenacity, and a drive to be a world-class security engineer are the underpinnings of our team.
"
Application Security Engineer,Palantir,"New York, NY",https://jobs.lever.co/palantir/7e3ec54c-b73a-4014-8ef3-cdce8a4953c4,"A World-Changing Company

Palantir builds the world’s leading software for data-driven decisions and operations. By bringing the right data to the people who need it, our platforms empower our partners to develop lifesaving drugs, forecast supply chain disruptions, locate missing children, and more.


The Role

Our products support some of the most important and impactful work in the world, including defense, intelligence, and commercial applications. We are trusted by our customers to protect their mission-critical information in the face of advanced persistent threats. The mission of the Application Security Team is to enable developers to be highly productive, agile, and produce the most secure software possible. Given the mission critical work that Palantir does, investments in application security have never been more important.

As an Application Security Engineer, you will be hands-on and have wide-ranging impact for the security of Palantir:
•  Product security reviews. You will perform full-scope security reviews of our current and future product and service portfolio. This includes whitebox, greybox, and blackbox assessments. You will work with offensive security teams, engineering teams, and other members of the InfoSec organization to harden our products against our dedicated adversaries. 
•  Architecture and design. You will be the security subject matter expert for product architects and engineers. You will threat model, assess risks, and help implement security controls and mitigations to address identified issues. You will directly steer the design of our products to ensure we are secure-by-default. 
•  Strategic security initiatives. You will be empowered to own transformational security initiatives that impact the whole company. Members of the Application Security Team have implemented software supply chain security controls (e.g., in-toto), implemented hardware-backed GPG key signing for commits, developed new security services, implemented security automation, or worked on massive-scale security problems. 
•  Vulnerability identification and analysis. You will be responsible for finding new and novel ways to identify and resolve security vulnerabilities in our products. This includes static and dynamic code analysis, security scanning, investigation of security reports from InfoSec, our bug bounty program, or other trusted partners, and direct work with our incident response team on product security issues and incidents. 

This role has wide-reaching impact, strong autonomy, and the resources and empowerment to make significant security improvements across all Palantir. The skills and background of successful candidates may vary highly, but curiosity, tenacity, and a drive to be a world-class security engineer are the underpinnings of our team. 
"
Application Security Engineer,Palantir,"Palo Alto, CA",https://jobs.lever.co/palantir/86641a6e-5abb-40c5-8cc3-d481f70350d7,"A World-Changing Company

Palantir builds the world’s leading software for data-driven decisions and operations. By bringing the right data to the people who need it, our platforms empower our partners to develop lifesaving drugs, forecast supply chain disruptions, locate missing children, and more.


The Role

Our products support some of the most important and impactful work in the world, including defense, intelligence, and commercial applications. We are trusted by our customers to protect their mission-critical information in the face of advanced persistent threats. The mission of the Application Security Team is to enable developers to be highly productive, agile, and produce the most secure software possible. Given the mission critical work that Palantir does, investments in application security have never been more important.

As an Application Security Engineer, you will be hands-on and have wide-ranging impact for the security of Palantir:
•  Product security reviews. You will perform full-scope security reviews of our current and future product and service portfolio. This includes whitebox, greybox, and blackbox assessments. You will work with offensive security teams, engineering teams, and other members of the InfoSec organization to harden our products against our dedicated adversaries. 
•  Architecture and design. You will be the security subject matter expert for product architects and engineers. You will threat model, assess risks, and help implement security controls and mitigations to address identified issues. You will directly steer the design of our products to ensure we are secure-by-default. 
•  Strategic security initiatives. You will be empowered to own transformational security initiatives that impact the whole company. Members of the Application Security Team have implemented software supply chain security controls (e.g., in-toto), implemented hardware-backed GPG key signing for commits, developed new security services, implemented security automation, or worked on massive-scale security problems. 
•  Vulnerability identification and analysis. You will be responsible for finding new and novel ways to identify and resolve security vulnerabilities in our products. This includes static and dynamic code analysis, security scanning, investigation of security reports from InfoSec, our bug bounty program, or other trusted partners, and direct work with our incident response team on product security issues and incidents. 

This role has wide-reaching impact, strong autonomy, and the resources and empowerment to make significant security improvements across all Palantir. The skills and background of successful candidates may vary highly, but curiosity, tenacity, and a drive to be a world-class security engineer are the underpinnings of our team. 
"
Application Security Engineer,Palantir,"Washington, D.C.",https://jobs.lever.co/palantir/a5fdd5ec-d1f3-4837-83af-161b003931dd,"A World-Changing Company

Palantir builds the world’s leading software for data-driven decisions and operations. By bringing the right data to the people who need it, our platforms empower our partners to develop lifesaving drugs, forecast supply chain disruptions, locate missing children, and more.


The Role

Our products support some of the most important and impactful work in the world, including defense, intelligence, and commercial applications. We are trusted by our customers to protect their mission-critical information in the face of advanced persistent threats. The mission of the Application Security Team is to enable developers to be highly productive, agile, and produce the most secure software possible. Given the mission critical work that Palantir does, investments in application security have never been more important.

As an Application Security Engineer, you will be hands-on and have wide-ranging impact for the security of Palantir:
•  Product security reviews. You will perform full-scope security reviews of our current and future product and service portfolio. This includes whitebox, greybox, and blackbox assessments. You will work with offensive security teams, engineering teams, and other members of the InfoSec organization to harden our products against our dedicated adversaries. 
•  Architecture and design. You will be the security subject matter expert for product architects and engineers. You will threat model, assess risks, and help implement security controls and mitigations to address identified issues. You will directly steer the design of our products to ensure we are secure-by-default. 
•  Strategic security initiatives. You will be empowered to own transformational security initiatives that impact the whole company. Members of the Application Security Team have implemented software supply chain security controls (e.g., in-toto), implemented hardware-backed GPG key signing for commits, developed new security services, implemented security automation, or worked on massive-scale security problems. 
•  Vulnerability identification and analysis. You will be responsible for finding new and novel ways to identify and resolve security vulnerabilities in our products. This includes static and dynamic code analysis, security scanning, investigation of security reports from InfoSec, our bug bounty program, or other trusted partners, and direct work with our incident response team on product security issues and incidents. 

This role has wide-reaching impact, strong autonomy, and the resources and empowerment to make significant security improvements across all Palantir. The skills and background of successful candidates may vary highly, but curiosity, tenacity, and a drive to be a world-class security engineer are the underpinnings of our team. 
"
Application Security Engineer,Palantir,"Seattle, WA",https://jobs.lever.co/palantir/f8df815c-6a38-4d57-b75f-c4262b9311b4,"A World-Changing Company

Palantir builds the world’s leading software for data-driven decisions and operations. By bringing the right data to the people who need it, our platforms empower our partners to develop lifesaving drugs, forecast supply chain disruptions, locate missing children, and more.


The Role

Our products support some of the most important and impactful work in the world, including defense, intelligence, and commercial applications. We are trusted by our customers to protect their mission-critical information in the face of advanced persistent threats. The mission of the Application Security Team is to enable developers to be highly productive, agile, and produce the most secure software possible. Given the mission critical work that Palantir does, investments in application security have never been more important.

As an Application Security Engineer, you will be hands-on and have wide-ranging impact for the security of Palantir:
•  Product security reviews. You will perform full-scope security reviews of our current and future product and service portfolio. This includes whitebox, greybox, and blackbox assessments. You will work with offensive security teams, engineering teams, and other members of the InfoSec organization to harden our products against our dedicated adversaries. 
•  Architecture and design. You will be the security subject matter expert for product architects and engineers. You will threat model, assess risks, and help implement security controls and mitigations to address identified issues. You will directly steer the design of our products to ensure we are secure-by-default. 
•  Strategic security initiatives. You will be empowered to own transformational security initiatives that impact the whole company. Members of the Application Security Team have implemented software supply chain security controls (e.g., in-toto), implemented hardware-backed GPG key signing for commits, developed new security services, implemented security automation, or worked on massive-scale security problems. 
•  Vulnerability identification and analysis. You will be responsible for finding new and novel ways to identify and resolve security vulnerabilities in our products. This includes static and dynamic code analysis, security scanning, investigation of security reports from InfoSec, our bug bounty program, or other trusted partners, and direct work with our incident response team on product security issues and incidents. 

This role has wide-reaching impact, strong autonomy, and the resources and empowerment to make significant security improvements across all Palantir. The skills and background of successful candidates may vary highly, but curiosity, tenacity, and a drive to be a world-class security engineer are the underpinnings of our team. 
"
Backend Software Engineer - Application Development,Palantir,"London, United Kingdom",https://jobs.lever.co/palantir/10dfc8bc-99ad-4ca2-ab76-853cb90a92c2,"A World-Changing Company

Palantir builds the world’s leading software for data-driven decisions and operations. By bringing the right data to the people who need it, our platforms empower our partners to develop lifesaving drugs, forecast supply chain disruptions, locate missing children, and more.


The Role

Backend Software Engineers at Palantir build software at scale to transform how organisations use data. Our Software Engineers are involved throughout the product lifecycle, from idea generation, design, prototyping, and production delivery. You will collaborate closely with technical and non-technical teammates to understand our customers' problems and build products that solve them. We encourage movement across teams to share context, skills, and experience, so you'll learn about many different technologies and aspects of each product. Engineers work autonomously and make decisions independently, within a community that will support and challenge you as you grow and develop, becoming a strong technical contributor and engineering leader.

Your day-to-day workflow will vary, adapting to the requirements of our users and the technical challenges that arise. One day, you may find yourself collaborating with other engineers to architect a new system that enables a novel workflow, the next you could be fine-tuning performance to enable low-latency operational outcomes.

Our Product Development organisation is made up of small teams of Software Engineers. Each team focuses on a specific aspect of a product and work collaboratively to build cross functional capabilities, streamline user workflows and continuously improve our software's efficiency and reliability.

We’re hiring engineers who are passionate about solving real-world problems and empowering both developers and end-users to work optimally. If you’re motivated to develop reliable, performant, and scalable systems, and to design robust APIs and primitives, this role offers the opportunity to make a significant impact on our products and the people who use them.

Frontline

Foundry Software Engineers may be offered the opportunity to Frontline, an exclusive program unlike any other. This unique, short-term assignment involves being embedded with customers, allowing you to work directly with users and gain firsthand insight into how our products are used and the challenges our customers face. Unlike traditional engineering roles, Frontline immerses you in complex, ambiguous problems, empowering you to deliver impactful solutions across some of the world’s most important industries and institutions.

Some of our most successful products were built on the factory floor, addressing real-world problems for the world's most important institutions. These products were developed by some of our most successful product engineers, who began their careers in roles aligned with Frontline responsibilities, gaining a deep understanding of both our technology and our customers.

Frontliners operate across a broad spectrum of responsibilities, much like a startup CTO. They work in small teams to own the end-to-end execution of high-stakes projects. This spectrum ranges from discussing architecture and building custom web apps to conducting workshops with users and strategizing with customer executives. No two days are alike, as each day is diverse and impactful. By witnessing how customers engage with Foundry and experiencing these pain points firsthand, you’ll gain unique insights that feed directly back into our development process, helping to refine and enhance our products.
"
Backend Software Engineer - Application Development,Palantir,"New York, NY",https://jobs.lever.co/palantir/ab7e3425-81d5-4705-a7b5-cd60c8a45cdb,"A World-Changing Company

Palantir builds the world’s leading software for data-driven decisions and operations. By bringing the right data to the people who need it, our platforms empower our partners to develop lifesaving drugs, forecast supply chain disruptions, locate missing children, and more.


The Role

Backend Software Engineers at Palantir build software at scale to transform how organisations use data. Our Software Engineers are involved throughout the product lifecycle, from idea generation, design, prototyping, and production delivery. You will collaborate closely with technical and non-technical teammates to understand our customers' problems and build products that solve them. We encourage movement across teams to share context, skills, and experience, so you'll learn about many different technologies and aspects of each product. Engineers work autonomously and make decisions independently, within a community that will support and challenge you as you grow and develop, becoming a strong technical contributor and engineering leader.

Your day-to-day workflow will vary, adapting to the requirements of our users and the technical challenges that arise. One day, you may find yourself collaborating with other engineers to architect a new system that enables a novel workflow, the next you could be fine-tuning performance to enable low-latency operational outcomes.

Our Product Development organisation is made up of small teams of Software Engineers. Each team focuses on a specific aspect of a product and work collaboratively to build cross functional capabilities, streamline user workflows and continuously improve our software's efficiency and reliability.

We’re hiring engineers who are passionate about solving real-world problems and empowering both developers and end-users to work optimally. If you’re motivated to develop reliable, performant, and scalable systems, and to design robust APIs and primitives, this role offers the opportunity to make a significant impact on our products and the people who use them.

Frontline

Foundry Software Engineers may be offered the opportunity to Frontline, an exclusive program unlike any other. This unique, short-term assignment involves being embedded with customers, allowing you to work directly with users and gain firsthand insight into how our products are used and the challenges our customers face. Unlike traditional engineering roles, Frontline immerses you in complex, ambiguous problems, empowering you to deliver impactful solutions across some of the world’s most important industries and institutions.

Some of our most successful products were built on the factory floor, addressing real-world problems for the world's most important institutions. These products were developed by some of our most successful product engineers, who began their careers in roles aligned with Frontline responsibilities, gaining a deep understanding of both our technology and our customers.

Frontliners operate across a broad spectrum of responsibilities, much like a startup CTO. They work in small teams to own the end-to-end execution of high-stakes projects. This spectrum ranges from discussing architecture and building custom web apps to conducting workshops with users and strategizing with customer executives. No two days are alike, as each day is diverse and impactful. By witnessing how customers engage with Foundry and experiencing these pain points firsthand, you’ll gain unique insights that feed directly back into our development process, helping to refine and enhance our products.
"
Backend Software Engineer - Infrastructure,Palantir,"London, United Kingdom",https://jobs.lever.co/palantir/f70cdff7-c62f-4b73-a136-909e5e3d1891,"A World-Changing Company

Palantir builds the world’s leading software for data-driven decisions and operations. By bringing the right data to the people who need it, our platforms empower our partners to develop lifesaving drugs, forecast supply chain disruptions, locate missing children, and more.


The Role

Backend Software Engineers at Palantir build software at scale to transform how organizations use data. Our Software Engineers are involved throughout the product lifecycle, from idea generation, design, prototyping, and production delivery. You will collaborate closely with technical and non-technical teammates to understand our customers' problems and build products that solve them. We encourage movement across teams to share context, skills, and experience, so you'll learn about many different technologies and aspects of each product. Engineers work autonomously and make decisions independently, within a community that will support and challenge you as you grow and develop, becoming a strong technical contributor and engineering leader.

Our Product Development organization is made up of small teams of Software Engineers. Each team focuses on a specific aspect of a product. Our infrastructure teams are responsible for the lowest layers of our software stack, often focused on database technologies, distributed systems, large scale data systems, security, and application infrastructure. As a Software Engineer on infrastructure, you'll contribute high-quality code to underpin Palantir Foundry and Gotham with performant, secure, and scalable building blocks, enabling products deployed to the most important institutions in the public and private sector. You'll build the foundational capabilities that power our products used by research scientists, aerospace engineers, intelligence analysts, and economic forecasters, in countries around the world.

We’re hiring engineers who are passionate about solving real-world problems and empowering both developers and end-users to work optimally. If you’re motivated to develop reliable, performant, and scalable systems, and to design robust APIs and primitives, this role offers the opportunity to make a significant impact on our products and the people who use them.

Frontline

Foundry Software Engineers may be offered the opportunity to Frontline, an exclusive program unlike any other. This unique, short-term assignment involves being embedded with customers, allowing you to work directly with users and gain firsthand insight into how our products are used and the challenges our customers face. Unlike traditional engineering roles, Frontline immerses you in complex, ambiguous problems, empowering you to deliver impactful solutions across some of the world’s most important industries and institutions.

Some of our most successful products were built on the factory floor, addressing real-world problems for the world's most important institutions. These products were developed by some of our most successful product engineers, who began their careers in roles aligned with Frontline responsibilities, gaining a deep understanding of both our technology and our customers.

Frontliners operate across a broad spectrum of responsibilities, much like a startup CTO. They work in small teams to own the end-to-end execution of high-stakes projects. This spectrum ranges from discussing architecture and building custom web apps to conducting workshops with users and strategizing with customer executives. No two days are alike, as each day is diverse and impactful. By witnessing how customers engage with Foundry and experiencing these pain points firsthand, you’ll gain unique insights that feed directly back into our development process, helping to refine and enhance our products.
"
Backend Software Engineer - Infrastructure,Palantir,"New York, NY",https://jobs.lever.co/palantir/fb2d3222-dbd8-4e03-8d39-47b820e9509c,"A World-Changing Company

Palantir builds the world’s leading software for data-driven decisions and operations. By bringing the right data to the people who need it, our platforms empower our partners to develop lifesaving drugs, forecast supply chain disruptions, locate missing children, and more.


The Role

Backend Software Engineers at Palantir build software at scale to transform how organizations use data. Our Software Engineers are involved throughout the product lifecycle, from idea generation, design, prototyping, and production delivery. You will collaborate closely with technical and non-technical teammates to understand our customers' problems and build products that solve them. We encourage movement across teams to share context, skills, and experience, so you'll learn about many different technologies and aspects of each product. Engineers work autonomously and make decisions independently, within a community that will support and challenge you as you grow and develop, becoming a strong technical contributor and engineering leader.

Our Product Development organization is made up of small teams of Software Engineers. Each team focuses on a specific aspect of a product. Our infrastructure teams are responsible for the lowest layers of our software stack, often focused on database technologies, distributed systems, large scale data systems, security, and application infrastructure. As a Software Engineer on infrastructure, you'll contribute high-quality code to underpin Palantir Foundry and Gotham with performant, secure, and scalable building blocks, enabling products deployed to the most important institutions in the public and private sector. You'll build the foundational capabilities that power our products used by research scientists, aerospace engineers, intelligence analysts, and economic forecasters, in countries around the world.

We’re hiring engineers who are passionate about solving real-world problems and empowering both developers and end-users to work optimally. If you’re motivated to develop reliable, performant, and scalable systems, and to design robust APIs and primitives, this role offers the opportunity to make a significant impact on our products and the people who use them.
"
Capture and Proposal Strategist - Federal Health & Civil,Palantir,"Washington, D.C.",https://jobs.lever.co/palantir/622b28d7-7e29-4d21-9728-7a9b7f89b7aa,"A World-Changing Company

Palantir builds the world’s leading software for data-driven decisions and operations. By bringing the right data to the people who need it, our platforms empower our partners to develop lifesaving drugs, forecast supply chain disruptions, locate missing children, and more.


The Role

As a Capture and Proposal Strategist you are a critical driver of Palantir’s U.S. Government business growth. Through collaborating with business development and technical execution stakeholders, you will help expand Palantir’s footprint in the Civil and Health space by supporting customer acquisition strategies and writing compelling proposals to win contracts. Curious, critically-minded, and detail-oriented, you are an exceptional writer and strong project manager capable of turning complex technical concepts into persuasive proposals, white papers, project vision statements, and other business documents. You will write technical and non-technical explanations of our software's capabilities, contextualize our technology against customer-specific use cases, track active opportunities for updates, and manage formal proposals to win new business.   

This role is an opportunity to embed deeply in a unique company. Palantir is fast-paced, and you'll be expected to make decisions independently by weighing many needs and priorities. In this role, you'll wear many hats, arising to new business challenges while growing your skills and domain expertise on the job. We are looking for mission-driven teammates who can jump into any writing project with enthusiasm.  
"
Capture and Proposal Strategist - US Defense,Palantir,"Washington, D.C.",https://jobs.lever.co/palantir/4696ca2d-ddc7-4c58-9d74-6bc388d301a4,"A World-Changing Company

Palantir builds the world’s leading software for data-driven decisions and operations. By bringing the right data to the people who need it, our platforms empower our partners to develop lifesaving drugs, forecast supply chain disruptions, locate missing children, and more.


The Role

As a Proposal Writer you are a critical driver of Palantir’s U.S. Government business growth. Through collaborating with business development and technical execution stakeholders, you will help expand Palantir’s footprint in the Department of Defense (DOD) by writing high-quality and compelling proposals to win contracts. Detail-oriented, effective communicator, and creative writer, you are capable of turning complex technical concepts into persuasive proposals, white papers, project vision statements, presentations, and other business documentation. By understanding customer requirements, you will effectively deliver content that aligns with their business goals/needs. You will write technical and non-technical explanations of our software's capabilities and draft formal proposals that are easily digestible to the targeted audience.

Palantir is fast-paced, and you'll be expected to make decisions independently by weighing many needs and priorities. In this role, you'll wear many hats, arising to new business challenges while growing your skills and domain expertise on the job. We are looking for mission-driven teammates who can jump into any writing project with enthusiasm and operate at a high quality within tight deadlines.
"
Ceph Infrastructure Engineer,Palantir,"London, United Kingdom",https://jobs.lever.co/palantir/3900d827-5175-4453-be3b-e7fab0ed01f4,"A World-Changing Company

Palantir builds the world’s leading software for data-driven decisions and operations. By bringing the right data to the people who need it, our platforms empower our partners to develop lifesaving drugs, forecast supply chain disruptions, locate missing children, and more.


The Role

Join the Substrate Edge Team at Palantir, where we are responsible for mission-critical production infrastructure — encompassing hundreds of Kubernetes clusters across on-premises deployments, from large data centres to small-footprint edge devices. We are now seeking a Senior Infrastructure Engineer with specialised experience in Ceph to boost the scale and reliability of our ruggedised Kubernetes offerings under novel operating constraints.

If you are passionate about infrastructure at scale, have a deep understanding of Ceph, and are eager to engage with the broader open-source community, we encourage you to apply for this exciting opportunity.

As a Senior Infrastructure Engineer, you will leverage your expertise in Ceph to manage and optimise storage solutions at scale, ensuring seamless integration with our Kubernetes infrastructure. You will play a key role in automating hundreds of deployments of Ceph clusters on heterogeneous hardware, and making core contributions to the broader Ceph and CNCF communities.
"
Ceph Infrastructure Engineer,Palantir,"New York, NY",https://jobs.lever.co/palantir/aadf59e6-80a5-49fd-93d3-58e8de2dc8c9,"A World-Changing Company

Palantir builds the world’s leading software for data-driven decisions and operations. By bringing the right data to the people who need it, our platforms empower our partners to develop lifesaving drugs, forecast supply chain disruptions, locate missing children, and more.


The Role

Join the Substrate Edge Team at Palantir, where we are responsible for mission-critical production infrastructure — encompassing hundreds of Kubernetes clusters across on-premise deployments - from large datacenter to small footprint edge devices. We are now seeking a Senior Infrastructure Engineer with specialized experience in Ceph to boost the scale, and reliability of our ruggedized Kubernetes offerings under novel operating constraints.

If you are passionate about infrastructure at scale, have a deep understanding of Ceph, and are eager to engage with the broader open-source community, we encourage you to apply for this exciting opportunity.

As a Senior Infrastructure Engineer, you will leverage your expertise in Ceph to manage and optimize storage solutions at scale, ensuring seamless integration with our Kubernetes infrastructure. You will play a key role in automating hundreds of deployments of Ceph clusters on heterogeneous hardware, and making core contributions to the broader Ceph and CNCF communities.
"
Commercial Contracts Specialist,Palantir,"New York, NY",https://jobs.lever.co/palantir/45241c61-11af-45b5-86a0-a5302c028d6d,"A World-Changing Company

Palantir builds the world’s leading software for data-driven decisions and operations. By bringing the right data to the people who need it, our platforms empower our partners to develop lifesaving drugs, forecast supply chain disruptions, locate missing children, and more.


The Role

Palantir’s in-house legal team works to proactively address legal issues so that Palantir can continue to drive positive impact in the world. As a Commercial Contracts Specialist, you will be a non-attorney partnering closely with Commercial Counsel to effectively support our rapidly growing portfolio of commercial customers. In this role, you will also work closely with Palantir’s Sales, Legal, Finance, and Engineering teams, while owning the drafting, administration, and negotiation of commercial customer contracts, and building infrastructure to support our commercial customers at scale.

As you develop expertise with our commercial contracts and build relationships with our internal partners, you will become adept at quickly researching and answering factual and interpretive contractual questions as needed. You will also support various special projects that arise at our fast-paced, mission-focused company.

We’re a team that values both creativity and teamwork - whether operating solo or collaboratively, we seek to achieve great results on challenging, time-sensitive projects. You'll be given open ended objectives and will find ways to turn them into outcomes. By focusing on the broad vision without losing sight of the details, you'll bring large and multi-phase projects to successful completion while prioritizing team outcomes over individual wins. You are able to deliver complex information in an understandable way, and can manage high touch stakeholders in a constantly shifting landscape. You are ready to become an expert on the intricate details of the contracts that enable Palantir to implement its cutting-edge technology to solve real-world problems. You are passionate about conceiving and implementing scalable systems that increase your impact, and that of the Commercial Contracting team, over time.
"
Commercial Contracts Specialist,Palantir,"Palo Alto, CA",https://jobs.lever.co/palantir/9675791e-59c3-4677-ac62-0c80c38da2eb,"A World-Changing Company

Palantir builds the world’s leading software for data-driven decisions and operations. By bringing the right data to the people who need it, our platforms empower our partners to develop lifesaving drugs, forecast supply chain disruptions, locate missing children, and more.


The Role

Palantir’s in-house legal team works to proactively address legal issues so that Palantir can continue to drive positive impact in the world. As a Commercial Contracts Specialist, you will be a non-attorney partnering closely with Commercial Counsel to effectively support our rapidly growing portfolio of commercial customers. In this role, you will also work closely with Palantir’s Sales, Legal, Finance, and Engineering teams, while owning the drafting, administration, and negotiation of commercial customer contracts, and building infrastructure to support our commercial customers at scale.

As you develop expertise with our commercial contracts and build relationships with our internal partners, you will become adept at quickly researching and answering factual and interpretive contractual questions as needed. You will also support various special projects that arise at our fast-paced, mission-focused company.

We’re a team that values both creativity and teamwork - whether operating solo or collaboratively, we seek to achieve great results on challenging, time-sensitive projects. You'll be given open ended objectives and will find ways to turn them into outcomes. By focusing on the broad vision without losing sight of the details, you'll bring large and multi-phase projects to successful completion while prioritizing team outcomes over individual wins. You are able to deliver complex information in an understandable way, and can manage high touch stakeholders in a constantly shifting landscape. You are ready to become an expert on the intricate details of the contracts that enable Palantir to implement its cutting-edge technology to solve real-world problems. You are passionate about conceiving and implementing scalable systems that increase your impact, and that of the Commercial Contracting team, over time.
"
Compliance Engineer,Palantir,"New York, NY",https://jobs.lever.co/palantir/6fa1ad9b-4506-45e4-a476-f4292911a279,"A World-Changing Company

Palantir builds the world’s leading software for data-driven decisions and operations. By bringing the right data to the people who need it, our platforms empower our partners to develop lifesaving drugs, forecast supply chain disruptions, locate missing children, and more.


The Role

As a Compliance Engineer, you will help our engineers implement Palantir Security Controls across our entire product line. You’ll work closely with many different teams to shape these controls and champion a robust & nimble approach to risk management across the company. You will navigate & interpret complex US Government regulatory frameworks (e.g. FedRAMP, CMMC, IL5, IL6) in order to provide practical guidance on technical architecture, documentation & operational concerns, and sustainable processes that will allow us to continue to grow quickly & efficiently.
"
Compliance Engineer,Palantir,"Palo Alto, CA",https://jobs.lever.co/palantir/755c16c2-5207-49a7-9e7d-55eb608e03e6,"A World-Changing Company

Palantir builds the world’s leading software for data-driven decisions and operations. By bringing the right data to the people who need it, our platforms empower our partners to develop lifesaving drugs, forecast supply chain disruptions, locate missing children, and more.


The Role

As a Compliance Engineer, you will help our engineers implement Palantir Security Controls across our entire product line. You’ll work closely with many different teams to shape these controls and champion a robust & nimble approach to risk management across the company. You will navigate & interpret complex US Government regulatory frameworks (e.g. FedRAMP, CMMC, IL5, IL6) in order to provide practical guidance on technical architecture, documentation & operational concerns, and sustainable processes that will allow us to continue to grow quickly & efficiently.
"
Compliance Engineer,Palantir,"Washington, D.C.",https://jobs.lever.co/palantir/fbf8b12b-38f3-4cdb-a4d3-b5404c0aa98a,"A World-Changing Company

Palantir builds the world’s leading software for data-driven decisions and operations. By bringing the right data to the people who need it, our platforms empower our partners to develop lifesaving drugs, forecast supply chain disruptions, locate missing children, and more.


The Role

As a Compliance Engineer, you will help our engineers implement Palantir Security Controls across our entire product line. You’ll work closely with many different teams to shape these controls and champion a robust & nimble approach to risk management across the company. You will navigate & interpret complex US Government regulatory frameworks (e.g. FedRAMP, CMMC, IL5, IL6) in order to provide practical guidance on technical architecture, documentation & operational concerns, and sustainable processes that will allow us to continue to grow quickly & efficiently.
"
Contract Manager,Palantir,"Palo Alto, CA",https://jobs.lever.co/palantir/31f2ad4b-1f5a-4540-a87c-fa2e040aca40,"A World-Changing Company

Palantir builds the world’s leading software for data-driven decisions and operations. By bringing the right data to the people who need it, our platforms empower our partners to develop lifesaving drugs, forecast supply chain disruptions, locate missing children, and more.


The Role

Palantir’s in-house legal team works to proactively address legal issues and enable the growth of our business so that Palantir can continue to drive positive impact in the world.  As a Procurement Contract Specialist on the legal team, you will provide critical support to our team by owning the drafting and negotiating process of in-bound and out-bound contracts with Palantir vendors.  As a Procurement Contract Specialist, you will be the primary point of contact responsible for contract authoring, redlining, negotiating, and contract closeout, delivering vendor agreements from start to finish working closely with the legal team’s Procurement Counsel. You are a motivated self-starter responsible for most of the contract lifecycle, and will work closely with your various stakeholders both within the legal team and across Palantir to secure the best outcome for the company.  

Our ideal candidate proactively and effectively issue spots to streamline the contracting and negotiating process while maintaining meticulously organization to handle a large volume of agreements.  We seek a service-oriented individual who enjoys working collaboratively across an organization to solve problems and will strive to utilize technology and workflows in order to increase efficiency.  
"
Contract Manager,Palantir,"Washington, D.C.",https://jobs.lever.co/palantir/5fab038f-b8cf-4bcb-97e3-63d2b991cf6b,"A World-Changing Company

Palantir builds the world’s leading software for data-driven decisions and operations. By bringing the right data to the people who need it, our platforms empower our partners to develop lifesaving drugs, forecast supply chain disruptions, locate missing children, and more.


The Role

Palantir’s in-house legal team works to proactively address legal issues and enable the growth of our business so that Palantir can continue to drive positive impact in the world.  As a Procurement Contract Specialist on the legal team, you will provide critical support to our team by owning the drafting and negotiating process of in-bound and out-bound contracts with Palantir vendors.  As a Procurement Contract Specialist, you will be the primary point of contact responsible for contract authoring, redlining, negotiating, and contract closeout, delivering vendor agreements from start to finish working closely with the legal team’s Procurement Counsel. You are a motivated self-starter responsible for most of the contract lifecycle, and will work closely with your various stakeholders both within the legal team and across Palantir to secure the best outcome for the company.  

Our ideal candidate proactively and effectively issue spots to streamline the contracting and negotiating process while maintaining meticulously organization to handle a large volume of agreements.  We seek a service-oriented individual who enjoys working collaboratively across an organization to solve problems and will strive to utilize technology and workflows in order to increase efficiency.  
"
Contract Manager,Palantir,"New York, NY",https://jobs.lever.co/palantir/6e01a965-b6f9-414f-bb4b-b6b807938ba7,"A World-Changing Company

Palantir builds the world’s leading software for data-driven decisions and operations. By bringing the right data to the people who need it, our platforms empower our partners to develop lifesaving drugs, forecast supply chain disruptions, locate missing children, and more.


The Role

Palantir’s in-house legal team works to proactively address legal issues and enable the growth of our business so that Palantir can continue to drive positive impact in the world.  As a Procurement Contract Specialist on the legal team, you will provide critical support to our team by owning the drafting and negotiating process of in-bound and out-bound contracts with Palantir vendors.  As a Procurement Contract Specialist, you will be the primary point of contact responsible for contract authoring, redlining, negotiating, and contract closeout, delivering vendor agreements from start to finish working closely with the legal team’s Procurement Counsel. You are a motivated self-starter responsible for most of the contract lifecycle, and will work closely with your various stakeholders both within the legal team and across Palantir to secure the best outcome for the company.  

Our ideal candidate proactively and effectively issue spots to streamline the contracting and negotiating process while maintaining meticulously organization to handle a large volume of agreements.  We seek a service-oriented individual who enjoys working collaboratively across an organization to solve problems and will strive to utilize technology and workflows in order to increase efficiency.  
"
Corporate Accounting Analyst,Palantir,"Denver, CO",https://jobs.lever.co/palantir/01942c9a-6374-4664-8d71-58a683198b7d,"A World-Changing Company

Palantir builds the world’s leading software for data-driven decisions and operations. By bringing the right data to the people who need it, our platforms empower our partners to develop lifesaving drugs, forecast supply chain disruptions, locate missing children, and more.


The Role

As a Corporate Accounting Analyst, you will partner closely with the upstream operational and international accounting teams. You will be responsible for helping the Corporate Accounting team close the books monthly as well as build out related internal controls, automation and process improvements. We value problem solvers who are not satisfied with the status quo, and who are energized by opportunities to improve the efficiency and accuracy of existing processes.  
"
Corporate Accounting Analyst,Palantir,"Palo Alto, CA",https://jobs.lever.co/palantir/0502c668-ad02-4f58-8d03-1132f51ef772,"A World-Changing Company

Palantir builds the world’s leading software for data-driven decisions and operations. By bringing the right data to the people who need it, our platforms empower our partners to develop lifesaving drugs, forecast supply chain disruptions, locate missing children, and more.


The Role

As a Corporate Accounting Analyst, you will partner closely with the upstream operational and international accounting teams. You will be responsible for helping the Corporate Accounting team close the books monthly as well as build out related internal controls, automation and process improvements. We value problem solvers who are not satisfied with the status quo, and who are energized by opportunities to improve the efficiency and accuracy of existing processes.  
"
Deal Operations Administrator,Palantir,"New York, NY",https://jobs.lever.co/palantir/157d4289-183f-4c4d-bc77-0dbacaba4612,"A World-Changing Company

Palantir builds the world’s leading software for data-driven decisions and operations. By bringing the right data to the people who need it, our platforms empower our partners to develop lifesaving drugs, forecast supply chain disruptions, locate missing children, and more.


The Role

Palantir’s in-house legal team works to proactively address legal issues so that Palantir can continue to drive positive impact in the world. We are deeply embedded in Palantir’s mission and culture, take time to connect with folks across the global Palantir community, and are viewed across the company as key to Palantir’s success.

Legal Operations is the organizational backbone of the legal team at Palantir and our Deal Administrators directly support all aspects of revenue generation at the company. Our Deal Operations Administrators have a strong understanding of Palantir’s growth strategy, and are eager to implement and operationalize that strategy in our contracting processes. Our Deal Operations Administrators have a passion for helping others, making them an invaluable resource to our customer deal pipeline.

As a Deal Operations Administrator, you will be handling a wide variety of responsibilities throughout the customer contracting lifecycle. You will support Palantir’s lawyers and contracting specialists, in collaboration with our sales team and executives, to facilitate the growth of our business by managing all aspects of contract administration. As part of the Deal Operations team, you will become an expert in your specific customer vertical, take ownership for scaling workflows and critical initiatives as it relates to each business unit. Throughout your work, you will take initiative, operate with resourcefulness, and execute quickly and effectively the processes that drive revenue at Palantir. You’ll leverage your excellent communication skills, and exercise tact and diplomacy in helping to manage relationships with teams across Palantir.  Most importantly, you have a true desire to be helpful and go above and beyond to solve challenges. 
"
Deal Operations Administrator,Palantir,"Denver, CO",https://jobs.lever.co/palantir/403e8826-3421-43db-ac48-4ddac10cc78d,"A World-Changing Company

Palantir builds the world’s leading software for data-driven decisions and operations. By bringing the right data to the people who need it, our platforms empower our partners to develop lifesaving drugs, forecast supply chain disruptions, locate missing children, and more.


The Role

Palantir’s in-house legal team works to proactively address legal issues so that Palantir can continue to drive positive impact in the world. We are deeply embedded in Palantir’s mission and culture, take time to connect with folks across the global Palantir community, and are viewed across the company as key to Palantir’s success.

Legal Operations is the organizational backbone of the legal team at Palantir and our Deal Administrators directly support all aspects of revenue generation at the company. Our Deal Operations Administrators have a strong understanding of Palantir’s growth strategy, and are eager to implement and operationalize that strategy in our contracting processes. Our Deal Operations Administrators have a passion for helping others, making them an invaluable resource to our customer deal pipeline.

As a Deal Operations Administrator, you will be handling a wide variety of responsibilities throughout the customer contracting lifecycle. You will support Palantir’s lawyers and contracting specialists, in collaboration with our sales team and executives, to facilitate the growth of our business by managing all aspects of contract administration. As part of the Deal Operations team, you will become an expert in your specific customer vertical, take ownership for scaling workflows and critical initiatives as it relates to each business unit. Throughout your work, you will take initiative, operate with resourcefulness, and execute quickly and effectively the processes that drive revenue at Palantir. You’ll leverage your excellent communication skills, and exercise tact and diplomacy in helping to manage relationships with teams across Palantir.  Most importantly, you have a true desire to be helpful and go above and beyond to solve challenges. 
"
Deal Operations Administrator,Palantir,"Palo Alto, CA",https://jobs.lever.co/palantir/8c59a77a-1a57-4a2b-9d03-0b757b719015,"A World-Changing Company

Palantir builds the world’s leading software for data-driven decisions and operations. By bringing the right data to the people who need it, our platforms empower our partners to develop lifesaving drugs, forecast supply chain disruptions, locate missing children, and more.


The Role

Palantir’s in-house legal team works to proactively address legal issues so that Palantir can continue to drive positive impact in the world. We are deeply embedded in Palantir’s mission and culture, take time to connect with folks across the global Palantir community, and are viewed across the company as key to Palantir’s success.

Legal Operations is the organizational backbone of the legal team at Palantir and our Deal Administrators directly support all aspects of revenue generation at the company. Our Deal Operations Administrators have a strong understanding of Palantir’s growth strategy, and are eager to implement and operationalize that strategy in our contracting processes. Our Deal Operations Administrators have a passion for helping others, making them an invaluable resource to our customer deal pipeline.

As a Deal Operations Administrator, you will be handling a wide variety of responsibilities throughout the customer contracting lifecycle. You will support Palantir’s lawyers and contracting specialists, in collaboration with our sales team and executives, to facilitate the growth of our business by managing all aspects of contract administration. As part of the Deal Operations team, you will become an expert in your specific customer vertical, take ownership for scaling workflows and critical initiatives as it relates to each business unit. Throughout your work, you will take initiative, operate with resourcefulness, and execute quickly and effectively the processes that drive revenue at Palantir. You’ll leverage your excellent communication skills, and exercise tact and diplomacy in helping to manage relationships with teams across Palantir.  Most importantly, you have a true desire to be helpful and go above and beyond to solve challenges.
"
Deal Operations Administrator,Palantir,"Washington, D.C.",https://jobs.lever.co/palantir/8de3d5d0-8c0a-40ee-9f57-a75165c98689,"A World-Changing Company

Palantir builds the world’s leading software for data-driven decisions and operations. By bringing the right data to the people who need it, our platforms empower our partners to develop lifesaving drugs, forecast supply chain disruptions, locate missing children, and more.


The Role

Palantir’s in-house legal team works to proactively address legal issues so that Palantir can continue to drive positive impact in the world. We are deeply embedded in Palantir’s mission and culture, take time to connect with folks across the global Palantir community, and are viewed across the company as key to Palantir’s success.

Legal Operations is the organizational backbone of the legal team at Palantir and our Deal Administrators directly support all aspects of revenue generation at the company. Our Deal Operations Administrators have a strong understanding of Palantir’s growth strategy, and are eager to implement and operationalize that strategy in our contracting processes. Our Deal Operations Administrators have a passion for helping others, making them an invaluable resource to our customer deal pipeline.

As a Deal Operations Administrator, you will be handling a wide variety of responsibilities throughout the customer contracting lifecycle. You will support Palantir’s lawyers and contracting specialists, in collaboration with our sales team and executives, to facilitate the growth of our business by managing all aspects of contract administration. As part of the Deal Operations team, you will become an expert in your specific customer vertical, take ownership for scaling workflows and critical initiatives as it relates to each business unit. Throughout your work, you will take initiative, operate with resourcefulness, and execute quickly and effectively the processes that drive revenue at Palantir. You’ll leverage your excellent communication skills, and exercise tact and diplomacy in helping to manage relationships with teams across Palantir.  Most importantly, you have a true desire to be helpful and go above and beyond to solve challenges. 
"
Defensive Security Analyst,Palantir,"Washington, D.C.",https://jobs.lever.co/palantir/bc803bd5-7793-452d-9ae5-9301ee24615a,"A World-Changing Company

Palantir builds the world’s leading software for data-driven decisions and operations. By bringing the right data to the people who need it, our platforms empower our partners to develop lifesaving drugs, forecast supply chain disruptions, locate missing children, and more.


The Role

As a Defensive Security Analyst, you are responsible for the security of Palantir’s people and infrastructure around the globe. Your technical expertise is second only to your integrity and real passion for security and technology in general. Our ideal candidate works well on a team, is highly motivated, and enjoys solving problems and taking on new challenges.

In this role, you'll independently manage SOC systems that are essential to our security posture, ensuring they are properly engineered, maintained, and monitored. 
"
Deployment Strategist,Palantir,"Seoul, South Korea",https://jobs.lever.co/palantir/2e193bdf-e668-49c1-ba32-66cc1aa131a4,"A World-Changing Company

Palantir builds the world’s leading software for data-driven decisions and operations. By bringing the right data to the people who need it, our platforms empower our partners to develop lifesaving drugs, forecast supply chain disruptions, locate missing children, and more.


What We're About

At its core, this role is about uncovering dots and—without knowing the shape they form—figuring out how to connect them. Our customers come to us with a hunch that the only way to protect their troops, manufacture high-quality products, structure effective healthcare policies, or deliver aid to refugees safely is to make better use of their data. Deployment Strategists are responsible for turning that hunch into reality.

If you believe in the transformational power of data and technology and in your own ability to bring that power to bear against complex problems, we want to meet you.

What We Do

As a Deployment Strategist, you'll work as part of a driven and creative team of Engineers, Product Designers, and other Deployment Strategists to deploy software against the most challenging problems our world faces. Your mission is to synthesize disconnected streams of thought into a cohesive understanding of what the most important problem is, what the data means, what the product needs, what users are motivated by, and where the impact could be.

Deployment Strategists are do-ers who immerse themselves in our customers' most intricate workflows, partner with customer teams and explore the data, and dive into the product landscape to enable us to scale. A select number of Deployments Strategists may also be deployed to Palantir internal teams and problems. In this role, the problems you'll tackle will require a curious and analytical mindset, a sharp intuition for product, and a strong degree of user empathy to ultimately empower our customers to make better decisions.
"
Deployment Strategist,Palantir,"Tokyo, Japan",https://jobs.lever.co/palantir/8dbf6077-1cae-4f34-9389-ffb6dcfde04b,"A World-Changing Company

Palantir builds the world’s leading software for data-driven decisions and operations. By bringing the right data to the people who need it, our platforms empower our partners to develop lifesaving drugs, forecast supply chain disruptions, locate missing children, and more.


What We're About

At its core, the Deployment Strategist role centers around leveraging data in operational and real-world action. Our customers come to us with a hunch that the only way to protect their troops, manufacture high-quality products, structure effective healthcare policies, or deliver aid to refugees safely is to make better use of their data. Deployment Strategists are responsible for turning that hunch into reality.

If you believe in the transformational power of data and technology and in your own ability to bring that power to bear against complex problems, we want to meet you.

What We Do

As a Deployment Strategist, you'll work as part of a driven and creative team of Engineers, Product Designers, and other Deployment Strategists to deploy software against the most challenging problems our world faces. Your mission is to synthesize disconnected streams of thought into a cohesive understanding of what the most important problem is, what the data means, what the product needs, what users are motivated by, and where the impact could be. 

Deployment Strategists are do-ers who immerse themselves in our customers' most intricate workflows, partner with customer teams and explore the data, and dive into the product landscape to enable us to scale. A select number of Deployments Strategists may also be deployed to Palantir internal teams and problems. In this role, the problems you'll tackle will require a curious and analytical mindset, a sharp intuition for product, and a strong degree of user empathy to ultimately empower our customers to make better decisions.
"
Deployment Strategist,Palantir,"Warsaw, Poland",https://jobs.lever.co/palantir/9ace479e-a9e4-4610-a553-122d3831863a,"A World-Changing Company

At Palantir, we’re driven to solve the world's most critical and challenging problems, and believe that building software to enable human decision making is the most effective vector. We partner with the most important institutions in the world to transform how they use data and technology. Our software has been used to stop terrorist attacks, discover new medicines, gain an edge in global financial markets, and more.

What We're About

At its core, this role is about uncovering dots and—without knowing the shape they form—figuring out how to connect them. Our customers come to us with a hunch that the only way to protect their troops, manufacture high-quality products, structure effective healthcare policies, or deliver aid to refugees safely is to make better use of their data. Deployment Strategists are responsible for turning that hunch into reality.

If you believe in the transformational power of data and technology and in your own ability to bring that power to bear against complex problems, we want to meet you.

What We Do

As a Deployment Strategist, you'll work as part of a driven and creative team of Engineers, Product Designers, and other Deployment Strategists to deploy software against the most challenging problems our world faces. Your mission is to synthesize disconnected streams of thought into a cohesive understanding of what the most important problem is, what the data means, what the product needs, what users are motivated by, and where the impact could be. 

Deployment Strategists are do-ers who immerse themselves in our customers' most intricate workflows, partner with customer teams and explore the data, and dive into the product landscape to enable us to scale. A select number of Deployments Strategists may also be deployed to Palantir internal teams and problems. In this role, the problems you'll tackle will require a curious and analytical mindset, a sharp intuition for product, and a strong degree of user empathy to ultimately empower our customers to make better decisions.

No two days are the same, but as a Deployment Strategist you can expect to:

• Go onsite and meet with customer analysts to understand the critical questions they need to answer and locate their biggest pain points.
• Identify relevant datasets through deep engagement with customer problems and workflows, and work with Forward Deployed Engineers to integrate the data into a stable and extensible pipeline.
• Work with the customer to build bespoke workflows for new user groups.
• Lead training sessions to ensure that the product is meeting user needs, and to ensure it is being used widely enough to have concrete impact on our partners' operations. 
• Present the results of our work and proposals for future work to audiences ranging from analysts to C-suite executives.
• Embed with our Software Engineering and Product Design teams to incorporate what you saw in the field into cross-Palantir product offerings. 
• Build and deliver demos to new and existing customers.
• Scope out potential engagements in new industries and in increasingly expanding locations around the world.

What We Value

• We value team members who aren’t satisfied with surface-level answers. We value the desire to dive into the details of the data because that’s the core of our work. And we value low ego because the outcome matters more than who gets the credit.
• Extraordinary ability to take on open-ended problems in unstructured environments.
• Adaptive and introspective; willing to learn, teach, lead and follow.
• Ability to travel 25 – 75% required. Varies by location and team.
• Experience with programming, scripting or statistical packages (e.g. Python, R, Matlab, SQL) is a plus.

What We Require

• Fluency in Polish.
• Security clearance or the ability to obtain a clearance.


Life at Palantir

We want every Palantirian to achieve their best outcomes, that’s why we celebrate individuals’ strengths, skills, and interests, from your first interview to your longterm growth, rather than rely on traditional career ladders. Paying attention to the needs of our community enables us to optimize our opportunities to grow and helps ensure many pathways to success at Palantir. Promoting health and well-being across all areas of Palantirians’ lives is just one of the ways we’re investing in our community. Learn more at Life at Palantir and note that our offerings may vary by region.

In keeping consistent with Palantir’s values and culture, we believe employees are “better together” and in-person work affords the opportunity for more creative outcomes. Therefore, we encourage employees to work from our offices to foster connectivity and innovation. Many teams do offer hybrid options (WFH a day or two a week), allowing our employees to strike the right trade-off for their personal productivity. Based on business need, there are a few roles that allow for “Remote” work on an exceptional basis. If you are applying for one of these roles, you must work from the city and or country in which you are employed. If the posting is specified as Onsite, you are required to work from an office.


Palantir is committed to promoting a culture of diversity, equity, and inclusion. We believe that all Palantirians share the responsibility of upholding our commitment to these values and encourage candidates from a wide range of backgrounds, perspectives, and lived experiences to join us in solving the world’s hardest problems.

Palantir is committed to making the job application process accessible to everyone. If you are living with a disability (visible or not visible) and need to request a reasonable accommodation for any part of the application or hiring process, please reach out and let us know how we can help.
"
Deployment Strategist,Palantir,"Chicago, IL",https://jobs.lever.co/palantir/bc087dba-1e41-49e0-83bd-36832122363d,"A World-Changing Company

Palantir builds the world’s leading software for data-driven decisions and operations. By bringing the right data to the people who need it, our platforms empower our partners to develop lifesaving drugs, forecast supply chain disruptions, locate missing children, and more.


What We're About

At its core, the Deployment Strategist role centers around using data in operational and real-world action. Our customers come to us with a hunch that the only way to protect their troops, manufacture high-quality products, structure effective healthcare policies, or deliver aid to refugees safely is to make better use of their data. Deployment Strategists are responsible for turning that hunch into reality.

What We Do

As a Deployment Strategist, you'll work as part of a driven and creative team of Engineers, Product Designers, and other Deployment Strategists to deploy software against the most exciting problems our world faces. Your mission is to synthesize disconnected streams of thought into an understanding of what the most important problem is, what the data means, what the product needs, what users are motivated by, and where the impact could be.

You'll immerse yourself in our customers' most intricate workflows. You'll partner with customer teams and explore the data, and plunge into the product landscape to enable us to scale. A select number of Deployments Strategists may also be deployed to Palantir internal teams and problems. In this role, the problems you'll seek will require a curious and analytical approach, a sharp intuition for product, and a strong degree of user insight to ultimately empower our customers to improve decisions.
"
Deployment Strategist,Palantir,"Stockholm, Sweden",https://jobs.lever.co/palantir/dec0d987-ecf3-4e48-85c5-214807b11d28,"A World-Changing Company

Palantir builds the world’s leading software for data-driven decisions and operations. By bringing the right data to the people who need it, our platforms empower our partners to develop lifesaving drugs, forecast supply chain disruptions, locate missing children, and more.


What We're About

At its core, the Deployment Strategist role centres around leveraging data in operational and real-world action. Our customers come to us with a hunch that the only way to protect their troops, manufacture high-quality products, structure effective healthcare policies, or deliver aid to refugees safely is to make better use of their data. Deployment Strategists are responsible for turning that hunch into reality.

If you believe in the transformational power of data and technology and in your own ability to bring that power to bear against complex problems, we want to meet you.

What We Do

As a Deployment Strategist, you'll work as part of a driven and creative team of Engineers, Product Designers, and other Deployment Strategists to deploy software against the most challenging problems our world faces. Your mission is to synthesise disconnected streams of thought into a cohesive understanding of what the most important problem is, what the data means, what the product needs, what users are motivated by, and where the impact could be.

Deployment Strategists are do-ers who immerse themselves in our customers' most intricate workflows, partner with customer teams and explore the data, and dive into the product landscape to enable us to scale. A select number of Deployments Strategists may also be deployed to Palantir internal teams and problems. In this role, the problems you'll tackle will require a curious and analytical mindset, a sharp intuition for product, and a strong degree of user empathy to ultimately empower our customers to make better decisions.
"
Deployment Strategist,Palantir,"New York, NY",https://jobs.lever.co/palantir/e0ab8226-b928-4e3a-bf87-08fe7b1ea595,"A World-Changing Company

Palantir builds the world’s leading software for data-driven decisions and operations. By bringing the right data to the people who need it, our platforms empower our partners to develop lifesaving drugs, forecast supply chain disruptions, locate missing children, and more.


What We're About

At its core, the Deployment Strategist role centers around using data in operational and real-world action. Our customers come to us with a hunch that the only way to protect their troops, manufacture high-quality products, structure effective healthcare policies, or deliver aid to refugees safely is to make better use of their data. Deployment Strategists are responsible for turning that hunch into reality.

What We Do

As a Deployment Strategist, you'll work as part of a driven and creative team of Engineers, Product Designers, and other Deployment Strategists to deploy software against the most exciting problems our world faces. Your mission is to synthesize disconnected streams of thought into an understanding of what the most important problem is, what the data means, what the product needs, what users are motivated by, and where the impact could be. 

You'll immerse yourself in our customers' most intricate workflows. You'll partner with customer teams and explore the data, and plunge into the product landscape to enable us to scale. A select number of Deployments Strategists may also be deployed to Palantir internal teams and problems. In this role, the problems you'll seek will require a curious and analytical approach, a sharp intuition for product, and a strong degree of user insight to ultimately empower our customers to improve decisions.
"
Deployment Strategist - Intel,Palantir,"Washington, D.C.",https://jobs.lever.co/palantir/e5b8c2f0-aa26-4615-ba92-f4b5c175c112,"A World-Changing Company

Palantir builds the world’s leading software for data-driven decisions and operations. By bringing the right data to the people who need it, our platforms empower our partners to develop lifesaving drugs, forecast supply chain disruptions, locate missing children, and more.


What We're About

At its core, the Deployment Strategist role centers around leveraging data in operational and real-world action. Our customers come to us with a hunch that the only way to protect their troops, manufacture high-quality products, structure effective healthcare policies, or deliver aid to refugees safely is to make better use of their data. Deployment Strategists are responsible for turning that hunch into reality.

If you believe in the transformational power of data and technology and in your own ability to bring that power to bear against complex problems, we want to meet you.

What We Do

As a Deployment Strategist, you'll work as part of a driven and creative team of Engineers, Product Designers, and other Deployment Strategists to deploy software against the most challenging problems our world faces. Your mission is to synthesize disconnected streams of thought into a cohesive understanding of what the most important problem is, what the data means, what the product needs, what users are motivated by, and where the impact could be. 

Deployment Strategists are do-ers who immerse themselves in our customers' most intricate workflows, partner with customer teams and explore the data, and dive into the product landscape to enable us to scale. A select number of Deployments Strategists may also be deployed to Palantir internal teams and problems. In this role, the problems you'll tackle will require a curious and analytical mindset, a sharp intuition for product, and a strong degree of user empathy to ultimately empower our customers to make better decisions.
"
Deployment Strategist - Japan Forward Deployed,Palantir,"Washington, D.C.",https://jobs.lever.co/palantir/fa93a1f8-dc95-40d0-b5ca-f2aebaab0806,"NOTE: Although this position is in support of our US Government work, this role is located in Tokyo, Japan.

A World-Changing Company

Palantir builds the world’s leading software for data-driven decisions and operations. By bringing the right data to the people who need it, our platforms empower our partners to develop lifesaving drugs, forecast supply chain disruptions, locate missing children, and more.


What We're About

At its core, the Deployment Strategist role centers around leveraging data in operational and real-world action. Our customers come to us with a hunch that the only way to protect their troops, manufacture high-quality products, structure effective healthcare policies, or deliver aid to refugees safely is to make better use of their data. Deployment Strategists are responsible for turning that hunch into reality.

If you believe in the transformational power of data and technology and in your own ability to bring that power to bear against complex problems, we want to meet you.

What We Do

As a Deployment Strategist, you'll work as part of a driven and creative team of Engineers, Product Designers, and other Deployment Strategists to deploy software against the most challenging problems our world faces. Your mission is to synthesize disconnected streams of thought into a cohesive understanding of what the most important problem is, what the data means, what the product needs, what users are motivated by, and where the impact could be. 

Deployment Strategists are do-ers who immerse themselves in our customers' most intricate workflows, partner with customer teams and explore the data, and dive into the product landscape to enable us to scale. A select number of Deployments Strategists may also be deployed to Palantir internal teams and problems. In this role, the problems you'll tackle will require a curious and analytical mindset, a sharp intuition for product, and a strong degree of user empathy to ultimately empower our customers to make better decisions.
"
Deployment Strategist - Korea Forward Deployed,Palantir,"Washington, D.C.",https://jobs.lever.co/palantir/1a53939d-8ffa-4570-b31a-6d0bc53fdb59,"NOTE: Although this position is in support of our US Government work, this role is located in Seoul, South Korea.

A World-Changing Company

Palantir builds the world’s leading software for data-driven decisions and operations. By bringing the right data to the people who need it, our platforms empower our partners to develop lifesaving drugs, forecast supply chain disruptions, locate missing children, and more.


What We're About

At its core, the Deployment Strategist role centers around leveraging data in operational and real-world action. Our customers come to us with a hunch that the only way to protect their troops, manufacture high-quality products, structure effective healthcare policies, or deliver aid to refugees safely is to make better use of their data. Deployment Strategists are responsible for turning that hunch into reality.

If you believe in the transformational power of data and technology and in your own ability to bring that power to bear against complex problems, we want to meet you.

What We Do

As a Deployment Strategist, you'll work as part of a driven and creative team of Engineers, Product Designers, and other Deployment Strategists to deploy software against the most challenging problems our world faces. Your mission is to synthesize disconnected streams of thought into a cohesive understanding of what the most important problem is, what the data means, what the product needs, what users are motivated by, and where the impact could be. 

Deployment Strategists are do-ers who immerse themselves in our customers' most intricate workflows, partner with customer teams and explore the data, and dive into the product landscape to enable us to scale. A select number of Deployments Strategists may also be deployed to Palantir internal teams and problems. In this role, the problems you'll tackle will require a curious and analytical mindset, a sharp intuition for product, and a strong degree of user empathy to ultimately empower our customers to make better decisions.
"
Deployment Strategist - UK Government,Palantir,"London, United Kingdom",https://jobs.lever.co/palantir/2f3a0a57-8f77-44d2-99c3-18aef115374f,"A World-Changing Company

Palantir builds the world’s leading software for data-driven decisions and operations. By bringing the right data to the people who need it, our platforms empower our partners to develop lifesaving drugs, forecast supply chain disruptions, locate missing children, and more.


What We're About

At its core, the Deployment Strategist role centres around leveraging data in operational and real-world action. Our customers come to us with a hunch that the only way to protect their troops, manufacture high-quality products, structure effective healthcare policies, or deliver aid to refugees safely is to make better use of their data. Deployment Strategists are responsible for turning that hunch into reality.

If you believe in the transformational power of data and technology and in your own ability to bring that power to bear against complex problems, we want to meet you.

What We Do

As a Deployment Strategist, you'll work as part of a driven and creative team of Engineers, Product Designers, and other Deployment Strategists to deploy software against the most challenging problems our world faces. Your mission is to synthesise disconnected streams of thought into a cohesive understanding of what the most important problem is, what the data means, what the product needs, what users are motivated by, and where the impact could be. 

Deployment Strategists are do-ers who immerse themselves in our customers' most intricate workflows, partner with customer teams and explore the data, and dive into the product landscape to enable us to scale. A select number of Deployments Strategists may also be deployed to Palantir internal teams and problems. In this role, the problems you'll tackle will require a curious and analytical mindset, a sharp intuition for product, and a strong degree of user empathy to ultimately empower our customers to make better decisions.
"
Deployment Strategist - US Government,Palantir,"New York, NY",https://jobs.lever.co/palantir/30c2563d-9a16-4dd7-81e8-b6f646384199,"A World-Changing Company

Palantir builds the world’s leading software for data-driven decisions and operations. By bringing the right data to the people who need it, our platforms empower our partners to develop lifesaving drugs, forecast supply chain disruptions, locate missing children, and more.


What We're About

At its core, this role is about uncovering dots and—without knowing the shape they form—figuring out how to connect them. Our customers come to us with a hunch that the only way to protect their troops, manufacture high-quality products, structure effective healthcare policies, or deliver aid to refugees safely is to make better use of their data. Deployment Strategists are responsible for turning that hunch into reality.

If you believe in the transformational power of data and technology and in your own ability to bring that power to bear against complex problems, we want to meet you.

What We Do

As a Deployment Strategist, you'll work as part of a driven and creative team of Engineers, Product Designers, and other Deployment Strategists to deploy software against the most challenging problems our world faces. Your mission is to synthesize disconnected streams of thought into a cohesive understanding of what the most important problem is, what the data means, what the product needs, what users are motivated by, and where the impact could be. 

Deployment Strategists are do-ers who immerse themselves in our customers' most intricate workflows, partner with customer teams and explore the data, and dive into the product landscape to enable us to scale. A select number of Deployments Strategists may also be deployed to Palantir internal teams and problems. In this role, the problems you'll tackle will require a curious and analytical mindset, a sharp intuition for product, and a strong degree of user empathy to ultimately empower our customers to make better decisions.
"
Deployment Strategist - US Government,Palantir,"Fayetteville, NC",https://jobs.lever.co/palantir/5f39f83b-ef08-4ee8-afda-a2c77440598f,"A World-Changing Company

Palantir builds the world’s leading software for data-driven decisions and operations. By bringing the right data to the people who need it, our platforms empower our partners to develop lifesaving drugs, forecast supply chain disruptions, locate missing children, and more.


What We're About

At its core, the Deployment Strategist role centers around leveraging data in operational and real-world action. Our customers come to us with a hunch that the only way to protect their troops, manufacture high-quality products, structure effective healthcare policies, or deliver aid to refugees safely is to make better use of their data. Deployment Strategists are responsible for turning that hunch into reality.

If you believe in the transformational power of data and technology and in your own ability to bring that power to bear against complex problems, we want to meet you.

What We Do

As a Deployment Strategist, you'll work as part of a driven and creative team of Engineers, Product Designers, and other Deployment Strategists to deploy software against the most challenging problems our world faces. Your mission is to synthesize disconnected streams of thought into a cohesive understanding of what the most important problem is, what the data means, what the product needs, what users are motivated by, and where the impact could be. 

Deployment Strategists are do-ers who immerse themselves in our customers' most intricate workflows, partner with customer teams and explore the data, and dive into the product landscape to enable us to scale. A select number of Deployments Strategists may also be deployed to Palantir internal teams and problems. In this role, the problems you'll tackle will require a curious and analytical mindset, a sharp intuition for product, and a strong degree of user empathy to ultimately empower our customers to make better decisions.
"
Deployment Strategist - US Government,Palantir,"Honolulu, HI",https://jobs.lever.co/palantir/6f5cf287-1d3e-4c10-abf6-18cf4c955ded,"A World-Changing Company

Palantir builds the world’s leading software for data-driven decisions and operations. By bringing the right data to the people who need it, our platforms empower our partners to develop lifesaving drugs, forecast supply chain disruptions, locate missing children, and more.


What We're About

At its core, the Deployment Strategist role centers around leveraging data in operational and real-world action. Our customers come to us with a hunch that the only way to protect their troops, manufacture high-quality products, structure effective healthcare policies, or deliver aid to refugees safely is to make better use of their data. Deployment Strategists are responsible for turning that hunch into reality.

If you believe in the transformational power of data and technology and in your own ability to bring that power to bear against complex problems, we want to meet you.

What We Do

As a Deployment Strategist, you'll work as part of a driven and creative team of Engineers, Product Designers, and other Deployment Strategists to deploy software against the most challenging problems our world faces. Your mission is to synthesize disconnected streams of thought into a cohesive understanding of what the most important problem is, what the data means, what the product needs, what users are motivated by, and where the impact could be. 

Deployment Strategists are do-ers who immerse themselves in our customers' most intricate workflows, partner with customer teams and explore the data, and dive into the product landscape to enable us to scale. A select number of Deployments Strategists may also be deployed to Palantir internal teams and problems. In this role, the problems you'll tackle will require a curious and analytical mindset, a sharp intuition for product, and a strong degree of user empathy to ultimately empower our customers to make better decisions.
"
Deployment Strategist - US Government,Palantir,"Washington, D.C.",https://jobs.lever.co/palantir/ead4e034-e6e1-4993-86d1-ad9b8e2933a5,"A World-Changing Company

Palantir builds the world’s leading software for data-driven decisions and operations. By bringing the right data to the people who need it, our platforms empower our partners to develop lifesaving drugs, forecast supply chain disruptions, locate missing children, and more.


What We're About

At its core, this role is about uncovering dots and—without knowing the shape they form—figuring out how to connect them. Our customers come to us with a hunch that the only way to protect their troops, manufacture high-quality products, structure effective healthcare policies, or deliver aid to refugees safely is to make better use of their data. Deployment Strategists are responsible for turning that hunch into reality.

If you believe in the transformational power of data and technology and in your own ability to bring that power to bear against complex problems, we want to meet you.

What We Do

As a Deployment Strategist, you'll work as part of a driven and creative team of Engineers, Product Designers, and other Deployment Strategists to deploy software against the most challenging problems our world faces. Your mission is to synthesize disconnected streams of thought into a cohesive understanding of what the most important problem is, what the data means, what the product needs, what users are motivated by, and where the impact could be. 

Deployment Strategists are do-ers who immerse themselves in our customers' most intricate workflows, partner with customer teams and explore the data, and dive into the product landscape to enable us to scale. A select number of Deployments Strategists may also be deployed to Palantir internal teams and problems. In this role, the problems you'll tackle will require a curious and analytical mindset, a sharp intuition for product, and a strong degree of user empathy to ultimately empower our customers to make better decisions.
"
Deployment Strategist - Warp Speed,Palantir,"New York, NY",https://jobs.lever.co/palantir/8c95f750-9d42-456e-91fd-464ad87e4b83,"A World-Changing Company

Palantir builds the world’s leading software for data-driven decisions and operations. By bringing the right data to the people who need it, our platforms empower our partners to develop lifesaving drugs, forecast supply chain disruptions, locate missing children, and more.


What We're About

At its core, the Deployment Strategist role centers around using data in operational and real-world action. Our customers come to us with a hunch that the only way to protect their troops, manufacture high-quality products, structure effective healthcare policies, or deliver aid to refugees safely is to make better use of their data. Deployment Strategists are responsible for turning that hunch into reality.

The Role

Warp Speed builds on years of excellence in manufacturing to resurrect & revitalize the American Industrial Base. The Warp Speed Deployment role centers around using data in operational and real-world action. Our customers come to us with a hunch that the only way to manufacture high-quality products is to make better use of their data. Deployment Strategists are responsible for turning that hunch into a reality.

As a Deployment Strategist, you'll work as part of a driven and creative team of Engineers, Product Designers, and other Deployment Strategists to deploy software against the most exciting problems our world faces. Your mission is to synthesize disconnected streams of thought into an understanding of what the most important problem is, what the data means, what the product needs, what users are motivated by, and where the impact could be.

You'll immerse yourself in our customers' most intricate workflows. You'll partner with customer teams and explore the data, and plunge into the product landscape to enable us to scale. A select number of Deployments Strategists may also be deployed to Palantir internal teams and problems. In this role, the problems you'll seek will require a curious and analytical approach, a sharp intuition for product, and a strong degree of user insight to ultimately empower our customers to improve decisions.
"
"Deployment Strategist, Internship - US Government",Palantir,"Honolulu, HI",https://jobs.lever.co/palantir/a49d4181-a289-435a-b581-7f5af0497c8e,"A World-Changing Company

Palantir builds the world’s leading software for data-driven decisions and operations. By bringing the right data to the people who need it, our platforms empower our partners to develop lifesaving drugs, forecast supply chain disruptions, locate missing children, and more.


The Role

As a Deployment Strategist Intern, you'll work as part of a diverse, generative, and creative team of Engineers, Product Designers, and other Deployment Strategists to deploy software against the most important problems our world faces. Your mission is to synthesize disconnected streams of thought into a cohesive understanding of what the problem is, what the data means, what the product needs, what users are motivated by, and where the impact could be. The problems you'll solve will require a curious and analytical mindset, a sharp intuition for product, an ability to speak the language of data, and an understanding that humans should make decisions.

At its core, this role is about uncovering dots and—without knowing the shape they form—figuring out how to connect them. Our customers come to us with a hunch that the only way to protect their troops, manufacture high-quality products, structure effective healthcare policies, or deliver aid to refugees safely is to make better use of their data. Deployment Strategists are responsible for turning that hunch into reality.

Deployment Strategists are do-ers who thrive in ambiguity, react quickly to new stimuli, and don't equate pivoting with failing as they operate in pursuit of truth, value, and meaningful impact. In this internship, you'll immerse yourself in intricate customer workflows, explore data using quantitative analytics across large datasets, and dive into the product landscape.
If you believe in the transformational power of data and technology and in your own ability to bring that power to bear against complex problems, we want to meet you.
"
Development Strategist,Palantir,"Seoul, South Korea",https://jobs.lever.co/palantir/6aa71ea8-a790-48b2-852e-6d49ef7e6a12,"A World-Changing Company

Palantir builds the world’s leading software for data-driven decisions and operations. By bringing the right data to the people who need it, our platforms empower our partners to develop lifesaving drugs, forecast supply chain disruptions, locate missing children, and more.


The Role

Palantir’s Korea Business Development team targets and partners with some of the largest institutions across multiple industries, by helping them solve their most critical challenges and respond to their most important opportunities. Development Strategists play a critical role in helping We’re looking for a Development Strategist to join our dynamic team and play a critical role in achieving our customer acquisition and revenue goals. In this role, you will work directly with Business Development to expand the Palantir footprint across enterprise organisations in Korea.
"
Executive Team Assistant,Palantir,"Miami, FL",https://jobs.lever.co/palantir/38507256-ad68-41aa-a7f6-8ab478ec6374,"A World-Changing Company

Palantir builds the world’s leading software for data-driven decisions and operations. By bringing the right data to the people who need it, our platforms empower our partners to develop lifesaving drugs, forecast supply chain disruptions, locate missing children, and more.


The Role

Our Administrative Operations Team does more than just support our leaders: we’re the backbone of hard-working people at Palantir. We build strong relationships with the people we support and can anticipate their needs without being asked. Our passion for helping others makes us an invaluable resource.

As an Executive Team Assistant, you will be responsible for navigating and organizing an executive’s commitments. In this role you will own a wide variety of tasks including executive-level administrative support, assisting with errands, and household management. You take initiative, operate with discretion and resourcefulness, and thrive off of enabling the people you support to be as productive and impactful as possible. Most importantly, you have a true desire to be helpful and go above and beyond to tackle challenges.

The position does require being on-call after hours and on weekends,  and the person who accepts the challenge will appreciate a flexible schedule.
"
Federal Compliance Manager,Palantir,"New York, NY",https://jobs.lever.co/palantir/79554cd4-7e5c-4846-b9db-6c3ea8d0fbfa,"A World-Changing Company

Palantir builds the world’s leading software for data-driven decisions and operations. By bringing the right data to the people who need it, our platforms empower our partners to develop lifesaving drugs, forecast supply chain disruptions, locate missing children, and more.


The Role

As a Federal Compliance Engineer, you will help manage and architect our Federal Compliance program (including FedRAMP, IL5, and IL6). You’ll work closely with many different teams to scale the Federal Compliance program, including identifying automation opportunities. You will navigate & interpret complex Federal regulatory frameworks (e.g. FedRAMP, DoD CC SRG) in order to provide practical guidance on technical architecture, documentation & operational concerns, and sustainable processes that will allow us to continue to grow quickly & efficiently.
"
Federal Compliance Manager,Palantir,"Palo Alto, CA",https://jobs.lever.co/palantir/a108d13c-4acd-47d8-bf41-828d26eaa2c1,"A World-Changing Company

Palantir builds the world’s leading software for data-driven decisions and operations. By bringing the right data to the people who need it, our platforms empower our partners to develop lifesaving drugs, forecast supply chain disruptions, locate missing children, and more.


The Role

As a Federal Compliance Engineer, you will help manage and architect our Federal Compliance program (including FedRAMP, IL5, and IL6). You’ll work closely with many different teams to scale the Federal Compliance program, including identifying automation opportunities. You will navigate & interpret complex Federal regulatory frameworks (e.g. FedRAMP, DoD CC SRG) in order to provide practical guidance on technical architecture, documentation & operational concerns, and sustainable processes that will allow us to continue to grow quickly & efficiently.
"
Federal Compliance Manager,Palantir,"Washington, D.C.",https://jobs.lever.co/palantir/fcc7bc49-d9f0-480e-859e-67a10c371c22,"A World-Changing Company

Palantir builds the world’s leading software for data-driven decisions and operations. By bringing the right data to the people who need it, our platforms empower our partners to develop lifesaving drugs, forecast supply chain disruptions, locate missing children, and more.


The Role

As a Federal Compliance Engineer, you will help manage and architect our Federal Compliance program (including FedRAMP, IL5, and IL6). You’ll work closely with many different teams to scale the Federal Compliance program, including identifying automation opportunities. You will navigate & interpret complex Federal regulatory frameworks (e.g. FedRAMP, DoD CC SRG) in order to provide practical guidance on technical architecture, documentation & operational concerns, and sustainable processes that will allow us to continue to grow quickly & efficiently.
"
Financial Analyst - Compensation,Palantir,"Palo Alto, CA",https://jobs.lever.co/palantir/41c2ee44-4131-4a7e-9ea4-8514e4950e33,"A World-Changing Company

Palantir builds the world’s leading software for data-driven decisions and operations. By bringing the right data to the people who need it, our platforms empower our partners to develop lifesaving drugs, forecast supply chain disruptions, locate missing children, and more.


The Role

The Finance Team supports and empowers Palantirians through both day-to-day operations and creative problem-solving. As a Compensation Financial Analyst, you will be responsible for owning compensation analysis and modeling, collaborating across multiple internal teams, and scaling our compensation program to meet the needs of a growing public company. You will be the champion of the data that drives our largest areas of investment and company-wide initiatives. We’re looking for someone who can help build, break, fix, and scale with us.
"
Financial Analyst - Compensation,Palantir,"New York, NY",https://jobs.lever.co/palantir/c6053b88-bef1-41e7-9790-8da0d8db5290,"A World-Changing Company

Palantir builds the world’s leading software for data-driven decisions and operations. By bringing the right data to the people who need it, our platforms empower our partners to develop lifesaving drugs, forecast supply chain disruptions, locate missing children, and more.


The Role

The Finance Team supports and empowers Palantirians through both day-to-day operations and creative problem-solving. As a Compensation Financial Analyst, you will be responsible for owning compensation analysis and modeling, collaborating across multiple internal teams, and scaling our compensation program to meet the needs of a growing public company. You will be the champion of the data that drives our largest areas of investment and company-wide initiatives. We’re looking for someone who can help build, break, fix, and scale with us.
"
Financial Audit Manager,Palantir,"Palo Alto, CA",https://jobs.lever.co/palantir/f77d4993-914c-436f-91ef-94f2ee757e40,"A World-Changing Company

Palantir builds the world’s leading software for data-driven decisions and operations. By bringing the right data to the people who need it, our platforms empower our partners to develop lifesaving drugs, forecast supply chain disruptions, locate missing children, and more.


The Role

The Finance Team supports and empowers Palantirians through day-to-day operations and creative problem-solving. The Financial Audit Manager is responsible for partnering with cross functional teams to mature the company’s SOX 404 and Financial Compliance Internal Audit Program. If you're constantly looking for ways to challenge yourself and are outcome-driven and passionate about solving problems creatively, this role is for you.

 As a Financial Audit Manager, you'll report to the Head of Internal Audit. You'll be responsible for managing activities relating to financial compliance with applicable laws and regulations, particularly requirements as defined by Sarbanes-Oxley (SOX) and Generally Accepted Accounting Principles (GAAP).

This role involves extensive collaboration with teams across Palantir, including Finance, IT and Legal. In partnership with the Systems and Technology Audit team, you’ll work on maturing the SOX compliance program and execute against it in a high-growth environment. You will be responsible for providing continual oversight of an efficient and effective internal control testing framework, evaluating control deficiencies, interacting with external auditors, and identifying practical and appropriate approaches for control remediation.

Our ideal candidate will have a solution-oriented mindset and risk-based approach to identifying, evaluating, and addressing critical SOX 404 compliance risks, operational business risks and the relevant governance processes.
"
Forward Deployed AI Engineer,Palantir,"New York, NY",https://jobs.lever.co/palantir/636fc05c-d348-4a06-be51-597cb9e07488,"A World-Changing Company

Palantir builds the world’s leading software for data-driven decisions and operations. By bringing the right data to the people who need it, our platforms empower our partners to develop lifesaving drugs, forecast supply chain disruptions, locate missing children, and more.


The Role

Forward Deployed AI Engineers work directly with customers owning Gen AI strategy and implementation. On a daily basis, you will build end-to-end workflows, take them to production, and solve real world problems at the largest scale. You will have ample opportunity to contribute learnings from the field back to the Palantir AIP product suite.

You will be on the forefront of extending Palantir's existing footprint and strategy into new markets and problem spaces opened up by Gen AI.

Core Responsibilities

Forward Deployed AI Engineers’ responsibilities look similar to those of a hands-on AI startup CTO: you’ll work in small teams to own delivery of high stakes projects with clients. A day’s work may include building LLM workflows on a large scale, interacting with customers to understand their needs and set their AI strategy, but the most impact will be driven by implementing solutions into the real world of our partner's organizations.

Do you aspire to be an entrepreneur or an Applied AI leader? We believe Palantir is the best place — with the best colleagues — to learn how!
"
Forward Deployed AI Engineer,Palantir,"London, United Kingdom",https://jobs.lever.co/palantir/ff1029bd-bb6d-4d78-a03e-5f9744d0b798,"A World-Changing Company

Palantir builds the world’s leading software for data-driven decisions and operations. By bringing the right data to the people who need it, our platforms empower our partners to develop lifesaving drugs, forecast supply chain disruptions, locate missing children, and more.


The Role

Forward Deployed AI Engineers work directly with customers owning Gen AI strategy and implementation. On a daily basis, you will build end-to-end workflows, take them to production, and solve real world problems at the largest scale. You will have ample opportunity to contribute learnings from the field back to the Palantir AIP product suite.

You will be on the forefront of extending Palantir's existing footprint and strategy into new markets and problem spaces opened up by Gen AI.

Core Responsibilities

Forward Deployed AI Engineers’ responsibilities look similar to those of a hands-on AI startup CTO: you’ll work in small teams to own delivery of high stakes projects with clients. A day’s work may include building LLM workflows on a large scale, interacting with customers to understand their needs and set their AI strategy, but the most impact will be driven by implementing solutions into the real world of our partner's organisations.

Do you aspire to be an entrepreneur or an Applied AI leader? We believe Palantir is the best place — with the best colleagues — to learn how!
"
Forward Deployed Enablement Engineer - Customer Success,Palantir,"London, United Kingdom",https://jobs.lever.co/palantir/00c2c97b-8514-4617-9883-e53e486b6dcd,"A World-Changing Company

Palantir builds the world’s leading software for data-driven decisions and operations. By bringing the right data to the people who need it, our platforms empower our partners to develop lifesaving drugs, forecast supply chain disruptions, locate missing children, and more.


The Role

Forward Deployed Enablement Engineers are embedded with centralised customer success teams to maximise the outcomes of our deployed products and workflows across all commercial customers from small-scale start-ups to large enterprises. This role balances high-level support responsibilities with the development of innovative tooling and infrastructure to scale customer enablement effectively.  You are a resourceful, gritty and adaptable problem solver who is able to work both collaboratively and independently to resolve difficult and nebulous technical issues, as well as work productively with external customers to debug and resolve their problems. 

Palantir’s Customer Success team helps our customers build on Palantir’s Foundry & AIP Platforms to drive the workflows that power their most important business outcomes. In this role, you’ll leverage your problem-solving abilities, creativity, and technical skills to support and guide customer development teams, ensuring they can effectively build and optimise their workflows. You’ll have the opportunity to gain rare insight into and contribute to some of the world’s most important industries and institutions.

Every day at Palantir is different: we’re constantly evolving to better respond to customer needs, and you will have the opportunity to contribute your creativity and problem-solving to internal processes and tools that define how we deliver business value to the customer with increasing efficacy and efficiency.

Every Palantirian is encouraged to play to their personal strengths, so there is no “one size fits all” approach to engineering at Palantir. The scope of this role is intentionally broad so that people can find their strengths and grow in a way that excites them.
"
Forward Deployed Enablement Engineer - Customer Success,Palantir,"New York, NY",https://jobs.lever.co/palantir/4cba9c95-d16f-440d-83e7-2352480f689f,"A World-Changing Company

Palantir builds the world’s leading software for data-driven decisions and operations. By bringing the right data to the people who need it, our platforms empower our partners to develop lifesaving drugs, forecast supply chain disruptions, locate missing children, and more.


The Role

Forward Deployed Enablement Engineers are embedded with centralized customer success teams to maximize the outcomes of our deployed products and workflows across all commercial customers from small-scale start-ups to large enterprises. This role balances high-level support responsibilities with the development of innovative tooling and infrastructure to scale customer enablement effectively.  You are a resourceful, gritty and adaptable problem solver who is able to work both collaboratively and independently to resolve difficult and nebulous technical issues, as well as work productively with external customers to debug and resolve their problems. 

Palantir’s Customer Success team helps our customers build on Palantir’s Foundry & AIP Platforms to drive the workflows that power their most important business outcomes. In this role, you’ll leverage your problem-solving abilities, creativity, and technical skills to support and guide customer development teams, ensuring they can effectively build and optimize their workflows. You’ll have the opportunity to gain rare insight into and contribute to some of the world’s most important industries and institutions.

Every day at Palantir is different: we’re constantly evolving to better respond to customer needs, and you will have the opportunity to contribute your creativity and problem-solving to internal processes and tools that define how we deliver business value to the customer with increasing efficacy and efficiency.

Every Palantirian is encouraged to play to their personal strengths, so there is no “one size fits all” approach to engineering at Palantir. The scope of this role is intentionally broad so that people can find their strengths and grow in a way that excites them.
"
Forward Deployed Enablement Engineer - Customer Success,Palantir,"Denver, CO",https://jobs.lever.co/palantir/8d9c0349-45a4-4012-bc33-5a988c6c23f9,"A World-Changing Company

Palantir builds the world’s leading software for data-driven decisions and operations. By bringing the right data to the people who need it, our platforms empower our partners to develop lifesaving drugs, forecast supply chain disruptions, locate missing children, and more.


The Role

Forward Deployed Enablement Engineers are embedded with centralized customer success teams to maximize the outcomes of our deployed products and workflows across all commercial customers from small-scale start-ups to large enterprises. This role balances high-level support responsibilities with the development of innovative tooling and infrastructure to scale customer enablement effectively.  You are a resourceful, gritty and adaptable problem solver who is able to work both collaboratively and independently to resolve difficult and nebulous technical issues, as well as work productively with external customers to debug and resolve their problems. 

Palantir’s Customer Success team helps our customers build on Palantir’s Foundry & AIP Platforms to drive the workflows that power their most important business outcomes. In this role, you’ll leverage your problem-solving abilities, creativity, and technical skills to support and guide customer development teams, ensuring they can effectively build and optimize their workflows. You’ll have the opportunity to gain rare insight into and contribute to some of the world’s most important industries and institutions.

Every day at Palantir is different: we’re constantly evolving to better respond to customer needs, and you will have the opportunity to contribute your creativity and problem-solving to internal processes and tools that define how we deliver business value to the customer with increasing efficacy and efficiency.

Every Palantirian is encouraged to play to their personal strengths, so there is no “one size fits all” approach to engineering at Palantir. The scope of this role is intentionally broad so that people can find their strengths and grow in a way that excites them.
"
Forward Deployed Enablement Engineer - Customer Success,Palantir,"Washington, D.C.",https://jobs.lever.co/palantir/a90eb029-19cc-413c-bd51-b8411053d7d4,"A World-Changing Company

Palantir builds the world’s leading software for data-driven decisions and operations. By bringing the right data to the people who need it, our platforms empower our partners to develop lifesaving drugs, forecast supply chain disruptions, locate missing children, and more.


The Role

Forward Deployed Enablement Engineers are embedded with centralized customer success teams to maximize the outcomes of our deployed products and workflows across all commercial customers from small-scale start-ups to large enterprises. This role balances high-level support responsibilities with the development of innovative tooling and infrastructure to scale customer enablement effectively.  You are a resourceful, gritty and adaptable problem solver who is able to work both collaboratively and independently to resolve difficult and nebulous technical issues, as well as work productively with external customers to debug and resolve their problems. 

Palantir’s Customer Success team helps our customers build on Palantir’s Foundry & AIP Platforms to drive the workflows that power their most important business outcomes. In this role, you’ll leverage your problem-solving abilities, creativity, and technical skills to support and guide customer development teams, ensuring they can effectively build and optimize their workflows. You’ll have the opportunity to gain rare insight into and contribute to some of the world’s most important industries and institutions.

Every day at Palantir is different: we’re constantly evolving to better respond to customer needs, and you will have the opportunity to contribute your creativity and problem-solving to internal processes and tools that define how we deliver business value to the customer with increasing efficacy and efficiency.

Every Palantirian is encouraged to play to their personal strengths, so there is no “one size fits all” approach to engineering at Palantir. The scope of this role is intentionally broad so that people can find their strengths and grow in a way that excites them.
"
Forward Deployed Enablement Engineer - Customer Success,Palantir,"Palo Alto, CA",https://jobs.lever.co/palantir/f4410b36-29d4-4264-94d1-9d827e0cb38a,"A World-Changing Company

Palantir builds the world’s leading software for data-driven decisions and operations. By bringing the right data to the people who need it, our platforms empower our partners to develop lifesaving drugs, forecast supply chain disruptions, locate missing children, and more.


The Role

Forward Deployed Enablement Engineers are embedded with centralized customer success teams to maximize the outcomes of our deployed products and workflows across all commercial customers from small-scale start-ups to large enterprises. This role balances high-level support responsibilities with the development of innovative tooling and infrastructure to scale customer enablement effectively.  You are a resourceful, gritty and adaptable problem solver who is able to work both collaboratively and independently to resolve difficult and nebulous technical issues, as well as work productively with external customers to debug and resolve their problems. 

Palantir’s Customer Success team helps our customers build on Palantir’s Foundry & AIP Platforms to drive the workflows that power their most important business outcomes. In this role, you’ll leverage your problem-solving abilities, creativity, and technical skills to support and guide customer development teams, ensuring they can effectively build and optimize their workflows. You’ll have the opportunity to gain rare insight into and contribute to some of the world’s most important industries and institutions.

Every day at Palantir is different: we’re constantly evolving to better respond to customer needs, and you will have the opportunity to contribute your creativity and problem-solving to internal processes and tools that define how we deliver business value to the customer with increasing efficacy and efficiency.

Every Palantirian is encouraged to play to their personal strengths, so there is no “one size fits all” approach to engineering at Palantir. The scope of this role is intentionally broad so that people can find their strengths and grow in a way that excites them.
"
Forward Deployed Infrastructure Engineer - US Government,Palantir,"Washington, D.C.",https://jobs.lever.co/palantir/74748e0e-a0bc-4c53-a636-ef14e36d9b5e,"A World-Changing Company

Palantir builds the world’s leading software for data-driven decisions and operations. By bringing the right data to the people who need it, our platforms empower our partners to develop lifesaving drugs, forecast supply chain disruptions, locate missing children, and more.


The Role

We’re looking for Forward Deployed Infrastructure Engineers who can help us build, operate, and maintain high-performance, scalable, and reliable services for Palantir platforms, products, and deployments. You'll get to use your creativity to develop novel solutions to evolving challenges and automate processes wherever possible, using whichever tools are best for the job including industry-leading LLM and AI technology!

As a Forward Deployed Infrastructure Engineer, every day is different! You will be developing software and providing high-quality support for software systems that are critical to solving our government’s greatest challenges. We strongly believe in engineering teams being responsible for the operations of their services in production. As such, you’ll work closely with forward deployed teams and product teams to participate in sensible, scalable, systems design and share responsibility with them in diagnosing, resolving, and preventing production issues.
"
Forward Deployed Infrastructure Engineer - US Government,Palantir,"New York, NY",https://jobs.lever.co/palantir/b57f08e9-546c-4b9b-8d21-db0ebbc11363,"A World-Changing Company

Palantir builds the world’s leading software for data-driven decisions and operations. By bringing the right data to the people who need it, our platforms empower our partners to develop lifesaving drugs, forecast supply chain disruptions, locate missing children, and more.


The Role

We’re looking for Forward Deployed Infrastructure Engineers who can help us build, operate, and maintain high-performance, scalable, and reliable services for Palantir platforms, products, and deployments. You'll get to use your creativity to develop novel solutions to evolving challenges and automate processes wherever possible, using whichever tools are best for the job including industry-leading LLM and AI technology!

As a Forward Deployed Infrastructure Engineer, every day is different! You will be developing software and providing high-quality support for software systems that are critical to solving our government’s greatest challenges. We strongly believe in engineering teams being responsible for the operations of their services in production. As such, you’ll work closely with forward deployed teams and product teams to participate in sensible, scalable, systems design and share responsibility with them in diagnosing, resolving, and preventing production issues. 
"
Forward Deployed Software Engineer,Palantir,"Ottawa, Canada",https://jobs.lever.co/palantir/06c7bd36-e24b-4f3a-8b45-1e846ae44095,"A World-Changing Company

Palantir builds the world’s leading software for data-driven decisions and operations. By bringing the right data to the people who need it, our platforms empower our partners to develop lifesaving drugs, forecast supply chain disruptions, locate missing children, and more.


The Role

Forward Deployed Software Engineers (FDSEs) work directly with customers to quickly understand their greatest problems and design and implement solutions to use data against them. Our customers rely on Palantir’s platforms for some of their most critical operations, and projects often start with an open ended question like “Why are we delaying so many flights?” or “How can we better identify instances of money laundering?” As an FDSE, you’ll apply your problem solving ability, creativity, and technical skills to help organizations use their data to drive a real impact in the world. You’ll have the opportunity to gain rare insight into and contribute to some of the world’s most important industries and institutions. 

As an FDSE, your responsibilities look similar to those of a startup CTO: you’ll work in small teams with minimal supervision and own end-to-end execution of high stakes projects. Your day might span discussing architecture with fellow engineers, wrangling massive-scale data, coding a custom web app, speaking with customer executives, or establishing strategy for your team. 

Whether you aspire to be an entrepreneur or an engineering leader, we believe Palantir is the best place — with the best colleagues — to learn how. You’ll learn how to unpack a problem and understand the costs and consequences of its solution. You’ll learn new technologies and languages, and even develop them yourself. You’ll work autonomously and make decisions independently, within a community that will support and challenge you as you grow and develop.
"
Forward Deployed Software Engineer,Palantir,"Seoul, South Korea",https://jobs.lever.co/palantir/1bb19522-3936-4adc-9ced-c3df8b5900b9,"A World-Changing Company

Palantir builds the world’s leading software for data-driven decisions and operations. By bringing the right data to the people who need it, our platforms empower our partners to develop lifesaving drugs, forecast supply chain disruptions, locate missing children, and more.


The Role

At Palantir, the Forward Deployed Software Engineer (FDSE) role isn’t just a job title: it’s the blueprint. We pioneered this unique position, embedding talented engineers directly with our customers to tackle their most pressing challenges head-on. As an FDSE, you’ll be at the intersection of world-changing problems and impactful technology, shaping solutions where they matter most.

FDSEs work side by side with our customers, rapidly understanding their toughest issues; architecting and building solutions that leverage business-critical data and the latest advancements in AI to solve them. Whether it’s “How do we predict and mitigate wildfire risks to optimize power grids?” or “How can we analyze and adapt a global food supply chain to deliver life-saving aid on time?”, you’ll use your technical expertise, creativity, and problem-solving skills to drive real-world impact.

You’ll have the rare opportunity to gain deep insight into and directly influence some of the world’s most critical industries and institutions. By building on Palantir’s powerful platforms leveraging integrated cutting-edge AI, you’ll help organizations unlock the full potential of their data to make smarter, faster decisions.

Core Responsibilities

• Collaborating with fellow engineers on architecture and design decisions
• Wrangling massive-scale data and using AI to accelerate and enhance critical operations
• Developing custom applications tailored to customer needs
• Engaging directly with customer stakeholders, from technical teams to executives
• Shaping team strategy and driving projects from ideation to deployment, increasing your pain threshold to deliver real value
"
Forward Deployed Software Engineer,Palantir,"Doha, Qatar",https://jobs.lever.co/palantir/2a817317-48a6-48b7-9a74-a98ccd2457d2,"A World-Changing Company

Palantir builds the world’s leading software for data-driven decisions and operations. By bringing the right data to the people who need it, our platforms empower our partners to develop lifesaving drugs, forecast supply chain disruptions, locate missing children, and more.


The Role

Forward Deployed Software Engineers (FDSEs) work directly with customers to quickly understand their greatest problems and design and implement solutions to use data against them. Our customers rely on Palantir’s platforms for some of their most critical operations, and projects often start with an open ended question like “Why are we delaying so many flights?” or “How can we better identify instances of money laundering?” As an FDSE, you’ll apply your problem solving ability, creativity, and technical skills to help organizations use their data to drive a real impact in the world. You’ll have the opportunity to gain rare insight into and contribute to some of the world’s most important industries and institutions. 

As an FDSE, your responsibilities look similar to those of a startup CTO: you’ll work in small teams with minimal supervision and own end-to-end execution of high stakes projects. Your day might span discussing architecture with fellow engineers, wrangling massive-scale data, coding a custom web app, speaking with customer executives, or establishing strategy for your team. 

Whether you aspire to be an entrepreneur or an engineering leader, we believe Palantir is the best place — with the best colleagues — to learn how. You’ll learn how to unpack a problem and understand the costs and consequences of its solution. You’ll learn new technologies and languages, and even develop them yourself. You’ll work autonomously and make decisions independently, within a community that will support and challenge you as you grow and develop.
"
Forward Deployed Software Engineer,Palantir,"London, United Kingdom",https://jobs.lever.co/palantir/5168e8fd-fec1-4fea-b7a1-81bdaea65850,"A World-Changing Company

Palantir builds the world’s leading software for data-driven decisions and operations. By bringing the right data to the people who need it, our platforms empower our partners to develop lifesaving drugs, forecast supply chain disruptions, locate missing children, and more.


The Role

The Original Forward Deployed Software Engineer 
At Palantir, the Forward Deployed Software Engineer (FDSE) role isn’t just a job title: it’s the blueprint. We pioneered this unique position, embedding talented engineers directly with our customers to tackle their most pressing challenges head-on. As an FDSE, you’ll be at the intersection of world-changing problems and impactful technology, shaping solutions where they matter most.

FDSEs work side by side with our customers, rapidly understanding their toughest issues; architecting and building solutions that leverage business-critical data and the latest advancements in AI to solve them. Whether it’s “How do we predict and mitigate wildfire risks to optimize power grids?” or “How can we analyze and adapt a global food supply chain to deliver life-saving aid on time?”, you’ll use your technical expertise, creativity, and problem-solving skills to drive real-world impact.

You’ll have the rare opportunity to gain deep insight into and directly influence some of the world’s most critical industries and institutions. By building on Palantir’s powerful platforms leveraging integrated cutting-edge AI, you’ll help organizations unlock the full potential of their data to make smarter, faster decisions.

Core Responsibilities 

As an FDSE, you’ll experience the autonomy of a startup, with the resources, mentorship, and stability of an established tech company. Your contributions will have a direct impact on our customers’ missions and the real world. You’ll work in small, agile teams and own the end-to-end execution and implementation of high-stakes projects, including:

•  Collaborating with fellow engineers on architecture and design decisions
•  Wrangling massive-scale data and using AI to accelerate and enhance critical operations
•  Developing custom applications tailored to customer needs
•  Engaging directly with customer stakeholders, from technical teams to executives
•  Shaping team strategy and driving projects from ideation to deployment, increasing your pain threshold to deliver real value
"
Forward Deployed Software Engineer,Palantir,"Dubai, United Arab Emirates",https://jobs.lever.co/palantir/8148182c-6127-4689-b615-7815a94173bb,"A World-Changing Company

Palantir builds the world’s leading software for data-driven decisions and operations. By bringing the right data to the people who need it, our platforms empower our partners to develop lifesaving drugs, forecast supply chain disruptions, locate missing children, and more.


The Role

Forward Deployed Software Engineers (FDSEs) work directly with customers to quickly understand their greatest problems and design and implement solutions to use data against them. Our customers rely on Palantir’s platforms for some of their most critical operations, and projects often start with an open ended question like “Why are we delaying so many flights?” or “How can we better identify instances of money laundering?” As an FDSE, you’ll apply your problem solving ability, creativity, and technical skills to help organizations use their data to drive a real impact in the world. You’ll have the opportunity to gain rare insight into and contribute to some of the world’s most important industries and institutions. 

As an FDSE your responsibilities look similar to those of a startup CTO: you’ll work in small teams with minimal supervision and own end-to-end execution of high stakes projects. Your day might span discussing architecture with fellow engineers, wrangling massive-scale data, coding a custom web app, speaking with customer executives, or establishing strategy for your team. 

Whether you aspire to be an entrepreneur or an engineering leader, we believe Palantir is the best place — with the best colleagues — to learn how. You’ll learn how to unpack a problem and understand the costs and consequences of its solution. You’ll learn new technologies and languages, and even develop them yourself. You’ll work autonomously and make decisions independently, within a community that will support and challenge you as you grow and develop.
"
Forward Deployed Software Engineer,Palantir,"Chicago, IL",https://jobs.lever.co/palantir/8c38feb7-7ca8-429e-9643-efffe2fe0428,"A World-Changing Company

Palantir builds the world’s leading software for data-driven decisions and operations. By bringing the right data to the people who need it, our platforms empower our partners to develop lifesaving drugs, forecast supply chain disruptions, locate missing children, and more.


The Role

The Original Forward Deployed Software Engineer 
At Palantir, the Forward Deployed Software Engineer (FDSE) role isn’t just a job title: it’s the blueprint. We pioneered this unique position, embedding talented engineers directly with our customers to tackle their most pressing challenges head-on. As an FDSE, you’ll be at the intersection of world-changing problems and impactful technology, shaping solutions where they matter most.

FDSEs work side by side with our customers, rapidly understanding their toughest issues; architecting and building solutions that leverage business-critical data and the latest advancements in AI to solve them. Whether it’s “How do we predict and mitigate wildfire risks to optimize power grids?” or “How can we analyze and adapt a global food supply chain to deliver life-saving aid on time?”, you’ll use your technical expertise, creativity, and problem-solving skills to drive real-world impact.

You’ll have the rare opportunity to gain deep insight into and directly influence some of the world’s most critical industries and institutions. By building on Palantir’s powerful platforms leveraging integrated cutting-edge AI, you’ll help organizations unlock the full potential of their data to make smarter, faster decisions.

Core Responsibilities

As an FDSE, you’ll experience the autonomy of a startup, with the resources, mentorship, and stability of an established tech company. Your contributions will have a direct impact on our customers’ missions and the real world. You’ll work in small, agile teams and own the end-to-end execution and implementation of high-stakes projects, including:

•  Collaborating with fellow engineers on architecture and design decisions
•  Wrangling massive-scale data and using AI to accelerate and enhance critical operations
•  Developing custom applications tailored to customer needs
•  Engaging directly with customer stakeholders, from technical teams to executives
•  Shaping team strategy and driving projects from ideation to deployment, increasing your pain threshold to deliver real value
"
Forward Deployed Software Engineer,Palantir,"Abu Dhabi, United Arab Emirates",https://jobs.lever.co/palantir/90aa8748-3fef-4e2b-9ea9-c4dc5f37f0d2,"A World-Changing Company

Palantir builds the world’s leading software for data-driven decisions and operations. By bringing the right data to the people who need it, our platforms empower our partners to develop lifesaving drugs, forecast supply chain disruptions, locate missing children, and more.


The Role

Forward Deployed Software Engineers (FDSEs) work directly with customers to quickly understand their greatest problems and design and implement solutions to use data against them. Our customers rely on Palantir’s platforms for some of their most critical operations, and projects often start with an open ended question like “Why are we delaying so many flights?” or “How can we better identify instances of money laundering?” As an FDSE, you’ll apply your problem solving ability, creativity, and technical skills to help organizations use their data to drive a real impact in the world. You’ll have the opportunity to gain rare insight into and contribute to some of the world’s most important industries and institutions. 

As an FDSE your responsibilities look similar to those of a startup CTO: you’ll work in small teams with minimal supervision and own end-to-end execution of high stakes projects. Your day might span discussing architecture with fellow engineers, wrangling massive-scale data, coding a custom web app, speaking with customer executives, or establishing strategy for your team. 

Whether you aspire to be an entrepreneur or an engineering leader, we believe Palantir is the best place — with the best colleagues — to learn how. You’ll learn how to unpack a problem and understand the costs and consequences of its solution. You’ll learn new technologies and languages, and even develop them yourself. You’ll work autonomously and make decisions independently, within a community that will support and challenge you as you grow and develop.
"
Forward Deployed Software Engineer,Palantir,"Warsaw, Poland",https://jobs.lever.co/palantir/bf718bd3-b2ef-451e-8033-cb4d2d9c094b,"A World-Changing Company

At Palantir, we’re passionate about building software that solves problems. We partner with the most important institutions in the world to transform how they use data and technology. Our software has been used to stop terrorist attacks, discover new medicines, gain an edge in global financial markets, and more. If these types of projects excite you, we'd love for you to join us.

The Role

Forward Deployed Software Engineers (FDSEs) work directly with customers to quickly understand their greatest problems and design and implement solutions to use data against them. Our customers rely on Palantir’s platforms for some of their most critical operations, and projects often start with an open ended question like “Why are we delaying so many flights?” or “How can we better identify instances of money laundering?” As an FDSE, you’ll apply your problem solving ability, creativity, and technical skills to help organizations use their data to drive a real impact in the world. You’ll have the opportunity to gain rare insight into and contribute to some of the world’s most important industries and institutions. 

As an FDSE your responsibilities look similar to those of a startup CTO: you’ll work in small teams with minimal supervision and own end-to-end execution of high stakes projects. Your day might span discussing architecture with fellow engineers, wrangling massive-scale data, coding a custom web app, speaking with customer executives, or establishing strategy for your team. 

Whether you aspire to be an entrepreneur or an engineering leader, we believe Palantir is the best place — with the best colleagues — to learn how. You’ll learn how to unpack a problem and understand the costs and consequences of its solution. You’ll learn new technologies and languages, and even develop them yourself. You’ll work autonomously and make decisions independently, within a community that will support and challenge you as you grow and develop.

Our Principles

• Impact: We take on meaningful and challenging projects that change the world for the better.
• Ownership: We see projects through from beginning to end, working through any obstacles we may encounter.
• Collaboration: We work internally with people from a variety of backgrounds — such as other FDSEs, product teams, and Deployment
• Strategists. We also work externally with our customers, often on site, to understand and solve their problems.
• Trust: We trust each other to effectively manage time and priorities and give people the space to think for themselves.
• Growth: We encourage ourselves and our peers to seek new challenges and opportunities for growth, as well as find new ways to innovate and share knowledge.
• Learning: We often face entirely novel problems where we need to pick up a lot of new knowledge and learn how to use it to make progress. We believe experiential learning is one of the best teachers.

What We Value

• Strong engineering background, preferred in fields such as Computer Science, Mathematics, Software Engineering, Physics, and Data Science.
• A highly analytical mindset and eagerness to solve technical problems with data structures, storage systems, cloud infrastructure, front-end frameworks, and other technical tools.
• Experience or interest in working with and using large scale data to solve valuable business problems.
• Strong coder with demonstrated proficiency in programming languages such as Python, Java, C++, TypeScript/JavaScript, or similar.
• Demonstrated ability to collaborate effectively in teams of technical and non-technical individuals, and comfortable working in a rapidly changing environment with dynamic objectives and iteration with users.
• Ability to continuously learn, work independently, and make decisions with minimal supervision.
• Willingness and interest to travel as needed to client sites. Ability to travel 25-50% preferred, but requirements vary by team and location.

What We Require

• Security clearance or the ability to obtain a clearance.
• Fluency in Polish.


Life at Palantir

We want every Palantirian to achieve their best outcomes, that’s why we celebrate individuals’ strengths, skills, and interests, from your first interview to your longterm growth, rather than rely on traditional career ladders. Paying attention to the needs of our community enables us to optimize our opportunities to grow and helps ensure many pathways to success at Palantir. Promoting health and well-being across all areas of Palantirians’ lives is just one of the ways we’re investing in our community. Learn more at Life at Palantir and note that our offerings may vary by region.

In keeping consistent with Palantir’s values and culture, we believe employees are “better together” and in-person work affords the opportunity for more creative outcomes. Therefore, we encourage employees to work from our offices to foster connectivity and innovation. Many teams do offer hybrid options (WFH a day or two a week), allowing our employees to strike the right trade-off for their personal productivity. Based on business need, there are a few roles that allow for “Remote” work on an exceptional basis. If you are applying for one of these roles, you must work from the city and or country in which you are employed. If the posting is specified as Onsite, you are required to work from an office.


Palantir is committed to promoting a culture of diversity, equity, and inclusion. We believe that all Palantirians share the responsibility of upholding our commitment to these values and encourage candidates from a wide range of backgrounds, perspectives, and lived experiences to join us in solving the world’s hardest problems.

Palantir is committed to making the job application process accessible to everyone. If you are living with a disability (visible or not visible) and need to request a reasonable accommodation for any part of the application or hiring process, please reach out and let us know how we can help.
"
Forward Deployed Software Engineer,Palantir,"Stockholm, Sweden",https://jobs.lever.co/palantir/d084b769-6f53-4409-afa8-c183b059b384,"A World-Changing Company

Palantir builds the world’s leading software for data-driven decisions and operations. By bringing the right data to the people who need it, our platforms empower our partners to develop lifesaving drugs, forecast supply chain disruptions, locate missing children, and more.


The Role

Forward Deployed Software Engineers (FDSEs) work directly with customers to quickly understand their greatest problems and design and implement solutions to use data against them. Our customers rely on Palantir’s platforms for some of their most critical operations, and projects often start with an open ended question like “Why are we delaying so many flights?” or “How can we better identify instances of money laundering?” As an FDSE, you’ll apply your problem solving ability, creativity, and technical skills to help organizations use their data to drive a real impact in the world. You’ll have the opportunity to gain rare insight into and contribute to some of the world’s most important industries and institutions. 

As an FDSE your responsibilities look similar to those of a startup CTO: you’ll work in small teams with minimal supervision and own end-to-end execution of high stakes projects. Your day might span discussing architecture with fellow engineers, wrangling massive-scale data, coding a custom web app, speaking with customer executives, or establishing strategy for your team. 

Whether you aspire to be an entrepreneur or an engineering leader, we believe Palantir is the best place — with the best colleagues — to learn how. You’ll learn how to unpack a problem and understand the costs and consequences of its solution. You’ll learn new technologies and languages, and even develop them yourself. You’ll work autonomously and make decisions independently, within a community that will support and challenge you as you grow and develop.
"
Forward Deployed Software Engineer,Palantir,"New York, NY",https://jobs.lever.co/palantir/dab396d4-2f14-4796-aac0-0d82883dccf0,"A World-Changing Company

Palantir builds the world’s leading software for data-driven decisions and operations. By bringing the right data to the people who need it, our platforms empower our partners to develop lifesaving drugs, forecast supply chain disruptions, locate missing children, and more.


The Role

The Original Forward Deployed Software Engineer 
At Palantir, the Forward Deployed Software Engineer (FDSE) role isn’t just a job title: it’s the blueprint. We pioneered this unique position, embedding talented engineers directly with our customers to tackle their most pressing challenges head-on. As an FDSE, you’ll be at the intersection of world-changing problems and impactful technology, shaping solutions where they matter most.

FDSEs work side by side with our customers, rapidly understanding their toughest issues; architecting and building solutions that leverage business-critical data and the latest advancements in AI to solve them. Whether it’s “How do we predict and mitigate wildfire risks to optimize power grids?” or “How can we analyze and adapt a global food supply chain to deliver life-saving aid on time?”, you’ll use your technical expertise, creativity, and problem-solving skills to drive real-world impact.

You’ll have the rare opportunity to gain deep insight into and directly influence some of the world’s most critical industries and institutions. By building on Palantir’s powerful platforms leveraging integrated cutting-edge AI, you’ll help organizations unlock the full potential of their data to make smarter, faster decisions.

Core Responsibilities 

As an FDSE, you’ll experience the autonomy of a startup, with the resources, mentorship, and stability of an established tech company. Your contributions will have a direct impact on our customers’ missions and the real world. You’ll work in small, agile teams and own the end-to-end execution and implementation of high-stakes projects, including:

•  Collaborating with fellow engineers on architecture and design decisions
•  Wrangling massive-scale data and using AI to accelerate and enhance critical operations
•  Developing custom applications tailored to customer needs
•  Engaging directly with customer stakeholders, from technical teams to executives
•  Shaping team strategy and driving projects from ideation to deployment, increasing your pain threshold to deliver real value
"
Forward Deployed Software Engineer - Autonomous Systems C2,Palantir,"Seattle, WA",https://jobs.lever.co/palantir/0edf7365-49f0-4263-818a-19409ec4f430,"A World-Changing Company

Palantir builds the world’s leading software for data-driven decisions and operations. By bringing the right data to the people who need it, our platforms empower our partners to develop lifesaving drugs, forecast supply chain disruptions, locate missing children, and more.


The Role

We are seeking a Forward Deployed Software Engineer to join a newly-formed team focused on developing advanced Command and Control (C2) Software for Autonomous Systems for use in operational and tactical missions. This role involves building, integrating, and deploying state-of-the-art, full-stack solutions that combine sensors, effectors, UxVs, and intelligent decision-making systems to enable users to effectively execute and manage a variety of mission profiles that employ autonomous systems. You will work alongside other experts in sensing, artificial intelligence, and systems engineering to build and deliver solutions that redefine complex military and civilian mission scenarios in the real world.
"
Forward Deployed Software Engineer - Autonomous Systems C2,Palantir,"Palo Alto, CA",https://jobs.lever.co/palantir/c62264f5-5da8-40fe-9b44-f7f0f0012e11,"A World-Changing Company

Palantir builds the world’s leading software for data-driven decisions and operations. By bringing the right data to the people who need it, our platforms empower our partners to develop lifesaving drugs, forecast supply chain disruptions, locate missing children, and more.


The Role

We are seeking a Forward Deployed Software Engineer to join a newly-formed team focused on developing advanced Command and Control (C2) Software for Autonomous Systems for use in operational and tactical missions. This role involves building, integrating, and deploying state-of-the-art, full-stack solutions that combine sensors, effectors, UxVs, and intelligent decision-making systems to enable users to effectively execute and manage a variety of mission profiles that employ autonomous systems. You will work alongside other experts in sensing, artificial intelligence, and systems engineering to build and deliver solutions that redefine complex military and civilian mission scenarios in the real world.
"
Forward Deployed Software Engineer - Intel,Palantir,"Washington, D.C.",https://jobs.lever.co/palantir/34b3a697-6e22-4751-befd-0b7921abbd5f,"A World-Changing Company

Palantir builds the world’s leading software for data-driven decisions and operations. By bringing the right data to the people who need it, our platforms empower our partners to develop lifesaving drugs, forecast supply chain disruptions, locate missing children, and more.


The Role

Forward Deployed Software Engineers (FDSEs) work directly with customers to quickly understand their greatest problems and design and implement solutions to use data against them. In this role, you’ll apply your problem solving ability, creativity, and technical skills to help organizations use their data to drive a real impact in the world.

FDSEs deploy ground breaking technical solutions to solve our customers’ hardest problems. Projects often start with an open-ended question like “How can our technology push the envelope on data protection capabilities that enable collaboration on the most sensitive data while meeting all compliance requirements?” FDSEs lead the way in developing a solution, from high-level system design and prototyping to application development and data integration. As an FDSE, you make use of everything around you: Palantir products, open source technologies, and anything you and your team can build to create real impact.

Whether you aspire to be an entrepreneur or an engineering leader, we believe Palantir is the best place — with the best colleagues — to learn how. You’ll learn how to unpack a problem and understand the costs and consequences of its solution. You’ll learn new technologies and languages, and even develop them yourself. You’ll work autonomously and make decisions independently, within a community that will support and challenge you as you grow and develop.

Core Responsibilities

You work with customers around the globe, where you gain rare insight into the world’s most important industries and institutions. We help our customers protect vulnerable populations, deter future violence, and more. Each mission presents different challenges, from the regulatory environment to the nature of the data to the user population. You will work to accommodate all aspects of an environment to drive real technical outcomes for our customers.
"
Forward Deployed Software Engineer - Japan Forward Deployed,Palantir,"Washington, D.C.",https://jobs.lever.co/palantir/8aba5995-653d-4805-96e8-24488e6abf37,"NOTE: Although this position is in support of our US Government work, this role is located in Tokyo, Japan.

A World-Changing Company

Palantir builds the world’s leading software for data-driven decisions and operations. By bringing the right data to the people who need it, our platforms empower our partners to develop lifesaving drugs, forecast supply chain disruptions, locate missing children, and more.


The Role

Forward Deployed Software Engineers (FDSEs) understand our customers’ greatest pain points and design end-to-end solutions to address them. FDSEs solicit constant feedback on their work from both customers and colleagues, improving our products over time with rapid iteration cycles.

FDSEs deploy ground breaking technical solutions to solve our customers’ hardest problems. Projects often start with a nebulous question like “Why are we losing customers?” or “How can we more effectively identify instances of money laundering?” FDSEs lead the way in developing a solution, from high-level system design and prototyping to application development and data integration. As an FDSE, you leverage everything around you: Palantir products, open source technologies, and anything you and your team can build to drive real impact.

You work with customers around the globe, where you gain rare insight into the world’s most important industries and institutions. We help our customers detect insider trading, improve disaster relief, fight healthcare fraud, and more. Each mission presents different challenges, from the regulatory environment to the nature of the data to the user population. You will work to accommodate all aspects of an environment to drive real technical outcomes for our customers.

Whether you aspire to be an entrepreneur or an engineering leader, we believe Palantir is the best place — with the best colleagues — to learn how. You’ll learn how to unpack a problem and understand the costs and consequences of its solution. You’ll learn new technologies and languages, and even develop them yourself. You’ll work autonomously and make decisions independently, within a community that will support and challenge you as you grow and develop.
"
Forward Deployed Software Engineer - Korea Forward Deployed,Palantir,"Washington, D.C.",https://jobs.lever.co/palantir/a39bf84c-6648-4871-bd07-9b882d401c4c,"NOTE: Although this position is in support of our US Government work, this role is located in Seoul, South Korea.

A World-Changing Company

Palantir builds the world’s leading software for data-driven decisions and operations. By bringing the right data to the people who need it, our platforms empower our partners to develop lifesaving drugs, forecast supply chain disruptions, locate missing children, and more.


The Role

Forward Deployed Software Engineers (FDSEs) understand our customers’ greatest pain points and design end-to-end solutions to address them. FDSEs solicit constant feedback on their work from both customers and colleagues, improving our products over time with rapid iteration cycles.

FDSEs deploy ground breaking technical solutions to solve our customers’ hardest problems. Projects often start with a nebulous question like “Why are we losing customers?” or “How can we more effectively identify instances of money laundering?” FDSEs lead the way in developing a solution, from high-level system design and prototyping to application development and data integration. As an FDSE, you leverage everything around you: Palantir products, open source technologies, and anything you and your team can build to drive real impact.

You work with customers around the globe, where you gain rare insight into the world’s most important industries and institutions. We help our customers detect insider trading, improve disaster relief, fight healthcare fraud, and more. Each mission presents different challenges, from the regulatory environment to the nature of the data to the user population. You will work to accommodate all aspects of an environment to drive real technical outcomes for our customers.

Whether you aspire to be an entrepreneur or an engineering leader, we believe Palantir is the best place — with the best colleagues — to learn how. You’ll learn how to unpack a problem and understand the costs and consequences of its solution. You’ll learn new technologies and languages, and even develop them yourself. You’ll work autonomously and make decisions independently, within a community that will support and challenge you as you grow and develop.
"
Forward Deployed Software Engineer - UK Government,Palantir,"London, United Kingdom",https://jobs.lever.co/palantir/57a3f928-e7d3-4037-8196-b38e2f867152,"A World-Changing Company

Palantir builds the world’s leading software for data-driven decisions and operations. By bringing the right data to the people who need it, our platforms empower our partners to develop lifesaving drugs, forecast supply chain disruptions, locate missing children, and more.


The Role

Forward Deployed Software Engineers (FDSEs) understand our customers’ greatest pain points and design end-to-end solutions to address them. FDSEs solicit constant feedback on their work from both customers and colleagues, improving our products over time with rapid iteration cycles.

FDSEs deploy ground breaking technical solutions to solve our customers’ hardest problems. Projects often start with a nebulous question like “Why are we losing customers?” or “How can we more effectively identify instances of money laundering?” FDSEs lead the way in developing a solution, from high-level system design and prototyping to application development and data integration. As an FDSE, you leverage everything around you: Palantir products, open source technologies, and anything you and your team can build to drive real impact.

You work with customers around the globe, where you gain rare insight into the world’s most important industries and institutions. We help our customers detect insider trading, improve disaster relief, fight healthcare fraud, and more. Each mission presents different challenges, from the regulatory environment to the nature of the data to the user population. You will work to accommodate all aspects of an environment to drive real technical outcomes for our customers.

Core Responsibilities

FDSEs responsibilities look similar to those of a startup CTO: you’ll work in small teams and own end-to-end execution of high stakes projects. A day might span discussing architecture with fellow engineers, wrangling massive-scale data, coding a custom web app, speaking with customer executives, or establishing strategy for your team.

Do you aspire to be an entrepreneur or an engineering leader? If yes, we believe Palantir is the best place — with the best colleagues — to learn how!
"
Forward Deployed Software Engineer - US Government,Palantir,"Washington, D.C.",https://jobs.lever.co/palantir/289ad049-7b4e-41e3-8a39-146fbeb6fb64,"A World-Changing Company

Palantir builds the world’s leading software for data-driven decisions and operations. By bringing the right data to the people who need it, our platforms empower our partners to develop lifesaving drugs, forecast supply chain disruptions, locate missing children, and more.


The Role

Forward Deployed Software Engineers (FDSEs) work directly with customers to quickly understand their greatest problems and design and implement solutions to use data against them. Our customers rely on Palantir’s platforms for some of their most critical operations, and projects often start with an open ended question like “Why are we delaying so many flights?” or “How can we better identify instances of money laundering?” As an FDSE, you’ll apply your problem solving ability, creativity, and technical skills to help organizations use their data to drive a real impact in the world. You’ll have the opportunity to gain rare insight into and contribute to some of the world’s most important industries and institutions. 

As an FDSE your responsibilities look similar to those of a startup CTO: you’ll work in small teams with minimal supervision and own end-to-end execution of high stakes projects. Your day might span discussing architecture with fellow engineers, wrangling massive-scale data, coding a custom web app, speaking with customer executives, or establishing strategy for your team. 

Whether you aspire to be an entrepreneur or an engineering leader, we believe Palantir is the best place — with the best colleagues — to learn how. You’ll learn how to unpack a problem and understand the costs and consequences of its solution. You’ll learn new technologies and languages, and even develop them yourself. You’ll work autonomously and make decisions independently, within a community that will support and challenge you as you grow and develop.
"
Forward Deployed Software Engineer - US Government,Palantir,"San Diego, CA",https://jobs.lever.co/palantir/84131e3f-455e-47fc-9c11-898d95f09048,"A World-Changing Company

Palantir builds the world’s leading software for data-driven decisions and operations. By bringing the right data to the people who need it, our platforms empower our partners to develop lifesaving drugs, forecast supply chain disruptions, locate missing children, and more.


The Role

Forward Deployed Software Engineers (FDSEs) understand our customers’ greatest pain points and design end-to-end solutions to address them. FDSEs solicit constant feedback on their work from both customers and colleagues, improving our products over time with rapid iteration cycles.

FDSEs deploy ground breaking technical solutions to solve our customers’ hardest problems. Projects often start with a nebulous question like “Why are we losing customers?” or “How can we more effectively identify instances of money laundering?” FDSEs lead the way in developing a solution, from high-level system design and prototyping to application development and data integration. As an FDSE, you leverage everything around you: Palantir products, open source technologies, and anything you and your team can build to drive real impact.

You work with customers around the globe, where you gain rare insight into the world’s most important industries and institutions. We help our customers detect insider trading, improve disaster relief, fight healthcare fraud, and more. Each mission presents different challenges, from the regulatory environment to the nature of the data to the user population. You will work to accommodate all aspects of an environment to drive real technical outcomes for our customers.

Whether you aspire to be an entrepreneur or an engineering leader, we believe Palantir is the best place — with the best colleagues — to learn how. You’ll learn how to unpack a problem and understand the costs and consequences of its solution. You’ll learn new technologies and languages, and even develop them yourself. You’ll work autonomously and make decisions independently, within a community that will support and challenge you as you grow and develop.
"
Forward Deployed Software Engineer - US Government,Palantir,"Honolulu, HI",https://jobs.lever.co/palantir/ce8ca664-60dc-4f9a-8986-3c96673bcfdf,"A World-Changing Company

Palantir builds the world’s leading software for data-driven decisions and operations. By bringing the right data to the people who need it, our platforms empower our partners to develop lifesaving drugs, forecast supply chain disruptions, locate missing children, and more.


The Role

Forward Deployed Software Engineers (FDSEs) understand our customers’ greatest pain points and design end-to-end solutions to address them. FDSEs solicit constant feedback on their work from both customers and colleagues, improving our products over time with rapid iteration cycles.

FDSEs deploy ground breaking technical solutions to solve our customers’ hardest problems. Projects often start with a nebulous question like “Why are we losing customers?” or “How can we more effectively identify instances of money laundering?” FDSEs lead the way in developing a solution, from high-level system design and prototyping to application development and data integration. As an FDSE, you leverage everything around you: Palantir products, open source technologies, and anything you and your team can build to drive real impact.

You work with customers around the globe, where you gain rare insight into the world’s most important industries and institutions. We help our customers detect insider trading, improve disaster relief, fight healthcare fraud, and more. Each mission presents different challenges, from the regulatory environment to the nature of the data to the user population. You will work to accommodate all aspects of an environment to drive real technical outcomes for our customers.

Whether you aspire to be an entrepreneur or an engineering leader, we believe Palantir is the best place — with the best colleagues — to learn how. You’ll learn how to unpack a problem and understand the costs and consequences of its solution. You’ll learn new technologies and languages, and even develop them yourself. You’ll work autonomously and make decisions independently, within a community that will support and challenge you as you grow and develop.
"
Forward Deployed Software Engineer - US Government,Palantir,"Fayetteville, NC",https://jobs.lever.co/palantir/d83fac1c-353e-4b77-a586-3276b1090b6e,"A World-Changing Company

Palantir builds the world’s leading software for data-driven decisions and operations. By bringing the right data to the people who need it, our platforms empower our partners to develop lifesaving drugs, forecast supply chain disruptions, locate missing children, and more.


The Role

Forward Deployed Software Engineers (FDSEs) understand our customers’ greatest pain points and design end-to-end solutions to address them. FDSEs solicit constant feedback on their work from both customers and colleagues, improving our products over time with rapid iteration cycles.

FDSEs deploy ground breaking technical solutions to solve our customers’ hardest problems. Projects often start with a nebulous question like “Why are we losing customers?” or “How can we more effectively identify instances of money laundering?” FDSEs lead the way in developing a solution, from high-level system design and prototyping to application development and data integration. As an FDSE, you leverage everything around you: Palantir products, open source technologies, and anything you and your team can build to drive real impact.

You work with customers around the globe, where you gain rare insight into the world’s most important industries and institutions. We help our customers detect insider trading, improve disaster relief, fight healthcare fraud, and more. Each mission presents different challenges, from the regulatory environment to the nature of the data to the user population. You will work to accommodate all aspects of an environment to drive real technical outcomes for our customers.

Whether you aspire to be an entrepreneur or an engineering leader, we believe Palantir is the best place — with the best colleagues — to learn how. You’ll learn how to unpack a problem and understand the costs and consequences of its solution. You’ll learn new technologies and languages, and even develop them yourself. You’ll work autonomously and make decisions independently, within a community that will support and challenge you as you grow and develop.
"
Forward Deployed Software Engineer - US Government,Palantir,"New York, NY",https://jobs.lever.co/palantir/e82b696e-a085-4bbf-8bcb-6d2c4f8cf2f7,"A World-Changing Company

Palantir builds the world’s leading software for data-driven decisions and operations. By bringing the right data to the people who need it, our platforms empower our partners to develop lifesaving drugs, forecast supply chain disruptions, locate missing children, and more.


The Role

Forward Deployed Software Engineers (FDSEs) understand our customers’ greatest pain points and design end-to-end solutions to address them. FDSEs solicit constant feedback on their work from both customers and colleagues, improving our products over time with rapid iteration cycles.

FDSEs deploy ground breaking technical solutions to solve our customers’ hardest problems. Projects often start with a nebulous question like “Why are we losing customers?” or “How can we more effectively identify instances of money laundering?” FDSEs lead the way in developing a solution, from high-level system design and prototyping to application development and data integration. As an FDSE, you leverage everything around you: Palantir products, open source technologies, and anything you and your team can build to drive real impact.

You work with customers around the globe, where you gain rare insight into the world’s most important industries and institutions. We help our customers detect insider trading, improve disaster relief, fight healthcare fraud, and more. Each mission presents different challenges, from the regulatory environment to the nature of the data to the user population. You will work to accommodate all aspects of an environment to drive real technical outcomes for our customers.

Whether you aspire to be an entrepreneur or an engineering leader, we believe Palantir is the best place — with the best colleagues — to learn how. You’ll learn how to unpack a problem and understand the costs and consequences of its solution. You’ll learn new technologies and languages, and even develop them yourself. You’ll work autonomously and make decisions independently, within a community that will support and challenge you as you grow and develop.
"
Forward Deployed Software Engineer - Warp Speed,Palantir,"New York, NY",https://jobs.lever.co/palantir/13f99633-43b5-4459-8e84-25073f257c18,"A World-Changing Company

Palantir builds the world’s leading software for data-driven decisions and operations. By bringing the right data to the people who need it, our platforms empower our partners to develop lifesaving drugs, forecast supply chain disruptions, locate missing children, and more.


The Role

Warp Speed
Warp Speed builds on years of excellence in manufacturing to resurrect & revitalize the American Industrial Base. FDSEs on Warp Speed work directly with customers from the factory floor to the board room to understand their greatest problems and design and implement solutions using data.

As Forward Deployed Software Engineers (FDSEs) you’ll apply your problem solving ability, creativity, and technical skills to help organizations use their data to drive a real impact in the world. You’ll have the opportunity to gain rare insight into and contribute to some of the most important industries and institutions globally!

The Original Forward Deployed Software Engineer 
At Palantir, the Forward Deployed Software Engineer (FDSE) role isn’t just a job title: it’s the blueprint. We pioneered this unique position, embedding talented engineers directly with our customers to tackle their most pressing challenges head-on. As an FDSE, you’ll be at the intersection of world-changing problems and impactful technology, shaping solutions where they matter most.

FDSEs work side by side with our customers, rapidly understanding their toughest issues; architecting and building solutions that leverage business-critical data and the latest advancements in AI to solve them. Whether it’s “How do we predict and mitigate wildfire risks to optimize power grids?” or “How can we analyze and adapt a global food supply chain to deliver life-saving aid on time?”, you’ll use your technical expertise, creativity, and problem-solving skills to drive real-world impact.

You’ll have the rare opportunity to gain deep insight into and directly influence some of the world’s most critical industries and institutions. By building on Palantir’s powerful platforms leveraging integrated cutting-edge AI, you’ll help organizations unlock the full potential of their data to make smarter, faster decisions.

Core Responsibilities

As an FDSE, you’ll experience the autonomy of a startup, with the resources, mentorship, and stability of an established tech company. Your contributions will have a direct impact on our customers’ missions and the real world. You’ll work in small, agile teams and own the end-to-end execution and implementation of high-stakes projects, including:

•  Collaborating with fellow engineers on architecture and design decisions
•  Wrangling massive-scale data and using AI to accelerate and enhance critical operations
•  Developing custom applications tailored to customer needs
•  Engaging directly with customer stakeholders, from technical teams to executives
•  Shaping team strategy and driving projects from ideation to deployment, increasing your pain threshold to deliver real value
"
"Forward Deployed Software Engineer, Internship - UK Government",Palantir,"London, United Kingdom",https://jobs.lever.co/palantir/26e23f5d-083b-45aa-b223-1a6e43d960bf,"A World-Changing Company

Palantir builds the world’s leading software for data-driven decisions and operations. By bringing the right data to the people who need it, our platforms empower our partners to develop lifesaving drugs, forecast supply chain disruptions, locate missing children, and more.


The Role

Forward Deployed Software Engineers (FDSEs) work directly with customers to quickly understand their greatest problems and design and implement solutions to use data against them. Our customers rely on Palantir’s platforms for some of their most critical operations, and projects often start with an open ended question like ""How do we evaluate wildfire risk and optimise a power grid as a result"" or ""How do we quickly assess our food supply chain and modify it to deliver life saving assistance on time?"" As an FDSE, you’ll apply your problem solving ability, creativity, and technical skills to help organisations use their data to drive a real impact in the world. You’ll have the opportunity to gain rare insight into and contribute to some of the world’s most important industries and institutions. 

Core Responsibilities

As an FDSE Intern, your responsibilities look similar to those at a small startup, with the resources, stability and mentorship of an established tech company: You’ll work in small teams with minimal supervision and own end-to-end execution of high stakes projects. Your day might span discussing architecture with fellow engineers, wrangling massive-scale data, coding a custom web app, speaking with customer executives, or establishing strategy for your team.

FDSE Interns are treated just like full time engineers, with significant freedom and ownership over their work. Interns take responsibility for real world projects and outcomes that our customers rely on.
"
"Forward Deployed Software Engineer, Internship - US Government",Palantir,"Honolulu, HI",https://jobs.lever.co/palantir/315f695d-04d1-4a9a-848e-cb2bec7a997e,"A World-Changing Company

Palantir builds the world’s leading software for data-driven decisions and operations. By bringing the right data to the people who need it, our platforms empower our partners to develop lifesaving drugs, forecast supply chain disruptions, locate missing children, and more.


The Role

Forward Deployed Software Engineers (FDSEs) work directly with customers to quickly understand their greatest problems and design and implement solutions to use data against them. Our customers rely on Palantir’s platforms for some of their most critical operations, and projects often start with an open ended question like ""How do we evaluate wildfire risk and optimize a power grid as a result"" or ""How do we quickly assess our food supply chain and modify it to deliver life saving assistance on time?"" As an FDSE, you’ll apply your problem solving ability, creativity, and technical skills to help organizations use their data to drive a real impact in the world. You’ll have the opportunity to gain rare insight into and contribute to some of the world’s most important industries and institutions.

Core Responsibilities

As an FDSE Intern, your responsibilities look similar to those at a small startup, with the resources, stability and mentorship of an established tech company: You’ll work in small teams with minimal supervision and own end-to-end execution of high stakes projects. Your day might span discussing architecture with fellow engineers, wrangling massive-scale data, coding a custom web app, speaking with customer executives, or establishing strategy for your team.

FDSE Interns are treated just like full time engineers, with significant freedom and ownership over their work. Interns take responsibility for real world projects and outcomes that our customers rely on.
"
"Forward Deployed Software Engineer, New Grad - Commercial",Palantir,"London, United Kingdom",https://jobs.lever.co/palantir/2aa14e4f-d406-486e-9aa8-6ff3358d70a0,"A World-Changing Company

Palantir builds the world’s leading software for data-driven decisions and operations. By bringing the right data to the people who need it, our platforms empower our partners to develop lifesaving drugs, forecast supply chain disruptions, locate missing children, and more.


The Role

The Original Forward Deployed Software Engineer 
At Palantir, the Forward Deployed Software Engineer (FDSE) role isn’t just a job title: it’s the blueprint. We pioneered this unique position, embedding talented engineers directly with our customers to tackle their most pressing challenges head-on. As an FDSE, you’ll be at the intersection of world-changing problems and impactful technology, shaping solutions where they matter most.

FDSEs work side by side with our customers, rapidly understanding their toughest issues; architecting and building solutions that leverage business-critical data and the latest advancements in AI to solve them. Whether it’s “How do we predict and mitigate wildfire risks to optimize power grids?” or “How can we analyze and adapt a global food supply chain to deliver life-saving aid on time?”, you’ll use your technical expertise, creativity, and problem-solving skills to drive real-world impact.

You’ll have the rare opportunity to gain deep insight into and directly influence some of the world’s most critical industries and institutions. By building on Palantir’s powerful platforms leveraging integrated cutting-edge AI, you’ll help organizations unlock the full potential of their data to make smarter, faster decisions.

Core Responsibilities 

As an FDSE, you’ll experience the autonomy of a startup, with the resources, mentorship, and stability of an established tech company. Your contributions will have a direct impact on our customers’ missions and the real world. You’ll work in small, agile teams and own the end-to-end execution and implementation of high-stakes projects, including:

•  Collaborating with fellow engineers on architecture and design decisions
•  Wrangling massive-scale data and using AI to accelerate and enhance critical operations
•  Developing custom applications tailored to customer needs
•  Engaging directly with customer stakeholders, from technical teams to executives
•  Shaping team strategy and driving projects from ideation to deployment, increasing your pain threshold to deliver real value
"
"Forward Deployed Software Engineer, New Grad - UK Government",Palantir,"London, United Kingdom",https://jobs.lever.co/palantir/b4aa51a2-bc43-4d67-bf55-12db7feefb3a,"A World-Changing Company

Palantir builds the world’s leading software for data-driven decisions and operations. By bringing the right data to the people who need it, our platforms empower our partners to develop lifesaving drugs, forecast supply chain disruptions, locate missing children, and more.


The Role

Forward Deployed Software Engineers (FDSEs) work directly with customers to quickly understand their greatest problems and design and implement solutions to use data against them. Our customers rely on Palantir’s platforms for some of their most critical operations, and projects often start with an open ended question like ""How do we evaluate wildfire risk and optimise a power grid as a result"" or ""How do we quickly assess our food supply chain and modify it to deliver life saving assistance on time?"". As an FDSE, you’ll apply your problem solving ability, creativity, and technical skills to help organisations use their data to drive a real impact in the world. You’ll have the opportunity to gain rare insight into and contribute to some of the world’s most important industries and institutions. 

Core Responsibilities

As an FDSE your responsibilities look similar to those of a startup CTO. You’ll work in small teams with minimal supervision and own end-to-end execution of high stakes projects. Your day might span discussing architecture with fellow engineers, wrangling massive-scale data, coding a custom web app, speaking with customer executives, or establishing strategy for your team.
"
Front End Engineer - Apollo Platform,Palantir,"New York, NY",https://jobs.lever.co/palantir/17ef7e62-4893-402f-9304-452594065e00,"A World-Changing Company

Palantir builds the world’s leading software for data-driven decisions and operations. By bringing the right data to the people who need it, our platforms empower our partners to develop lifesaving drugs, forecast supply chain disruptions, locate missing children, and more.


The Role

Apollo is Palantir's product that enables autonomous management and continuous deployment of mission critical software, wherever it is. We’re transforming the way organizations around the world deploy software, taking SAAS where SAAS has not gone before: from on-premise, to various cloud providers, to disconnected environments (air-gapped), to strict accreditation frameworks, and to the edge.

As a Front End Engineer on the Apollo platform you will be responsible for the experience of thousands of users, architecting workflows and interfaces that make sophisticated deployment and monitoring tasks simple. You might spend one day interviewing users to understand their complex workflows and the next brainstorming mockups with Product Designers. Another day, you could tackle building out a workflow, partnering with backend engineers to wire up your code with the APIs, or even building out APIs yourself!

We're hiring engineers who are passionate about the whole product development lifecycle — not just fixing bugs or maintaining legacy code — from idea generation, user interviews, planning, design, prototyping, execution, shipping, and iteration.

Learn more about Apollo and why it was built!
"
Front End Engineer - Apollo Platform,Palantir,"Seattle, WA",https://jobs.lever.co/palantir/a320f3cf-80ba-4587-b6a6-b4b74f3caa5a,"A World-Changing Company

Palantir builds the world’s leading software for data-driven decisions and operations. By bringing the right data to the people who need it, our platforms empower our partners to develop lifesaving drugs, forecast supply chain disruptions, locate missing children, and more.


The Role

Apollo is Palantir's product that enables autonomous management and continuous deployment of mission critical software, wherever it is. We’re transforming the way organizations around the world deploy software, taking SAAS where SAAS has not gone before: from on-premise, to various cloud providers, to disconnected environments (air-gapped), to strict accreditation frameworks, and to the edge.

As a Front End Engineer on the Apollo platform you will be responsible for the experience of thousands of users, architecting workflows and interfaces that make sophisticated deployment and monitoring tasks simple. You might spend one day interviewing users to understand their complex workflows and the next brainstorming mockups with Product Designers. Another day, you could tackle building out a workflow, partnering with backend engineers to wire up your code with the APIs, or even building out APIs yourself!

We're hiring engineers who are passionate about the whole product development lifecycle — not just fixing bugs or maintaining legacy code — from idea generation, user interviews, planning, design, prototyping, execution, shipping, and iteration.

Learn more about Apollo and why it was built!
"
Full Stack Engineer - Mission Manager,Palantir,"Seattle, WA",https://jobs.lever.co/palantir/8c7f921e-20d7-4a5f-b1ce-1c5bc45e43bc,"A World-Changing Company

Palantir builds the world’s leading software for data-driven decisions and operations. By bringing the right data to the people who need it, our platforms empower our partners to develop lifesaving drugs, forecast supply chain disruptions, locate missing children, and more.


The Role

Mission Manager is Palantir’s single pane of glass for enabling US Government customers and vendors to run software securely and compliantly in the most sensitive environments, but without the overhead —whether connected, disconnected, cloud, or edge. Built on the strength of Palantir’s Apollo platform, it provides the critical infrastructure needed to rapidly onboard and deploy applications into a secure Kubernetes-based ecosystem, freeing our customers to focus on building and powering mission-critical systems.

The Mission Manager offering is still in its earliest days, and by joining us now, you’ll define the strategy for how we develop and scale it—witnessing firsthand the impact of your work on critical missions and the new capabilities you unlock. You’ll drive this by building elegant, robust user interfaces and APIs that bridge the gap between a raw Kubernetes cluster and a fully featured, infrastructure-agnostic runtime that can meet the operational demands of hundreds of specialized microservices. 

As a full-stack engineer, you’ll operate at the intersection of product, design, and engineering to deliver industry-leading UI/UX for our next-generation infrastructure management platform.  You’ll undertake this challenge alongside an energized team with a wide array of backgrounds and skillsets, all united by an ambitious vision for what’s possible.  
"
Full Stack Engineer - Mission Manager,Palantir,"New York, NY",https://jobs.lever.co/palantir/dd69b9c7-6c6c-4543-8b11-3befdec26a9f,"A World-Changing Company

Palantir builds the world’s leading software for data-driven decisions and operations. By bringing the right data to the people who need it, our platforms empower our partners to develop lifesaving drugs, forecast supply chain disruptions, locate missing children, and more.


The Role

Mission Manager is Palantir’s single pane of glass for enabling US Government customers and vendors to run software securely and compliantly in the most sensitive environments, but without the overhead —whether connected, disconnected, cloud, or edge. Built on the strength of Palantir’s Apollo platform, it provides the critical infrastructure needed to rapidly onboard and deploy applications into a secure Kubernetes-based ecosystem, freeing our customers to focus on building and powering mission-critical systems.

The Mission Manager offering is still in its earliest days, and by joining us now, you’ll define the strategy for how we develop and scale it—witnessing firsthand the impact of your work on critical missions and the new capabilities you unlock. You’ll drive this by building elegant, robust user interfaces and APIs that bridge the gap between a raw Kubernetes cluster and a fully featured, infrastructure-agnostic runtime that can meet the operational demands of hundreds of specialized microservices. 

As a full-stack engineer, you’ll operate at the intersection of product, design, and engineering to deliver industry-leading UI/UX for our next-generation infrastructure management platform.  You’ll undertake this challenge alongside an energized team with a wide array of backgrounds and skillsets, all united by an ambitious vision for what’s possible.  
"
Full Stack Software Engineer - Apollo Platform,Palantir,"Seattle, WA",https://jobs.lever.co/palantir/8b61f9fe-fadd-423f-9c69-60a9dd8b831f,"A World-Changing Company

Palantir builds the world’s leading software for data-driven decisions and operations. By bringing the right data to the people who need it, our platforms empower our partners to develop lifesaving drugs, forecast supply chain disruptions, locate missing children, and more.


The Role

Apollo is Palantir's product that enables autonomous management and continuous deployment of mission critical software, wherever it is. We’re transforming the way organizations around the world deploy software: from on-premise, to various cloud providers, to disconnected environments (air-gapped), to strict accreditation frameworks, and to the edge.

As a Full Stack Engineer on the Apollo platform, you will be at the forefront of developing both client-facing and server-side features that enhance the experience of thousands of users. You will engineer seamless interfaces and robust backend services that simplify complex deployment and monitoring tasks. Your role will encompass conducting user interviews to understand their intricate workflows, collaborating on mockups with Product Designers, and building APIs and services that enable frontend functionality. You might find yourself automating workflows, writing and integrating frontend code with backend services, or developing scalable backend systems that power our platforms.

We're hiring engineers who act like owners and are passionate about the whole development lifecycle — not just fixing bugs or maintaining legacy code — from idea generation, user interviews, planning, design, prototyping, execution, shipping, and iteration.

Learn more about Apollo and all the things it can do!
"
Full Stack Software Engineer - Apollo Platform,Palantir,"New York, NY",https://jobs.lever.co/palantir/fdebc44f-b74a-4f7a-9d81-baa7bac66cba,"A World-Changing Company

Palantir builds the world’s leading software for data-driven decisions and operations. By bringing the right data to the people who need it, our platforms empower our partners to develop lifesaving drugs, forecast supply chain disruptions, locate missing children, and more.


The Role

Apollo is Palantir's product that enables autonomous management and continuous deployment of mission critical software, wherever it is. We’re transforming the way organizations around the world deploy software: from on-premise, to various cloud providers, to disconnected environments (air-gapped), to strict accreditation frameworks, and to the edge.

As a Full Stack Engineer on the Apollo platform, you will be at the forefront of developing both client-facing and server-side features that enhance the experience of thousands of users. You will engineer seamless interfaces and robust backend services that simplify complex deployment and monitoring tasks. Your role will encompass conducting user interviews to understand their intricate workflows, collaborating on mockups with Product Designers, and building APIs and services that enable frontend functionality. You might find yourself automating workflows, writing and integrating frontend code with backend services, or developing scalable backend systems that power our platforms.

We're hiring engineers who act like owners and are passionate about the whole development lifecycle — not just fixing bugs or maintaining legacy code — from idea generation, user interviews, planning, design, prototyping, execution, shipping, and iteration.

Learn more about Apollo and all the things it can do!
"
Full Stack Software Engineer - Application Development,Palantir,"New York, NY",https://jobs.lever.co/palantir/2da4be12-bc7a-4950-87db-e9d68d955ff7,"A World-Changing Company

Palantir builds the world’s leading software for data-driven decisions and operations. By bringing the right data to the people who need it, our platforms empower our partners to develop lifesaving drugs, forecast supply chain disruptions, locate missing children, and more.


The Role

Palantir Foundry is an end-to-end platform for data-driven decision-making. We're transforming the way organizations securely integrate their data, so they can then build reliable, critical applications atop that unified foundation. Our customers use Foundry to perform rich analyses that drive core operations within their organizations. They can also build sophisticated, full-fledged programs, such as common operating pictures, alert-triaging inboxes, and resource allocation planning tools driven by rich-ML models.

As a Full Stack Engineer focused on application development in Foundry, you will be responsible for crafting the tools used by thousands of users to build the sophisticated applications that power their businesses. You will be architecting and developing interfaces, state management and access patterns to support data-intensive workflows that are both powerful and approachable. You may spend one day interviewing users to better understand their needs and identifying product gaps to improve. The next day, you might find yourself considering that customer context along with signal gathered from other customers in different industries, brainstorming approaches to handling intricate UX needs with your teammates. 

You’ll regularly be faced with sophisticated technical problems, requiring you to scope out the solution design and finding an incremental path to shipping the new features. As part of this, you will own APIs and schemas that power your frontend code, or work with other backend engineers in developing them together.

We’re hiring engineers who are passionate about solving real-world problems and empowering both developers and end-users to work optimally. If you’re motivated to develop reliable, performant, and scalable systems, and to design robust APIs and primitives, this role offers the opportunity to make a significant impact on our products and the people who use them.

Frontline

Foundry Software Engineers may be offered the opportunity to Frontline, an exclusive program unlike any other. This unique, short-term assignment involves being embedded with customers, allowing you to work directly with users and gain firsthand insight into how our products are used and the challenges our customers face. Unlike traditional engineering roles, Frontline immerses you in complex, ambiguous problems, empowering you to deliver impactful solutions across some of the world’s most important industries and institutions.

Some of our most successful products were built on the factory floor, addressing real-world problems for the world's most important institutions. These products were developed by some of our most successful product engineers, who began their careers in roles aligned with Frontline responsibilities, gaining a deep understanding of both our technology and our customers.

Frontliners operate across a broad spectrum of responsibilities, much like a startup CTO. They work in small teams to own the end-to-end execution of high-stakes projects. This spectrum ranges from discussing architecture and building custom web apps to conducting workshops with users and strategizing with customer executives. No two days are alike, as each day is diverse and impactful. By witnessing how customers engage with Foundry and experiencing these pain points firsthand, you’ll gain unique insights that feed directly back into our development process, helping to refine and enhance our products. After your frontline rotation is complete, you will return to your regular role where you can apply the experience and understanding you’ve gained.
"
Full Stack Software Engineer - Application Development,Palantir,"London, United Kingdom",https://jobs.lever.co/palantir/c44510a1-9537-4c52-ae81-51546979fe47,"A World-Changing Company

Palantir builds the world’s leading software for data-driven decisions and operations. By bringing the right data to the people who need it, our platforms empower our partners to develop lifesaving drugs, forecast supply chain disruptions, locate missing children, and more.


The Role

Palantir Foundry is an end-to-end platform for data-driven decision-making. We're transforming the way organisations securely integrate their data, so they can then build reliable, critical applications atop that unified foundation. Our customers use Foundry to perform rich analyses that drive core operations within their organisations. They can also build sophisticated, full-fledged programs, such as common operating pictures, alert-triaging inboxes, and resource allocation planning tools driven by rich-ML models.

As a Full Stack Engineer focused on application development in Foundry, you will be responsible for crafting the tools used by thousands of users to build the sophisticated applications that power their businesses. You will be architecting and developing interfaces, state management and access patterns to support data-intensive workflows that are both powerful and approachable. You may spend one day interviewing users to better understand their needs and identifying product gaps to improve. The next day, you might find yourself considering that customer context along with signal gathered from other customers in different industries, brainstorming approaches to handling intricate UX needs with your teammates. 

You’ll regularly be faced with sophisticated technical problems, requiring you to scope out the solution design and finding an incremental path to shipping the new features. As part of this, you will own APIs and schemas that power your frontend code, or work with other backend engineers in developing them together.

We're hiring engineers who are passionate about solving real-world problems and empowering both customer app builders and end-users to do their work optimally. Below are some examples of the types of product work you’d get to do in this role:

Frontline

Foundry Software Engineers may be offered the opportunity to Frontline, an exclusive program unlike any other. This unique, short-term assignment involves being embedded with customers, allowing you to work directly with users and gain firsthand insight into how our products are used and the challenges our customers face. Unlike traditional engineering roles, Frontline immerses you in complex, ambiguous problems, empowering you to deliver impactful solutions across some of the world’s most important industries and institutions.

Some of our most successful products were built on the factory floor, addressing real-world problems for the world's most important institutions. These products were developed by some of our most successful product engineers, who began their careers in roles aligned with Frontline responsibilities, gaining a deep understanding of both our technology and our customers.

Frontliners operate across a broad spectrum of responsibilities, much like a startup CTO. They work in small teams to own the end-to-end execution of high-stakes projects. This spectrum ranges from discussing architecture and building custom web apps to conducting workshops with users and strategizing with customer executives. No two days are alike, as each day is diverse and impactful. By witnessing how customers engage with Foundry and experiencing these pain points firsthand, you’ll gain unique insights that feed directly back into our development process, helping to refine and enhance our products. After your frontline rotation is complete, you will return to your regular role where you can apply the experience and understanding you’ve gained.
"
Global Mobility Specialist,Palantir,"Washington, D.C.",https://jobs.lever.co/palantir/76b62a88-f991-4605-82ac-8834be151511,"A World-Changing Company

Palantir builds the world’s leading software for data-driven decisions and operations. By bringing the right data to the people who need it, our platforms empower our partners to develop lifesaving drugs, forecast supply chain disruptions, locate missing children, and more.


The Role
 
The Global Mobility Team supports the safe and seamless movement of Palantir employees around the world. We value building deep connections with the business to enable employees to go where they’re needed most to focus on the problems they are best equipped to solve.

As a Global Mobility Specialist, you will be part of a team of individuals who are just as passionate about supporting our employees as they are about Palantir’s mission. You will be responsible for leading all aspects of employee mobility in close coordination with our internal partners and external immigration counsel. You will build and maintain mobility workflows and frameworks that support our immigration practices, iterating and building resources in line with the company mission.

This position is based in our DC office and you may be required to travel occasionally to Palantir offices in the United States and EMEA.
"
Global Mobility Specialist,Palantir,"New York, NY",https://jobs.lever.co/palantir/cfdb534d-6d07-4a67-b055-a81ebbf47f88,"A World-Changing Company

Palantir builds the world’s leading software for data-driven decisions and operations. By bringing the right data to the people who need it, our platforms empower our partners to develop lifesaving drugs, forecast supply chain disruptions, locate missing children, and more.


The Role
 
The Global Mobility Team supports the safe and seamless movement of Palantir employees around the world. We value building deep connections with the business to enable employees to go where they’re needed most to focus on the problems they are best equipped to solve.

As a Global Mobility Specialist, you will be part of a team of individuals who are just as passionate about supporting our employees as they are about Palantir’s mission. You will be responsible for leading all aspects of employee mobility in close coordination with our internal partners and external immigration counsel. You will build and maintain mobility workflows and frameworks that support our immigration practices, iterating and building resources in line with the company mission.

This position is based in our New York office and you may be required to travel occasionally to Palantir offices in the United States and EMEA.
"
Government Contracts Specialist,Palantir,"London, United Kingdom",https://jobs.lever.co/palantir/6374282c-0330-4f98-b2a8-1afc4070f8f5,"A World-Changing Company

Palantir builds the world’s leading software for data-driven decisions and operations. By bringing the right data to the people who need it, our platforms empower our partners to develop lifesaving drugs, forecast supply chain disruptions, locate missing children, and more.


The Role

As a Government Contracts Specialist, you will enable Palantir to creatively navigate the UK Government procurement lifecycle and address the full gamut of our contractual obligations. You will be a member of Palantir's in-house UK Government Contracts team and will serve a critical function supporting our UK Government business. You will collaborate with partners in Business Development, Legal, Finance, Engineering, Sales, and Leadership to provide your valuable knowledge and insights into the government contracting process and keep pace with our diverse and expanding portfolio of Government contracts and partnerships. Government Contracts Specialists help manage contracts, implement procurement strategies, build relationships, and push deals across the finish line — reviewing and completing critical contract documentation, building pricing proposals, implementing company directives/policies, and supporting other projects that arise.

Government Contracts Specialists work directly on our highest value contracts, pre- and post- award. In this role, there is always a new challenge to conquer with opportunities for career growth and company impact.
"
Incident Management Engineer,Palantir,"London, United Kingdom",https://jobs.lever.co/palantir/0dd51d8f-aa78-49f9-ae39-e3b2daa082d1,"A World-Changing Company

Palantir builds the world’s leading software for data-driven decisions and operations. By bringing the right data to the people who need it, our platforms empower our partners to develop lifesaving drugs, forecast supply chain disruptions, locate missing children, and more.


The Role

Incident Management Engineers (IMEs) are the driving forces of stability across Palantir’s products. IMEs help to ensure Palantir fixes critical issues immediately. When something goes wrong, IMEs are the first to respond and are responsible for triaging, troubleshooting, and coordinating the resolution of the issue.

You’ll be a member of a centralized team responsible for managing the most critical outages. You are an excellent communicator, collaborator, and troubleshooter and can use both of these skills in fast-paced and high-stakes environments. You are able to parse technical details quickly and know when to ask for help when you need it.

Whatever the issue is, you are ensuring it gets resolved at a high bar as quickly and seamlessly as possible.
"
Incident Management Engineer,Palantir,"New York, NY",https://jobs.lever.co/palantir/b72abc17-293d-47e0-a094-c1ab0016b794,"A World-Changing Company

Palantir builds the world’s leading software for data-driven decisions and operations. By bringing the right data to the people who need it, our platforms empower our partners to develop lifesaving drugs, forecast supply chain disruptions, locate missing children, and more.


The Role

Incident Management Engineers (IMEs) are the driving forces of stability across Palantir’s products. IMEs help to ensure Palantir fixes critical issues immediately. When something goes wrong, IMEs are the first to respond and are responsible for triaging, troubleshooting, and coordinating the resolution of the issue.

You’ll be a member of a centralized team responsible for managing the most critical outages. You are an excellent communicator, collaborator, and troubleshooter and can use both of these skills in fast-paced and high-stakes environments. You are able to parse technical details quickly and know when to ask for help when you need it.

Whatever the issue is, you are ensuring it gets resolved at a high bar as quickly and seamlessly as possible.
"
Information Security Engineer,Palantir,"Seattle, WA",https://jobs.lever.co/palantir/1124402c-2088-40c6-b6aa-b9ef7777519b,"A World-Changing Company

Palantir builds the world’s leading software for data-driven decisions and operations. By bringing the right data to the people who need it, our platforms empower our partners to develop lifesaving drugs, forecast supply chain disruptions, locate missing children, and more.


The Role

As an Information Security Engineer, you are responsible for the security of Palantir’s people and infrastructure around the globe. Your technical expertise is second only to your integrity and real passion for security and technology in general. Our ideal candidate works well on a team, is highly motivated, and enjoys solving problems and taking on new challenges.

In this role, you’ll be the first line of defense for protecting Palantir. Your team is responsible for the 24/7 prevention, detection, and investigation of security events and active attacks across our entire infrastructure. Your work will directly impact the success of Palantir's mission as you seek to make it challenging for our adversaries and protect our global network.
"
Information Security Engineer,Palantir,"Washington, D.C.",https://jobs.lever.co/palantir/36703f67-6fae-445c-9277-f946121faaa0,"A World-Changing Company

Palantir builds the world’s leading software for data-driven decisions and operations. By bringing the right data to the people who need it, our platforms empower our partners to develop lifesaving drugs, forecast supply chain disruptions, locate missing children, and more.


The Role

As an Information Security Engineer, you are responsible for the security of Palantir’s people and infrastructure around the globe. Your technical expertise is second only to your integrity and real passion for security and technology in general. Our ideal candidate works well on a team, is highly motivated, and enjoys solving problems and taking on new challenges.

In this role, you’ll be the first line of defense for protecting Palantir. Your team is responsible for the 24/7 prevention, detection, and investigation of security events and active attacks across our entire infrastructure. Your work will directly impact the success of Palantir's mission as you seek to make it challenging for our adversaries and protect our global network.
"
Information Security Engineer,Palantir,"New York, NY",https://jobs.lever.co/palantir/e2a8360a-710a-4185-b2a9-3b7d9fe590b1,"A World-Changing Company

Palantir builds the world’s leading software for data-driven decisions and operations. By bringing the right data to the people who need it, our platforms empower our partners to develop lifesaving drugs, forecast supply chain disruptions, locate missing children, and more.


The Role

As an Information Security Engineer, you are responsible for the security of Palantir’s people and infrastructure around the globe. Your technical expertise is second only to your integrity and real passion for security and technology in general. Our ideal candidate works well on a team, is highly motivated, and enjoys solving problems and taking on new challenges.

In this role, you’ll be the first line of defense for protecting Palantir. Your team is responsible for the 24/7 prevention, detection, and investigation of security events and active attacks across our entire infrastructure. Your work will directly impact the success of Palantir's mission as you seek to make it challenging for our adversaries and protect our global network.
"
Information Systems Security Manager,Palantir,"New York, NY",https://jobs.lever.co/palantir/7e29b1cc-7f0d-4b12-b66c-4a2e56738d7e,"A World-Changing Company

Palantir builds the world’s leading software for data-driven decisions and operations. By bringing the right data to the people who need it, our platforms empower our partners to develop lifesaving drugs, forecast supply chain disruptions, locate missing children, and more.


The Role

Palantir's impact and productivity in the US Government (USG) space depends on our ability to navigate the world of government and industrial security efficiently and responsibly. As the Information Systems Security Manager (ISSM), you own the systems that enable our employees to productively use our USG facilities and related enclaves in support of critical DoD missions. You are responsible for maintaining compliance, building resilient infrastructure, managing access to systems, and partnering with users to address a myriad of problems they may encounter as they build advanced capabilities. Our ideal candidate demonstrates a keen instinct for balancing compliance and functionality, has a desire to learn new skills, and a passion for helping others. 
"
Legal Counsel,Palantir,"Washington, D.C.",https://jobs.lever.co/palantir/07103705-6312-4bb5-b088-4aa853587277,"A World-Changing Company

Palantir builds the world’s leading software for data-driven decisions and operations. By bringing the right data to the people who need it, our platforms empower our partners to develop lifesaving drugs, forecast supply chain disruptions, locate missing children, and more.


The Role

Palantir’s in-house legal team works to proactively address legal issues so that Palantir can continue to drive positive impact in the world. As Legal Counsel, you will be a key contributor to the legal team and to the company as a whole. You will work as a generalist on a wide array of commercial and corporate legal matters, from structuring and negotiating M&A, partnerships, joint ventures, and other corporate and commercial transactions, to working on regulatory and international legal issues. However, you will also be a specialist, helping us navigate the general corporate, equity compensation and governance-related complexities that we face around the world, particularly when we first begin engagements in a new country, while interacting directly with our legal and company leadership.

We are a team that values both creativity and teamwork. Whether operating solo or collaboratively, we endeavor to achieve great results on challenging, time-sensitive projects. You will be given open ended objectives and expected to find ways to turn them into outcomes. By focusing on the broad vision without losing sight of the details, you will be expected to bring large and multi-phase projects to successful completion while prioritizing team outcomes over individual wins. You will be expected to deliver complex information in an understandable way and manage high-touch stakeholders in a dynamic business landscape.

Our ideal candidate will enjoy the responsibility and autonomy that comes with owning problems and finding solutions. You are empathetic and able to effectively navigate a complex organization involving a wide variety of audiences, including under time-sensitive situations. You are ready to jump into a deal at a moment’s notice and become an expert on the intricate details of the transaction, corporate governance or equity compensation matters that enable Palantir to operate on a global scale. You are passionate about conceiving and implementing scalable systems that increase your impact, and that of the in-house legal team, over time.
"
Legal Counsel,Palantir,"Dubai, United Arab Emirates",https://jobs.lever.co/palantir/467cae95-b064-465c-8f66-3cb3fdfefcef,"A World-Changing Company

Palantir builds the world’s leading software for data-driven decisions and operations. By bringing the right data to the people who need it, our platforms empower our partners to develop lifesaving drugs, forecast supply chain disruptions, locate missing children, and more.


The Role

Palantir’s dynamic in-house legal team works to proactively address legal issues so that Palantir can continue to drive positive impact in the world. As Legal Counsel, you will be a key contributor to both the Legal team and the company as a whole. We’re a team that values both creativity and teamwork - whether operating solo or collaboratively, we endeavour to achieve great results on challenging, time-sensitive projects. You'll be given open ended objectives and will find ways to turn them into outcomes. By focusing on the broad vision without losing sight of the details, you'll bring large and multi-phase projects to successful completion while prioritising team outcomes over individual wins. You are able to deliver complex information in an understandable way, and can manage high touch stakeholders in a constantly shifting landscape.

You enjoy the responsibility that comes with owning problems and finding solutions. You are empathetic and able to effectively navigate a complex organisation involving a wide variety of audiences, including under time-sensitive situations. You are ready to jump into a deal at a moment’s notice and become an expert on the intricate details of the contracts that enable Palantir to implement its cutting-edge technology to solve real-world problems. You are passionate about conceiving and implementing scalable systems that increase your impact, and that of the in-house legal team, over time.
"
Legal Counsel,Palantir,"Palo Alto, CA",https://jobs.lever.co/palantir/697f0869-398c-464a-ac51-02cace820b3b,"A World-Changing Company

Palantir builds the world’s leading software for data-driven decisions and operations. By bringing the right data to the people who need it, our platforms empower our partners to develop lifesaving drugs, forecast supply chain disruptions, locate missing children, and more.


The Role

Palantir’s in-house legal team works to proactively address legal issues so that Palantir can continue to drive positive impact in the world. As Legal Counsel, you will be a key contributor to the legal team and to the company as a whole. You will work as a generalist on a wide array of commercial and corporate legal matters, from structuring and negotiating M&A, partnerships, joint ventures, and other corporate and commercial transactions, to working on regulatory and international legal issues. However, you will also be a specialist, helping us navigate the general corporate, equity compensation and governance-related complexities that we face around the world, particularly when we first begin engagements in a new country, while interacting directly with our legal and company leadership.

We are a team that values both creativity and teamwork. Whether operating solo or collaboratively, we endeavor to achieve great results on challenging, time-sensitive projects. You will be given open ended objectives and expected to find ways to turn them into outcomes. By focusing on the broad vision without losing sight of the details, you will be expected to bring large and multi-phase projects to successful completion while prioritizing team outcomes over individual wins. You will be expected to deliver complex information in an understandable way and manage high-touch stakeholders in a dynamic business landscape.

Our ideal candidate will enjoy the responsibility and autonomy that comes with owning problems and finding solutions. You are empathetic and able to effectively navigate a complex organization involving a wide variety of audiences, including under time-sensitive situations. You are ready to jump into a deal at a moment’s notice and become an expert on the intricate details of the transaction, corporate governance or equity compensation matters that enable Palantir to operate on a global scale. You are passionate about conceiving and implementing scalable systems that increase your impact, and that of the in-house legal team, over time.
"
Legal Counsel,Palantir,"Abu Dhabi, United Arab Emirates",https://jobs.lever.co/palantir/917e356a-dafa-49d2-a2ef-70768dc480b4,"A World-Changing Company

Palantir builds the world’s leading software for data-driven decisions and operations. By bringing the right data to the people who need it, our platforms empower our partners to develop lifesaving drugs, forecast supply chain disruptions, locate missing children, and more.


The Role

Palantir’s dynamic in-house legal team works to proactively address legal issues so that Palantir can continue to drive positive impact in the world. As Legal Counsel, you will be a key contributor to both the Legal team and the company as a whole. We’re a team that values both creativity and teamwork - whether operating solo or collaboratively, we endeavour to achieve great results on challenging, time-sensitive projects. You'll be given open ended objectives and will find ways to turn them into outcomes. By focusing on the broad vision without losing sight of the details, you'll bring large and multi-phase projects to successful completion while prioritising team outcomes over individual wins. You are able to deliver complex information in an understandable way, and can manage high touch stakeholders in a constantly shifting landscape.

You enjoy the responsibility that comes with owning problems and finding solutions. You are empathetic and able to effectively navigate a complex organisation involving a wide variety of audiences, including under time-sensitive situations. You are ready to jump into a deal at a moment’s notice and become an expert on the intricate details of the contracts that enable Palantir to implement its cutting-edge technology to solve real-world problems. You are passionate about conceiving and implementing scalable systems that increase your impact, and that of the in-house legal team, over time.
"
Legal Counsel,Palantir,"New York, NY",https://jobs.lever.co/palantir/c9e225fc-5497-4404-a7fc-b678ca3e630e,"A World-Changing Company

Palantir builds the world’s leading software for data-driven decisions and operations. By bringing the right data to the people who need it, our platforms empower our partners to develop lifesaving drugs, forecast supply chain disruptions, locate missing children, and more.


The Role

Palantir’s in-house legal team works to proactively address legal issues so that Palantir can continue to drive positive impact in the world. As Legal Counsel, you will be a key contributor to the legal team and to the company as a whole. You will work as a generalist on a wide array of commercial and corporate legal matters, from structuring and negotiating M&A, partnerships, joint ventures, and other corporate and commercial transactions, to working on regulatory and international legal issues. However, you will also be a specialist, helping us navigate the general corporate, equity compensation and governance-related complexities that we face around the world, particularly when we first begin engagements in a new country, while interacting directly with our legal and company leadership.

We are a team that values both creativity and teamwork. Whether operating solo or collaboratively, we endeavor to achieve great results on challenging, time-sensitive projects. You will be given open ended objectives and expected to find ways to turn them into outcomes. By focusing on the broad vision without losing sight of the details, you will be expected to bring large and multi-phase projects to successful completion while prioritizing team outcomes over individual wins. You will be expected to deliver complex information in an understandable way and manage high-touch stakeholders in a dynamic business landscape.

Our ideal candidate will enjoy the responsibility and autonomy that comes with owning problems and finding solutions. You are empathetic and able to effectively navigate a complex organization involving a wide variety of audiences, including under time-sensitive situations. You are ready to jump into a deal at a moment’s notice and become an expert on the intricate details of the transaction, corporate governance or equity compensation matters that enable Palantir to operate on a global scale. You are passionate about conceiving and implementing scalable systems that increase your impact, and that of the in-house legal team, over time.
"
Legal Counsel - Contracts,Palantir,"Palo Alto, CA",https://jobs.lever.co/palantir/26d2329e-cf38-4955-858e-9f84e11f9792,"A World-Changing Company

Palantir builds the world’s leading software for data-driven decisions and operations. By bringing the right data to the people who need it, our platforms empower our partners to develop lifesaving drugs, forecast supply chain disruptions, locate missing children, and more.


The Role

Palantir’s dynamic in-house legal team works to proactively address legal issues so that Palantir can continue to drive and deliver positive impact in the world. As Legal Counsel, you will provide critical support across the company by owning the drafting and negotiating process of a variety of in-bound third-party contracts, including vendor agreements, partnership agreements, and non-disclosure agreements. In this role, you will have the unique and exciting opportunity to develop, implement, and run Palantir’s contracting negotiation workflow that will exist across multiple internal teams and stakeholders. You’ll maintain focus on thoughtfully reducing risk across our in-bound contract requests while also holding the larger vision needed to bring a large and multi-stepped procurement workflow to completion. 

Our ideal candidate proactively and effectively issue spots to streamline the contracting and negotiating process while maintaining meticulously organization to handle a large volume of agreements in a fast-paced environment.  We seek a service-oriented individual who enjoys working collaboratively across an organization to solve problems and will strive to utilize technology and workflows in order to increase efficiency.  
"
Legal Counsel - Contracts,Palantir,"New York, NY",https://jobs.lever.co/palantir/2e2793a7-964e-43af-8ccb-61b9ba2478f4,"A World-Changing Company

Palantir builds the world’s leading software for data-driven decisions and operations. By bringing the right data to the people who need it, our platforms empower our partners to develop lifesaving drugs, forecast supply chain disruptions, locate missing children, and more.


The Role

Palantir’s dynamic in-house legal team works to proactively address legal issues so that Palantir can continue to drive and deliver positive impact in the world. As Legal Counsel, you will provide critical support across the company by owning the drafting and negotiating process of a variety of in-bound third-party contracts, including vendor agreements, partnership agreements, and non-disclosure agreements. In this role, you will have the unique and exciting opportunity to develop, implement, and run Palantir’s contracting negotiation workflow that will exist across multiple internal teams and stakeholders. You’ll maintain focus on thoughtfully reducing risk across our in-bound contract requests while also holding the larger vision needed to bring a large and multi-stepped procurement workflow to completion. 

Our ideal candidate proactively and effectively issue spots to streamline the contracting and negotiating process while maintaining meticulously organization to handle a large volume of agreements in a fast-paced environment.  We seek a service-oriented individual who enjoys working collaboratively across an organization to solve problems and will strive to utilize technology and workflows in order to increase efficiency.  
"
Legal Counsel - Contracts,Palantir,"Washington, D.C.",https://jobs.lever.co/palantir/95d6c12b-4e7c-4ba5-a3ee-8e5553fbbad4,"A World-Changing Company

Palantir builds the world’s leading software for data-driven decisions and operations. By bringing the right data to the people who need it, our platforms empower our partners to develop lifesaving drugs, forecast supply chain disruptions, locate missing children, and more.


The Role

Palantir’s dynamic in-house legal team works to proactively address legal issues so that Palantir can continue to drive and deliver positive impact in the world. As Legal Counsel, you will provide critical support across the company by owning the drafting and negotiating process of a variety of in-bound third-party contracts, including vendor agreements, partnership agreements, and non-disclosure agreements. In this role, you will have the unique and exciting opportunity to develop, implement, and run Palantir’s contracting negotiation workflow that will exist across multiple internal teams and stakeholders. You’ll maintain focus on thoughtfully reducing risk across our in-bound contract requests while also holding the larger vision needed to bring a large and multi-stepped procurement workflow to completion. 

Our ideal candidate proactively and effectively issue spots to streamline the contracting and negotiating process while maintaining meticulously organization to handle a large volume of agreements in a fast-paced environment.  We seek a service-oriented individual who enjoys working collaboratively across an organization to solve problems and will strive to utilize technology and workflows in order to increase efficiency.  
"
Meritocracy Fellowship,Palantir,"New York, NY",https://jobs.lever.co/palantir/7fa0ceca-c30e-48de-9b27-f98469c374f3,"A World-Changing Company

Palantir builds the world’s leading software for data-driven decisions and operations. By bringing the right data to the people who need it, our platforms empower our partners to develop lifesaving drugs, forecast supply chain disruptions, locate missing children, and more.

The Program

American universities have lost their way. Once incubators of meritocracy, today’s colleges prioritize other values. They reward conformity over originality, safety over risk, and comfort over truth. 

We launched the Meritocracy Fellowship to cultivate exceptional talent, increasingly overlooked, regardless of background. Based purely on merit and academic excellence, graduating high school students will be invited to interview, and select applicants will receive a Meritocracy Fellowship. Those that excel will obtain offers to join Palantir full time.

Skip the debt. Reclaim years of your life. Earn the Palantir degree.

The Curriculum

What is the West? Is it worth defending? In what ways is America exceptional within the Western world? At Palantir, Fellows begin their journey by exploring these fundamental questions through curated readings and seminars with leading experts. This initial period is designed to immerse Fellows in rigorous debate and open exchange of ideas—laying the intellectual foundation before they join forward-deployed engineering or internal software teams.

In our inaugural cohort, Fellows engaged with world-class historians, philosophers, scientists, writers, and technologists, including Gideon Rose, Edward Wittenstein, Bob McGrew, Reihan Salaam, Hal Brands, Shilo Brooks, Larry Arn, Mark Lilla, Lawrence Wright, Adam Klein, Brendan McCord, Lt. General (ret.) George Smith, Bob Langer, Itai Yanai, among others. They also learned from Palantirians such as Dr. Alex Karp, Shyam Sankar, Ted Mabrey, Akshay Krishnaswamy, Courtney Bowman, Nicholas Zamiska, Samantha Clark, Parvathy Menon, and more.

Our most vital technologies cannot be created by those indifferent to their purpose. Today’s challenges demand builders who are guided by conviction and a clear sense of mission.

The Role

Following the first part of the Fellowship, you’ll work alongside Forward Deployed Engineers and software developers to build software and deliver customer outcomes. In this role, the challenges you'll seek will require a curious and analytical approach, a sharp intuition for product, and a strong degree of user insight. You will be matched to roles based on your skills, interests, and experience.
"
Mixed Reality Developer,Palantir,"Washington, D.C.",https://jobs.lever.co/palantir/74aed644-d963-4c5d-b7a0-149bc35f9c50,"A World-Changing Company

Palantir builds the world’s leading software for data-driven decisions and operations. By bringing the right data to the people who need it, our platforms empower our partners to develop lifesaving drugs, forecast supply chain disruptions, locate missing children, and more.


The Role

As a Software Developer in Palantir’s Mixed Reality Group (MRG), you will join a Tier 1 team of researchers, 3D artists, immersive UX designers, and cross-discipline engineers to bring the most exquisite software of our time to the factory floor, the battlefield, and the briefing room. You will collaborate with customers, operators, MR designers, and Forward Deployed Engineers to deliver force-multiplying apps that exceed tomorrow’s requirements today. Further, you will work on high-impact, mission-critical flows in both 3D mixed reality and 2D end-user devices while fielding performance-sensitive infrastructure for bespoke next-generation mixed reality hardware, sensors, and data platforms.
"
Neurodivergent Fellowship,Palantir,"New York, NY",https://jobs.lever.co/palantir/61eaa54c-e1b7-4064-afad-f7df3d48d652,"A World-Changing Company

Palantir builds the world's leading software for data-driven decisions and operations. By bringing the right data to the people who need it, our platforms empower our partners to develop lifesaving technologies, forecast supply chain disruptions, locate missing children, improve the efficacy of the American government, and more.

The Program

Neurodivergent individuals will play a disproportionate role in shaping the future of America and the West. They see past performative ideologies and perceive beauty in the world that still exists — which technology and art can expose.

The current LLM tech landscape positions them to dominate. Pattern recognition. Non-linear thinking. Hyperfocus. The cognitive traits that make the neurodivergent different are precisely what make them exceptional in an AI-driven world.

Palantir is launching the Neurodivergent Fellowship as a recruitment pathway for exceptional neurodivergent talent. This is not a diversity initiative. We believe neurodivergent individuals will have a competitive advantage as elite builders of the next technological era, and we're hiring accordingly for all roles.

This program is designed for those who think differently, and that's the point. Whether you're self-taught, formally educated, or somewhere in between, we're looking for builders who can see patterns others miss and solutions others overlook.

The Role

You'll join Palantir as a full-time employee to build software and deliver customer outcomes. You'll work on real problems: helping customers deploy AI-powered solutions, building the software platforms of the future, and transforming how organizations operate. You'll be held to the same performance standards as any Palantir engineer, and your career progression will be based purely on merit and impact.

We move fast. We expect excellence. We don't require you to sit still.

What We’re Looking For

We want excellent people from any background (no formal diagnosis or disclosure required).
"
Neurodivergent Fellowship,Palantir,"Washington, D.C.",https://jobs.lever.co/palantir/fd952b52-7b9c-4056-a3dd-0bc41fcfe603,"A World-Changing Company

Palantir builds the world's leading software for data-driven decisions and operations. By bringing the right data to the people who need it, our platforms empower our partners to develop lifesaving technologies, forecast supply chain disruptions, locate missing children, improve the efficacy of the American government, and more.

The Program

Neurodivergent individuals will play a disproportionate role in shaping the future of America and the West. They see past performative ideologies and perceive beauty in the world that still exists — which technology and art can expose.

The current LLM tech landscape positions them to dominate. Pattern recognition. Non-linear thinking. Hyperfocus. The cognitive traits that make the neurodivergent different are precisely what make them exceptional in an AI-driven world.

Palantir is launching the Neurodivergent Fellowship as a recruitment pathway for exceptional neurodivergent talent. This is not a diversity initiative. We believe neurodivergent individuals will have a competitive advantage as elite builders of the next technological era, and we're hiring accordingly for all roles.

This program is designed for those who think differently, and that's the point. Whether you're self-taught, formally educated, or somewhere in between, we're looking for builders who can see patterns others miss and solutions others overlook.

The Role

You'll join Palantir as a full-time employee to build software and deliver customer outcomes. You'll work on real problems: helping customers deploy AI-powered solutions, building the software platforms of the future, and transforming how organizations operate. You'll be held to the same performance standards as any Palantir engineer, and your career progression will be based purely on merit and impact.

We move fast. We expect excellence. We don't require you to sit still.

What We’re Looking For

We want excellent people from any background (no formal diagnosis or disclosure required).
"
Operations Analyst - US Government,Palantir,"Honolulu, HI",https://jobs.lever.co/palantir/46530906-4822-4cce-ab86-ef7014d8547f,"A World-Changing Company

Palantir builds the world’s leading software for data-driven decisions and operations. By bringing the right data to the people who need it, our platforms empower our partners to develop lifesaving drugs, forecast supply chain disruptions, locate missing children, and more.


The Role

Operations Analysts track and stabilize projects, remove roadblocks, drive operational outcomes, and anticipate needs, allowing Palantir teams to focus on the problems they are best equipped to solve. This role requires a combination of operations, project management, process optimization, and execution skills.

In this role, you’ll demonstrate your strength in organization and innovate on ways to help the teams you support be as productive and impactful as possible. You’re resourceful and can drive towards a solution if things go awry. Communication is one of your greatest strengths and you excel at constructing order out of ambiguity.

You will also be responsible for driving projects forward and owning their operational outcomes. Our ideal candidate is innovative, collaborative, and can balance differing goals and viewpoints when identifying solutions. You will be part of a team of individuals who are just as passionate about supporting one another as they are about Palantir’s mission. We operate in a high accountability, high expectation environment where the goal is always to produce the best solution. Willingness to accept and respond to feedback is critical.
"
People Partner,Palantir,"New York, NY",https://jobs.lever.co/palantir/13eb1ff2-5da3-44b1-b6a9-b5f9d15b4c35,"A World-Changing Company

Palantir builds the world’s leading software for data-driven decisions and operations. By bringing the right data to the people who need it, our platforms empower our partners to develop lifesaving drugs, forecast supply chain disruptions, locate missing children, and more.


The Role

The People Partner team is dedicated to driving business outcomes by cultivating a highly effective and engaged workforce in partnership with key business leaders. We work closely with all teams and at all levels to improve talent development, manage performance, and facilitate feedback across the organization. We help empower Palantirians to be as effective and impactful as possible.  

People Partners work at both the strategic and tactical level. On any given day, we're designing new, scalable programs and frameworks, advising organizations on how to develop a culture of feedback, and iterating on how we can improve our efficacy as a team. People Partners regularly strike a balance between upside maximization initiatives (employee growth and development) and downside mitigation (performance, employee relations, etc.). We're involved in all the key moments of an employee's life cycle which results in a wide breadth of responsibilities and opportunities.
"
People Partner,Palantir,"Washington, D.C.",https://jobs.lever.co/palantir/99ab8dbd-fd69-4216-8c2a-09a202a1cb17,"A World-Changing Company

Palantir builds the world’s leading software for data-driven decisions and operations. By bringing the right data to the people who need it, our platforms empower our partners to develop lifesaving drugs, forecast supply chain disruptions, locate missing children, and more.


The Role

The People Partner team is dedicated to driving business outcomes by cultivating a highly effective and engaged workforce in partnership with key business leaders. We work closely with all teams and at all levels to improve talent development, manage performance, and facilitate feedback across the organization. We help empower Palantirians to be as effective and impactful as possible.  

People Partners work at both the strategic and tactical level. On any given day, we're designing new, scalable programs and frameworks, advising organizations on how to develop a culture of feedback, and iterating on how we can improve our efficacy as a team. People Partners regularly strike a balance between upside maximization initiatives (employee growth and development) and downside mitigation (performance, employee relations, etc.). We're involved in all the key moments of an employee's life cycle which results in a wide breadth of responsibilities and opportunities.
"
Platform Intelligence Engineer,Palantir,"New York, NY",https://jobs.lever.co/palantir/a753a9e7-a361-426b-9c25-3cf2488c1730,"A World-Changing Company

Palantir builds the world’s leading software for data-driven decisions and operations. By bringing the right data to the people who need it, our platforms empower our partners to develop lifesaving drugs, forecast supply chain disruptions, locate missing children, and more.


The Role

Platform Intelligence Engineers are the engine behind Palantir’s most strategic and important operations. Engineers are responsible for designing, creating, and maintaining the critical data infrastructure layer that powers decision-making across the business. This infrastructure enables teams to understand product usage, stability trends, cost efficiency, value creation, revenue streams, and more. 

As an Intelligence Engineer, you will partner with teammates and leaders across the business to address, measure, and evaluate Palantir’s internal strategic and tactical performance. You will keep business outcomes in mind as you develop data pipelines, perform analysis, and work with stakeholders to operationalize insights that propel the business forward.

Depending on which team you join, you might analyze cloud utilization, user metrics, stability KPIs, cost optimizations, or even model pricing changes all while ensuring best in class support for our partner teams.

You will use Palantir’s platforms, just as Palantir’s customers do, to clean and enrich troves of data from disparate sources, allowing you to unlock key insights, create visualizations and custom applications that help drive day-to-day outcomes. Teams across Palantir will consult with and rely on you to help guide planning and decision-making for a wide range of topics while balancing various sets of priorities and weighing costs.

About You

You are proficient in Python and have experience in a previous or current job writing code on a day-to-day basis. You understand the challenges of finding the right data to answer a problem, cleaning data, and then distilling findings to executive-level insights under extreme time pressure. You are a master data manipulator — able to design systems, implement pipelines, decomp existing codebases, and clearly present findings to leadership.

You are a problem solver who loves gathering information from various sources, analyzing and presenting your recommendations to technical teams, business partners, and Palantir leadership. You are a top-level communicator who thrives in both cross-timezone collaborations as well as individual projects. You feel comfortable working in a data-rich and dynamic environment, putting various pieces of the puzzle together to create a coherent picture.

This position will offer an exciting work environment, wide-ranging exposure, and a chance to create a measurable impact on Palantir’s operations, customer satisfaction and bottom line.
"
Privacy and Civil Liberties Software Engineer,Palantir,"New York, NY",https://jobs.lever.co/palantir/c6404cbe-60eb-4977-afb5-6e3c97ed5283,"A World-Changing Company

Palantir builds the world’s leading software for data-driven decisions and operations. By bringing the right data to the people who need it, our platforms empower our partners to develop lifesaving drugs, forecast supply chain disruptions, locate missing children, and more.


The Role

The Privacy and Civil Liberties (PCL) Engineering team is a mission-driven interdisciplinary team of Software Engineers, Data Scientists, Lawyers, and Applied Ethicists. The goal of the PCL team is to design, build, and deploy privacy-protective technologies and to foster a culture of responsibility around their development and use. Our team has deep expertise in privacy law and technology ethics, and PCL engineers translate legal and ethical requirements into software solutions.

As a Software Engineer on the PCL team, you will be responsible for designing and developing full-stack software products for privacy, data protection, and Responsible AI (AI explainability, fairness, transparency, testing & evaluation, etc.) across Palantir’s software platforms, including Foundry, Gotham, and AIP. The software that you build will directly help our customers, across industries and geographies, better meet their regulatory and ethical obligations. As part of this role, you will collaborate with technical and non-technical teammates to understand our customer’s problems as well as the latest trends in policy and regulation in order to build practical solutions for privacy and Responsible AI challenges. 

We’re hiring software engineers who are passionate about solving real-world problems and empowering our customers to carry out their workflows both effectively and responsibly. Below are some examples of the type of product work you’d get to do in this role:
"
Product Designer,Palantir,"London, United Kingdom",https://jobs.lever.co/palantir/2d8b7eaa-5c08-44ef-a0f0-5a96cee2794d,"A World-Changing Company

Palantir builds the world’s leading software for data-driven decisions and operations. By bringing the right data to the people who need it, our platforms empower our partners to develop lifesaving drugs, forecast supply chain disruptions, locate missing children, and more.


The Role

The Palantir Design Team is responsible for the human experience of using our software. Our team is growing rapidly, but we're committed to creating a tight-knit team environment that fosters trust, integrity, empathy, and growth. We work together in realising a shared product vision, and regularly give feedback and critique to each other.

Designing at Palantir is a varied experience. On a given day, you might be: leading a design sprint for your product team; designing a micro-interaction to make a complex analytical task feel simple; and/or advocating for UX consistency by creating flexible, reusable UI components.

You consider things like API documentation, SDK functionality, and developer onboarding and can speak the language of a developer. You have familiarity with existing developer tooling and have strong understanding of developer workflows. 

Core Responsibilities

•  Interaction and visual design. As a product designer, you'll be involved at every stage of design work. You'll help define early product concepts, flesh out the high-level workflow and micro-interactions of a feature, and execute on a crisp and effective visual design. You should have experience with mockup and prototyping tools.
•  User research. We frequently do informal user research, and value people who can be flexible with research processes and methodologies to achieve the right outcome.
•  Prototyping. You will prototype, both to communicate your designs and validate your decisions.
•  Partnering with engineers. We work closely with product and forward deployed engineers to realize our design ideas. You'll treat engineers as partners and collaborate with them to prototype and build out products.
•  Awareness of how software interfaces are built. Familiarity with HTML, CSS, Javascript, and Typescript is appreciated. You don't need to be an expert—just fluent enough to collaborate with engineers, and know what's possible with frontend technologies. Resources and mentorship are available to designers who want to learn more.

Designers at Palantir have great autonomy over their work, so a wide skill set is necessary. However, many designers on the team are also passionate experts in one area. You might be the kind of designer who ships code every week, or the kind of designer who shares detailed user research findings with your team.
"
Product Designer - US Government,Palantir,"New York, NY",https://jobs.lever.co/palantir/c2d11af1-5b84-4be0-92ac-36113fb8f2b5,"A World-Changing Company

Palantir builds the world’s leading software for data-driven decisions and operations. By bringing the right data to the people who need it, our platforms empower our partners to develop lifesaving drugs, forecast supply chain disruptions, locate missing children, and more.


The Role

The Palantir Design Team is responsible for the human experience of using our software. Our team is growing rapidly, but we're committed to creating a tight-knit team environment that fosters trust, integrity, empathy, and growth. We work together in realizing a shared product vision, and regularly give feedback and critique to each other.

Designing at Palantir is a varied experience. On a given day, you might be: leading a design sprint for your product team; designing a micro-interaction to make a complex analytical task feel simple; and/or advocating for UX consistency by creating flexible, reusable UI components.

Core Responsibilities

• Interaction and visual design. As a product designer, you'll be involved at every stage of design work. You'll help define early product concepts, flesh out the high-level workflow and micro-interactions of a feature, and execute on a crisp and effective visual design. You should have experience with some of the following mockup and prototyping tools: Sketch, Framer, Principle, Figma, Invision. 
• User research. We frequently do informal user research, and value people who can be flexible with research processes and methodologies to achieve the right outcome. You'll often visit customer offices to interview and learn from the users we serve. You'll pair qualitative methods (e.g. scripted usability tests and contextual inquiry) with quantitative information, like product and usage metrics.
• Prototyping. You will prototype—using software like Principle and Framer, or another favorite method—both to communicate your designs and validate your decisions.
• Partnering with engineers. We work closely with product and forward deployed engineers to realize our design ideas. You'll treat engineers as partners and collaborate with them to prototype and build out products.
• Awareness of how software interfaces are built. Familiarity with HTML, CSS, Javascript, and Typescript is appreciated. You don't need to be an expert—just fluent enough to collaborate with engineers, and know what's possible with frontend technologies. Resources and mentorship are available to designers who want to learn more.

Designers at Palantir have great autonomy over their work, so a wide skill set is necessary. However, many designers on the team are also passionate experts in one area. You might be the kind of designer who ships code every week, or the kind of designer who shares detailed user research findings with your team.
"
Product Designer - US Government,Palantir,"Washington, D.C.",https://jobs.lever.co/palantir/dc02f308-bbcc-4163-b4fb-3f68efb2ce24,"A World-Changing Company

Palantir builds the world’s leading software for data-driven decisions and operations. By bringing the right data to the people who need it, our platforms empower our partners to develop lifesaving drugs, forecast supply chain disruptions, locate missing children, and more.


The Role

The Palantir Design Team is responsible for the human experience of using our software. Our team is growing rapidly, but we're committed to creating a tight-knit team environment that fosters trust, integrity, empathy, and growth. We work together in realizing a shared product vision, and regularly give feedback and critique to each other.

Designing at Palantir is a varied experience. On a given day, you might be: leading a design sprint for your product team; designing a micro-interaction to make a complex analytical task feel simple; and/or advocating for UX consistency by creating flexible, reusable UI components.

Core Responsibilities

•  Interaction and visual design. As a product designer, you'll be involved at every stage of design work. You'll help define early product concepts, flesh out the high-level workflow and micro-interactions of a feature, and execute on a crisp and effective visual design. You should have experience with mockup and prototyping tools.
•  User research. We frequently do informal user research, and value people who can be flexible with research processes and methodologies to achieve the right outcome.
•  Prototyping. You will prototype, both to communicate your designs and validate your decisions.
•  Partnering with engineers. We work closely with product and forward deployed engineers to realize our design ideas. You'll treat engineers as partners and collaborate with them to prototype and build out products.
•  Awareness of how software interfaces are built. Familiarity with HTML, CSS, Javascript, and Typescript is appreciated. You don't need to be an expert—just fluent enough to collaborate with engineers, and know what's possible with frontend technologies. Resources and mentorship are available to designers who want to learn more.

Designers at Palantir have great autonomy over their work, so a wide skill set is necessary. However, many designers on the team are also passionate experts in one area. You might be the kind of designer who ships code every week, or the kind of designer who shares detailed user research findings with your team.
"
"Product Designer, Internship - US Government",Palantir,"New York, NY",https://jobs.lever.co/palantir/8f7bbffa-92aa-4d25-9586-943b3322a27d,"A World-Changing Company 

Palantir builds the world’s leading software for data-driven decisions and operations. By bringing the right data to the people who need it, our platforms empower our partners to develop lifesaving drugs, forecast supply chain disruptions, locate missing children, and more.


The Role

The Palantir Design Team is responsible for the human experience of using our software. Our team is growing rapidly, but we're committed to creating a tight-knit team environment that fosters trust, integrity, empathy, and growth. We work together in realizing a shared product vision, and regularly give feedback and critique to each other.

Designing at Palantir is a varied experience. On a given day, you might be: leading a design sprint for your product team; designing a micro-interaction to make a complex analytical task feel simple; and/or advocating for UX consistency by creating flexible, reusable UI components.
"
"Product Designer, Internship - US Government",Palantir,"Washington, D.C.",https://jobs.lever.co/palantir/fa060d94-f85d-4d02-be58-b81787fe57e5,"A World-Changing Company 

Palantir builds the world’s leading software for data-driven decisions and operations. By bringing the right data to the people who need it, our platforms empower our partners to develop lifesaving drugs, forecast supply chain disruptions, locate missing children, and more.


The Role

The Palantir Design Team is responsible for the human experience of using our software. Our team is growing rapidly, but we're committed to creating a tight-knit team environment that fosters trust, integrity, empathy, and growth. We work together in realizing a shared product vision, and regularly give feedback and critique to each other.

Designing at Palantir is a varied experience. On a given day, you might be: leading a design sprint for your product team; designing a micro-interaction to make a complex analytical task feel simple; and/or advocating for UX consistency by creating flexible, reusable UI components.
"
"Product Designer, New Grad",Palantir,"London, United Kingdom",https://jobs.lever.co/palantir/76161763-bafa-4ebb-a2ce-2a25e315b7d7,"A World-Changing Company

Palantir builds the world’s leading software for data-driven decisions and operations. By bringing the right data to the people who need it, our platforms empower our partners to develop lifesaving drugs, forecast supply chain disruptions, locate missing children, and more.


The Role

The Palantir Design Team is responsible for the human experience of using our software. Our team is growing rapidly, but we're committed to creating a tight-knit team environment that fosters trust, integrity, empathy, and growth. We work together in realising a shared product vision, and regularly give feedback and critique to each other.

Designing at Palantir is a varied experience. On a given day, you might be: leading a design sprint for your product team; designing a micro-interaction to make a complex analytical task feel simple; and/or advocating for UX consistency by creating flexible, reusable UI components.

You consider things like API documentation, SDK functionality, and developer onboarding and can speak the language of a developer. You have familiarity with existing developer tooling and have a strong understanding of developer workflows.
"
"Product Designer, New Grad - Developer Experience",Palantir,"New York, NY",https://jobs.lever.co/palantir/02fe0b60-6fc4-46dd-b0e3-e0d3da3aaa4d,"A World-Changing Company

Palantir builds the world’s leading software for data-driven decisions and operations. By bringing the right data to the people who need it, our platforms empower our partners to develop lifesaving drugs, forecast supply chain disruptions, locate missing children, and more.


The Role

The Palantir Design Team is responsible for the human experience of using our software. Our team is growing rapidly, but we're committed to creating a tight-knit team environment that fosters trust, integrity, empathy, and growth. We work together in realizing a shared product vision, and regularly give feedback and critique to each other.

Designing at Palantir is a varied experience. On a given day, you might be: leading a design sprint for your product team; designing a micro-interaction to make a complex analytical task feel simple; and/or advocating for UX consistency by creating flexible, reusable UI components.

You consider things like API documentation, SDK functionality, and developer onboarding and can speak the language of a developer. You have familiarity with existing developer tooling and have strong understanding of developer workflows. 
"
"Product Designer, New Grad - US Government",Palantir,"Washington, D.C.",https://jobs.lever.co/palantir/25378ba0-db78-4c70-8174-a05ce514fc65,"A World-Changing Company

Palantir builds the world’s leading software for data-driven decisions and operations. By bringing the right data to the people who need it, our platforms empower our partners to develop lifesaving drugs, forecast supply chain disruptions, locate missing children, and more.


The Role

The Palantir Design Team is responsible for the human experience of using our software. Our team is growing rapidly, but we're committed to creating a tight-knit team environment that fosters trust, integrity, empathy, and growth. We work together in realizing a shared product vision, and regularly give feedback and critique to each other.

Designing at Palantir is a varied experience. On a given day, you might be: leading a design sprint for your product team; designing a micro-interaction to make a complex analytical task feel simple; and/or advocating for UX consistency by creating flexible, reusable UI components.

Designers at Palantir develop a deep understanding of the problems our customers face while solving some of the world’s most unique challenges. Our mission is to build generalizable and scalable solutions that elegantly handle the complexity of these problem spaces.
"
"Product Designer, New Grad - US Government",Palantir,"New York, NY",https://jobs.lever.co/palantir/5f7a90e7-f927-47bf-90ed-52d17c58ae02,"A World-Changing Company

Palantir builds the world’s leading software for data-driven decisions and operations. By bringing the right data to the people who need it, our platforms empower our partners to develop lifesaving drugs, forecast supply chain disruptions, locate missing children, and more.


The Role

The Palantir Design Team is responsible for the human experience of using our software. Our team is growing rapidly, but we're committed to creating a tight-knit team environment that fosters trust, integrity, empathy, and growth. We work together in realizing a shared product vision, and regularly give feedback and critique to each other.

Designing at Palantir is a varied experience. On a given day, you might be: leading a design sprint for your product team; designing a micro-interaction to make a complex analytical task feel simple; and/or advocating for UX consistency by creating flexible, reusable UI components.

Designers at Palantir develop a deep understanding of the problems our customers face while solving some of the world’s most unique challenges. Our mission is to build generalizable and scalable solutions that elegantly handle the complexity of these problem spaces.
"
Sales,Palantir,"New York, NY",https://jobs.lever.co/palantir/24060586-7ba8-47c0-bfc1-f1dd5b82d8bd,"A World-Changing Company

Palantir builds the world’s leading software for data-driven decisions and operations. By bringing the right data to the people who need it, our platforms empower our partners to develop lifesaving drugs, forecast supply chain disruptions, locate missing children, and more.


The Role

Palantir’s US Sales team targets and partners with some of the largest institutions in the world, helping them solve their most mission critical problems. You will be partnering with these institutions while working alongside the brightest engineers in the field to deliver results. Our products are complex and extremely versatile which allow us to deliver value within hours or days as opposed to weeks or months. 

You will be responsible for engaging, evaluating, and delivering new and expansion business opportunities at targeted large institutions. Each partner (client) is different and has its own way of procuring software, and Palantir Sellers see these distinctions as opportunities - for value creation. Successful sellers tailor their approach to Palantir and to each unique opportunity, rather than relying on past strategies for selling other enterprise software.
"
Sales,Palantir,"Denver, CO",https://jobs.lever.co/palantir/339c469f-f967-4652-8d43-ad739460b673,"A World-Changing Company

Palantir builds the world’s leading software for data-driven decisions and operations. By bringing the right data to the people who need it, our platforms empower our partners to develop lifesaving drugs, forecast supply chain disruptions, locate missing children, and more.


The Role

Palantir’s US Sales team targets and partners with some of the largest institutions in the world, helping them solve their most mission critical problems. You will be partnering with these institutions while working alongside the brightest engineers in the field to deliver results. Our products are complex and extremely versatile which allow us to deliver value within hours or days as opposed to weeks or months. 

You will be responsible for engaging, evaluating, and delivering new and expansion business opportunities at targeted large institutions. Each partner (client) is different and has its own way of procuring software, and Palantir Sellers see these distinctions as opportunities - for value creation. Successful sellers tailor their approach to Palantir and to each unique opportunity, rather than relying on past strategies for selling other enterprise software.
"
Sales,Palantir,"Washington, D.C.",https://jobs.lever.co/palantir/7bcb2c19-315f-40b8-83f2-0925bb973357,"A World-Changing Company

Palantir builds the world’s leading software for data-driven decisions and operations. By bringing the right data to the people who need it, our platforms empower our partners to develop lifesaving drugs, forecast supply chain disruptions, locate missing children, and more.


The Role

Palantir’s US Sales team targets and partners with some of the largest institutions in the world, helping them solve their most mission critical problems. You will be partnering with these institutions while working alongside the brightest engineers in the field to deliver results. Our products are complex and extremely versatile which allow us to deliver value within hours or days as opposed to weeks or months. 

You will be responsible for engaging, evaluating, and delivering new and expansion business opportunities at targeted large institutions. Each partner (client) is different and has its own way of procuring software, and Palantir Sellers see these distinctions as opportunities - for value creation. Successful sellers tailor their approach to Palantir and to each unique opportunity, rather than relying on past strategies for selling other enterprise software.
"
Security Controller,Palantir,"London, United Kingdom",https://jobs.lever.co/palantir/376064b4-c119-45b5-923d-6ebbb19ec684,"A World-Changing Company

Palantir builds the world’s leading software for data-driven decisions and operations. By bringing the right data to the people who need it, our platforms empower our partners to develop lifesaving drugs, forecast supply chain disruptions, locate missing children, and more.


The Role

Palantir’s impact and productivity in the UK Government (UKG) sector rely on our ability to navigate government and industrial security efficiently and responsibly. We are seeking a highly organized, security-focused professional to lead policy and process development and execution around personnel security and clearances, partnering closely with business leaders to support our mission.

As a Security Controller on Palantir’s UKG Security Team, you will:
• Manage the personnel clearance programme, secure facilities, and sensitive systems.
• Ensure compliance with security policies, regulations, and processes within complex organisations.
• Deliver exceptional knowledge and customer service to Palantir personnel, enabling them to drive the business forward.

In this multi-faceted role, you will also serve as:
• Crypto Custodian: Safeguarding digital and cryptographic assets, managing the full lifecycle of cryptographic materials, and maintaining robust security standards.
• Compartmented Security Officer: Implementing stringent security protocols for UKG’s most sensitive intelligence and acting as the primary liaison with UK Intelligence and Defence partners.

Join a team of tenacious, resourceful individuals who challenge conventional approaches and are committed to delivering faster, better outcomes for our customers. You will have the opportunity to shape security strategy, reimagine processes, and make a tangible impact on national security missions.
"
Senior Front End Software Engineer - Application Development,Palantir,"London, United Kingdom",https://jobs.lever.co/palantir/4e7d0732-f477-4c7a-aac9-abd62f8c9987,"A World-Changing Company

Palantir builds the world’s leading software for data-driven decisions and operations. By bringing the right data to the people who need it, our platforms empower our partners to develop lifesaving drugs, forecast supply chain disruptions, locate missing children, and more.


The Role

Palantir Foundry is an end-to-end platform for data-driven decision-making. We're transforming the way organizations securely integrate their data, so they can then build reliable, critical applications atop that unified foundation. Our customers use Foundry to perform rich analyses that drive core operations within their organizations. They can also build sophisticated, full-fledged programs, such as common operating pictures, alert-triaging inboxes, and resource allocation planning tools driven by rich-ML models.

As a Senior Front End Software Engineer focused on application development in Foundry, you will be responsible for crafting the tools used by thousands of users to build the sophisticated applications that power their businesses. You will be architecting and developing interfaces, state management and access patterns to support data-intensive workflows that are both powerful and approachable. You may spend one day interviewing users to better understand their needs and identifying product gaps to improve. The next day, you might find yourself considering that customer context along with signal gathered from other customers in different industries, brainstorming approaches to handling intricate UX needs with your teammates. 

You’ll regularly be faced with sophisticated technical problems, requiring you to scope out the solution design and finding an incremental path to shipping the new features. As part of this, you will own APIs and schemas that power your frontend code, or work with other backend engineers in developing them together.

We’re hiring engineers who are passionate about solving real-world problems and empowering both developers and end-users to work optimally. If you’re motivated to develop reliable, performant, and scalable systems, and to design robust APIs and primitives, this role offers the opportunity to make a significant impact on our products and the people who use them.

Frontline

Foundry Software Engineers may be offered the opportunity to Frontline, an exclusive program unlike any other. This unique, short-term assignment involves being embedded with customers, allowing you to work directly with users and gain firsthand insight into how our products are used and the challenges our customers face. Unlike traditional engineering roles, Frontline immerses you in complex, ambiguous problems, empowering you to deliver impactful solutions across some of the world’s most important industries and institutions.

Some of our most successful products were built on the factory floor, addressing real-world problems for the world's most important institutions. These products were developed by some of our most successful product engineers, who began their careers in roles aligned with Frontline responsibilities, gaining a deep understanding of both our technology and our customers.

Frontliners operate across a broad spectrum of responsibilities, much like a startup CTO. They work in small teams to own the end-to-end execution of high-stakes projects. This spectrum ranges from discussing architecture and building custom web apps to conducting workshops with users and strategizing with customer executives. No two days are alike, as each day is diverse and impactful. By witnessing how customers engage with Foundry and experiencing these pain points firsthand, you’ll gain unique insights that feed directly back into our development process, helping to refine and enhance our products. After your frontline rotation is complete, you will return to your regular role where you can apply the experience and understanding you’ve gained.
"
Senior Front End Software Engineer - Application Development,Palantir,"New York, NY",https://jobs.lever.co/palantir/d2a87a1d-63f4-4dcd-b0d0-f6be91fed4d3,"A World-Changing Company

Palantir builds the world’s leading software for data-driven decisions and operations. By bringing the right data to the people who need it, our platforms empower our partners to develop lifesaving drugs, forecast supply chain disruptions, locate missing children, and more.


The Role

Palantir Foundry is an end-to-end platform for data-driven decision-making. We're transforming the way organizations securely integrate their data, so they can then build reliable, critical applications atop that unified foundation. Our customers use Foundry to perform rich analyses that drive core operations within their organizations. They can also build sophisticated, full-fledged programs, such as common operating pictures, alert-triaging inboxes, and resource allocation planning tools driven by rich-ML models.

As a Senior Front End Software Engineer focused on application development in Foundry, you will be responsible for crafting the tools used by thousands of users to build the sophisticated applications that power their businesses. You will be architecting and developing interfaces, state management and access patterns to support data-intensive workflows that are both powerful and approachable. You may spend one day interviewing users to better understand their needs and identifying product gaps to improve. The next day, you might find yourself considering that customer context along with signal gathered from other customers in different industries, brainstorming approaches to handling intricate UX needs with your teammates. 

You’ll regularly be faced with sophisticated technical problems, requiring you to scope out the solution design and finding an incremental path to shipping the new features. As part of this, you will own APIs and schemas that power your frontend code, or work with other backend engineers in developing them together.

We’re hiring engineers who are passionate about solving real-world problems and empowering both developers and end-users to work optimally. If you’re motivated to develop reliable, performant, and scalable systems, and to design robust APIs and primitives, this role offers the opportunity to make a significant impact on our products and the people who use them.

Frontline

Foundry Software Engineers may be offered the opportunity to Frontline, an exclusive program unlike any other. This unique, short-term assignment involves being embedded with customers, allowing you to work directly with users and gain firsthand insight into how our products are used and the challenges our customers face. Unlike traditional engineering roles, Frontline immerses you in complex, ambiguous problems, empowering you to deliver impactful solutions across some of the world’s most important industries and institutions.

Some of our most successful products were built on the factory floor, addressing real-world problems for the world's most important institutions. These products were developed by some of our most successful product engineers, who began their careers in roles aligned with Frontline responsibilities, gaining a deep understanding of both our technology and our customers.

Frontliners operate across a broad spectrum of responsibilities, much like a startup CTO. They work in small teams to own the end-to-end execution of high-stakes projects. This spectrum ranges from discussing architecture and building custom web apps to conducting workshops with users and strategizing with customer executives. No two days are alike, as each day is diverse and impactful. By witnessing how customers engage with Foundry and experiencing these pain points firsthand, you’ll gain unique insights that feed directly back into our development process, helping to refine and enhance our products. After your frontline rotation is complete, you will return to your regular role where you can apply the experience and understanding you’ve gained.
"
Senior Software Engineer - Autonomous Systems,Palantir,"Seattle, WA",https://jobs.lever.co/palantir/88f8f593-af1f-4d27-9042-454c24a64d3f,"A World-Changing Company

Palantir builds the world’s leading software for data-driven decisions and operations. By bringing the right data to the people who need it, our platforms empower our partners to develop lifesaving drugs, forecast supply chain disruptions, locate missing children, and more.


The Role

We are seeking an experienced Senior Software Engineer to join a newly-formed team focused on developing advanced autonomous systems for area defense. This role involves building state-of-the-art solutions combining sensors, effectors, and intelligent decision-making systems to protect civilian and military installations from a variety of threats, including drone attacks.

As a part of this team, you will contribute directly to the development of autonomous systems that integrate sensors (radar, cameras, RF, and other modalities) with real-time response actuation through effectors such as kinetic and non-kinetic systems or drone swarms. You will work alongside other experts in sensing, artificial intelligence, and systems engineering to shape solutions that redefine complex area defense scenarios.
"
Senior Software Engineer - Observability,Palantir,"New York, NY",https://jobs.lever.co/palantir/8a95dba1-b814-4243-be14-eba1df340ceb,"A World-Changing Company

Palantir builds the world’s leading software for data-driven decisions and operations. By bringing the right data to the people who need it, our platforms empower our partners to develop lifesaving drugs, forecast supply chain disruptions, locate missing children, and more.


The Role

As a Senior Software Engineer, you will be directly responsible for Palantir’s observability platform. This includes everything from log/metric/trace ingestion and processing, monitoring and alerting solutions, and all other workflows on top of the observability data. This role will have a direct impact on Palantir’s ability to scale our engineering efforts through these investments. You have a deep systems background and value technical excellence, and consistently raise the bar for your team’s technical execution. You know how to balance providing value to your users while building defensive systems that are operationally sound and easy to maintain. 
"
"Senior Software Engineer, Network Infrastructure",Palantir,"Seattle, WA",https://jobs.lever.co/palantir/39c57909-ae76-4c86-9290-9fb50c689c4f,"A World-Changing Company

Palantir builds the world’s leading software for data-driven decisions and operations. By bringing the right data to the people who need it, our platforms empower our partners to develop lifesaving drugs, forecast supply chain disruptions, locate missing children, and more.


The Role

As a Senior Software Engineer on Network Infrastructure you will be joining a team whose mission is to make a highly dynamic and intricate Kubernetes networking tech stack a pleasure to interact with, in addition to being legible, robust and secure.

The Network Infrastructure team owns the tech responsible for north-south and east-west traffic flows across 100s of zero-trust K8s clusters running variable workloads. The team solves the novel technical challenges emergent at the intersection of scale, usability and security: enabling dynamic control over ephemeral infrastructure (10s of thousands of firewall rules targeting 1000s of short-lived pods) across multiple compliance regimes, using CNCF tools like envoy, cilium with K8s controllers to operate them. In this role, you will be working in one of the most technically challenging spaces at Palantir.
"
"Senior Software Engineer, Network Infrastructure",Palantir,"New York, NY",https://jobs.lever.co/palantir/55005ee7-4e06-4520-b569-f6e8f26745cb,"A World-Changing Company

Palantir builds the world’s leading software for data-driven decisions and operations. By bringing the right data to the people who need it, our platforms empower our partners to develop lifesaving drugs, forecast supply chain disruptions, locate missing children, and more.


The Role

As a Senior Software Engineer on Network Infrastructure you will be joining a team whose mission is to make a highly dynamic and intricate Kubernetes networking tech stack a pleasure to interact with, in addition to being legible, robust and secure.

The Network Infrastructure team owns the tech responsible for north-south and east-west traffic flows across 100s of zero-trust K8s clusters running variable workloads. The team solves the novel technical challenges emergent at the intersection of scale, usability and security: enabling dynamic control over ephemeral infrastructure (10s of thousands of firewall rules targeting 1000s of short-lived pods) across multiple compliance regimes, using CNCF tools like envoy, cilium with K8s controllers to operate them. In this role, you will be working in one of the most technically challenging spaces at Palantir.
"
"Senior Software Engineer, Network Infrastructure",Palantir,"Washington, D.C.",https://jobs.lever.co/palantir/89a77547-8b74-45b2-8590-f04b16e19a59,"A World-Changing Company

Palantir builds the world’s leading software for data-driven decisions and operations. By bringing the right data to the people who need it, our platforms empower our partners to develop lifesaving drugs, forecast supply chain disruptions, locate missing children, and more.


The Role

As a Senior Software Engineer on Network Infrastructure you will be joining a team whose mission is to make a highly dynamic and intricate Kubernetes networking tech stack a pleasure to interact with, in addition to being legible, robust and secure.

The Network Infrastructure team owns the tech responsible for north-south and east-west traffic flows across 100s of zero-trust K8s clusters running variable workloads. The team solves the novel technical challenges emergent at the intersection of scale, usability and security: enabling dynamic control over ephemeral infrastructure (10s of thousands of firewall rules targeting 1000s of short-lived pods) across multiple compliance regimes, using CNCF tools like envoy, cilium with K8s controllers to operate them. In this role, you will be working in one of the most technically challenging spaces at Palantir.
"
"Senior Software Engineer, Substrate",Palantir,"Washington, D.C.",https://jobs.lever.co/palantir/26176860-7b27-412a-9959-d8b8705acf53,"A World-Changing Company

Palantir builds the world’s leading software for data-driven decisions and operations. By bringing the right data to the people who need it, our platforms empower our partners to develop lifesaving drugs, forecast supply chain disruptions, locate missing children, and more.


The Role

Substrate is the team responsible for Palantir’s core production infrastructure — 100s of K8s clusters — from on-prem to the major cloud hyperscalers, whether they are internet-connected or air-gapped, small hardware footprint or large. As a Senior Software Engineer on Substrate, you will design and build Palantir’s managed Kubernetes product offerings across all these environments.

You and your team will be responsible for bootstrapping and operating the entire fleet of K8s clusters with zero manual steps by building industry leading tooling and contributing to core CNCF components. You will also be responsible for ensuring scale, stability and security across a matrix of compliance regimes and hosting infrastructure types. Your team culture emphasizes engineering rigor and operational excellence at scale. This means issues in production should be pre-empted and deeply root-caused, and investments in automation and self-healing systems are key.

If you’re excited about infrastructure at scale and working with Kubernetes, this is the right role for you.
"
"Senior Software Engineer, Substrate",Palantir,"New York, NY",https://jobs.lever.co/palantir/68d690cf-fc8a-4755-9b69-abe13f93d262,"A World-Changing Company

Palantir builds the world’s leading software for data-driven decisions and operations. By bringing the right data to the people who need it, our platforms empower our partners to develop lifesaving drugs, forecast supply chain disruptions, locate missing children, and more.


The Role

Substrate is the team responsible for Palantir’s core production infrastructure — 100s of K8s clusters — from on-prem to the major cloud hyperscalers, whether they are internet-connected or air-gapped, small hardware footprint or large. As a Senior Software Engineer on Substrate, you will design and build Palantir’s managed Kubernetes product offerings across all these environments.

You and your team will be responsible for bootstrapping and operating the entire fleet of K8s clusters with zero manual steps by building industry leading tooling and contributing to core CNCF components. You will also be responsible for ensuring scale, stability and security across a matrix of compliance regimes and hosting infrastructure types. Your team culture emphasizes engineering rigor and operational excellence at scale. This means issues in production should be pre-empted and deeply root-caused, and investments in automation and self-healing systems are key.

If you’re excited about infrastructure at scale and working with Kubernetes, this is the right role for you.
"
"Senior Software Engineer, Substrate",Palantir,"London, United Kingdom",https://jobs.lever.co/palantir/b80d45be-7fe8-4a11-b159-65551320c61f,"A World-Changing Company

Palantir builds the world’s leading software for data-driven decisions and operations. By bringing the right data to the people who need it, our platforms empower our partners to develop lifesaving drugs, forecast supply chain disruptions, locate missing children, and more.


The Role

Substrate is the team responsible for Palantir’s core production infrastructure — 100s of K8s clusters — from on-prem to the major cloud hyperscalers, whether they are internet-connected or air-gapped, small hardware footprint or large. As a Senior Software Engineer on Substrate, you will design and build Palantir’s managed Kubernetes product offerings across all these environments.

You and your team will be responsible for bootstrapping and operating the entire fleet of K8s clusters with zero manual steps by building industry leading tooling and contributing to core CNCF components. You will also be responsible for ensuring scale, stability and security across a matrix of compliance regimes and hosting infrastructure types. Your team culture emphasizes engineering rigor and operational excellence at scale. This means issues in production should be pre-empted and deeply root-caused, and investments in automation and self-healing systems are key.

If you’re excited about infrastructure at scale and working with Kubernetes, this is the right role for you.
"
"Senior Software Engineer, Substrate",Palantir,"Seattle, WA",https://jobs.lever.co/palantir/c38bb622-6f8e-43a1-8ae7-32291da328a8,"A World-Changing Company

Palantir builds the world’s leading software for data-driven decisions and operations. By bringing the right data to the people who need it, our platforms empower our partners to develop lifesaving drugs, forecast supply chain disruptions, locate missing children, and more.


The Role

Substrate is the team responsible for Palantir’s core production infrastructure — 100s of K8s clusters — from on-prem to the major cloud hyperscalers, whether they are internet-connected or air-gapped, small hardware footprint or large. As a Senior Software Engineer on Substrate, you will design and build Palantir’s managed Kubernetes product offerings across all these environments.

You and your team will be responsible for bootstrapping and operating the entire fleet of K8s clusters with zero manual steps by building industry leading tooling and contributing to core CNCF components. You will also be responsible for ensuring scale, stability and security across a matrix of compliance regimes and hosting infrastructure types. Your team culture emphasizes engineering rigor and operational excellence at scale. This means issues in production should be pre-empted and deeply root-caused, and investments in automation and self-healing systems are key.

If you’re excited about infrastructure at scale and working with Kubernetes, this is the right role for you.
"
Site Reliability Operations Analyst - Commercial,Palantir,"New York, NY",https://jobs.lever.co/palantir/5174e95b-2e0a-46f8-8db7-e2c837a0ac94,"A World-Changing Company

Palantir builds the world’s leading software for data-driven decisions and operations. By bringing the right data to the people who need it, our platforms empower our partners to develop lifesaving drugs, forecast supply chain disruptions, locate missing children, and more.


The Role

As a Site Reliability Operations Analyst you are the engine behind Palantir deployments. You are responsible for crafting, implementing and executing processes to streamline workflows and reduce friction. You track and stabilize projects, remove roadblocks, and anticipate customer needs to free up our engineers to focus their time and attention on the technical problems they are best equipped to solve.

This position requires a combination of project management, process optimization, and execution skills. You are a person who loves fixing problems and always embraces the best idea, even when it is not your own.
"
Site Reliability Operations Analyst - Commercial,Palantir,"Seoul, South Korea",https://jobs.lever.co/palantir/b3927d7f-ffd8-43e2-bd92-c0c770857e4b,"A World-Changing Company

Palantir builds the world’s leading software for data-driven decisions and operations. By bringing the right data to the people who need it, our platforms empower our partners to develop lifesaving drugs, forecast supply chain disruptions, locate missing children, and more.


The Role

As a Site Reliability Operations Analyst you are the engine behind Palantir deployments. You are responsible for crafting, implementing and executing processes to streamline workflows and reduce friction. You track and stabilize projects, remove roadblocks, and anticipate customer needs to free up our engineers to focus their time and attention on the technical problems they are best equipped to solve.

This position requires a combination of project management, process optimization, and execution skills. You are a person who loves fixing problems and always embraces the best idea, even when it is not your own.
"
Site Reliability Operations Analyst - US Government,Palantir,"Washington, D.C.",https://jobs.lever.co/palantir/38758e88-5884-4a11-98ac-d23cab51bc7a,"A World-Changing Company

Palantir builds the world’s leading software for data-driven decisions and operations. By bringing the right data to the people who need it, our platforms empower our partners to develop lifesaving drugs, forecast supply chain disruptions, locate missing children, and more.


The Role

As a Site Reliability Operations Analyst you are the engine behind Palantir deployments. You are responsible for crafting, implementing and executing processes to streamline workflows and reduce friction. You track and stabilize projects, remove roadblocks, and anticipate customer needs to free up our engineers to focus their time and attention on the technical problems they are best equipped to solve.

This position requires a combination of project management, process optimization, and execution skills. You are a person who loves fixing problems and always embraces the best idea, even when it is not your own.
"
Site Reliability Operations Analyst - US Government,Palantir,"New York, NY",https://jobs.lever.co/palantir/7d91ca36-1e23-4603-b0f1-82a835e27d3f,"A World-Changing Company

Palantir builds the world’s leading software for data-driven decisions and operations. By bringing the right data to the people who need it, our platforms empower our partners to develop lifesaving drugs, forecast supply chain disruptions, locate missing children, and more.


The Role

As a Site Reliability Operations Analyst you are the engine behind Palantir deployments. You are responsible for crafting, implementing and executing processes to streamline workflows and reduce friction. You track and stabilize projects, remove roadblocks, and anticipate customer needs to free up our engineers to focus their time and attention on the technical problems they are best equipped to solve.

This position requires a combination of project management, process optimization, and execution skills. You are a person who loves fixing problems and always embraces the best idea, even when it is not your own.
"
Software Engineer - Apollo Platform,Palantir,"New York, NY",https://jobs.lever.co/palantir/8f308f3e-43d2-49c9-accd-cc7af0f1565c,"A World-Changing Company

Palantir builds the world’s leading software for data-driven decisions and operations. By bringing the right data to the people who need it, our platforms empower our partners to develop lifesaving drugs, forecast supply chain disruptions, locate missing children, and more.


The Role

Are you excited about building world class platforms that power mission critical software at a huge scale? Apollo enables autonomous management and continuous deployment of software, wherever it is. We’re taking SAAS to where SAAS has not gone before: from on-premise, to various cloud providers, to disconnected environments (air-gapped), to strict accreditation frameworks including IL-5 and FedRAMP, and to the edge. You can read more about the problem Apollo was built to solve on our blog or watch our Apollo demo day.

As a Software Engineer on the Apollo platform you will build software at scale to transform how organizations around the world deploy software. You will be responsible for mission critical software powering deployment of software for both Palantir and its customers in the commercial and government space.

You have a curious mind, high bar for engineering quality and ability to work in a dynamic environment where the best idea wins. Apollo Software Engineers are involved throughout the product lifecycle. From idea generation, to design and prototyping, to execution, and shipping. As a Software Engineer, you'll collaborate closely with technical and non-technical counterparts to understand our customers' problems and build products that solve them.

Please note that this posting is open to all levels of experience. 
"
Software Engineer - Apollo Platform,Palantir,"Seattle, WA",https://jobs.lever.co/palantir/afea07a8-2721-45e6-a9ca-6580f3f9783c,"A World-Changing Company

Palantir builds the world’s leading software for data-driven decisions and operations. By bringing the right data to the people who need it, our platforms empower our partners to develop lifesaving drugs, forecast supply chain disruptions, locate missing children, and more.


The Role

Are you excited about building world class platforms that power mission critical software at a huge scale? Apollo enables autonomous management and continuous deployment of software, wherever it is. We’re taking SAAS to where SAAS has not gone before: from on-premise, to various cloud providers, to disconnected environments (air-gapped), to strict accreditation frameworks including IL-5 and FedRAMP, and to the edge. You can read more about the problem Apollo was built to solve on our blog or watch our Apollo demo day.

As a Software Engineer on the Apollo platform you will build software at scale to transform how organizations around the world deploy software. You will be responsible for mission critical software powering deployment of software for both Palantir and its customers in the commercial and government space.

You have a curious mind, high bar for engineering quality and ability to work in a dynamic environment where the best idea wins. Apollo Software Engineers are involved throughout the product lifecycle. From idea generation, to design and prototyping, to execution, and shipping. As a Software Engineer, you'll collaborate closely with technical and non-technical counterparts to understand our customers' problems and build products that solve them.

Please note that this posting is open to all levels of experience. 
"
Software Engineer - Apollo Platform,Palantir,"London, United Kingdom",https://jobs.lever.co/palantir/f75cb0d2-6608-450b-848e-0f27937c930d,"A World-Changing Company

Palantir builds the world’s leading software for data-driven decisions and operations. By bringing the right data to the people who need it, our platforms empower our partners to develop lifesaving drugs, forecast supply chain disruptions, locate missing children, and more.


The Role

Are you excited about building world class platforms that power mission critical software at a huge scale? Apollo enables autonomous management and continuous deployment of software, wherever it is. We’re taking SAAS to where SAAS has not gone before: from on-premise, to various cloud providers, to disconnected environments (air-gapped), to strict accreditation frameworks including IL-5 and FedRAMP, and to the edge. You can read more about the problem Apollo was built to solve on our blog or watch our Apollo demo day.

As a Software Engineer on the Apollo platform you will build software at scale to transform how organisations around the world deploy software. You will be responsible for mission critical software powering deployment of software for both Palantir and its customers in the commercial and government space.

You have a curious mind, high bar for engineering quality and ability to work in a dynamic environment where the best idea wins. Apollo Software Engineers are involved throughout the product lifecycle. From idea generation, to design and prototyping, to execution, and shipping. As a Software Engineer, you'll collaborate closely with technical and non-technical counterparts to understand our customers' problems and build products that solve them.

Please note that this posting is open to all levels of experience.
"
Software Engineer - Apollo Systems,Palantir,"New York, NY",https://jobs.lever.co/palantir/832e4652-5088-4e5b-aeac-1e82ec3ebad4,"A World-Changing Company

Palantir builds the world’s leading software for data-driven decisions and operations. By bringing the right data to the people who need it, our platforms empower our partners to develop lifesaving drugs, forecast supply chain disruptions, locate missing children, and more.


The Role

Apollo is Palantir’s autonomous software management and deployment platform. It enables seamless, continuous delivery of mission-critical software (Foundry, Gotham, AIP) across a vast range of environments: on-prem, public cloud, disconnected (air-gapped) networks, and highly regulated settings (including IL-5 and FedRAMP).

As a Software Engineer on the Apollo team, you’ll build and operate a large-scale distributed system to allow the remote operation and maintenance of Kubernetes clusters. Our mission is to extract the entire state of a cluster into a portable, high-performance artifact within minutes, enabling full and almost instant cluster reconstruction from the ground up—all while pushing the limits of speed, reliability, and scale.

You’ll design and implement backup and restore solutions for Kubernetes, leveraging proprietary compression infrastructure tailored to Palantir’s unique deployment models. You’ll also build and optimize our container artifact store, which is based on the OCI (Open Container Initiative) distribution spec—the industry standard for storing and distributing container images and artifacts. You’ll own the backbone of every environment Apollo supports, from hyperscalers to Army trucks. 

If you’re excited by challenges at the intersection of container technologies like OCI and docker, storage, and distributed systems, you’ll find opportunities here to dive deep into storage formats and low-level optimizations, where milliseconds matter. As we increasingly automate cluster creation and management on diverse hardware, you’ll play a key role in scaling Palantir’s presence at the edge and solving tough distributed systems problems. You’ll own the full development lifecycle—from idea generation and design, through implementation, to operation and support—while collaborating closely with both technical and non-technical stakeholders to deliver robust, impactful infrastructure. The usage of AI tools (Claude Code/Codex/Copilot) is highly encouraged!
"
Software Engineer - Apollo Systems,Palantir,"Seattle, WA",https://jobs.lever.co/palantir/e47d4410-2542-47d8-b558-b5295fc28821,"A World-Changing Company

Palantir builds the world’s leading software for data-driven decisions and operations. By bringing the right data to the people who need it, our platforms empower our partners to develop lifesaving drugs, forecast supply chain disruptions, locate missing children, and more.


The Role

Apollo is Palantir’s autonomous software management and deployment platform. It enables seamless, continuous delivery of mission-critical software (Foundry, Gotham, AIP) across a vast range of environments: on-prem, public cloud, disconnected (air-gapped) networks, and highly regulated settings (including IL-5 and FedRAMP).

As a Software Engineer on the Apollo team, you’ll build and operate a large-scale distributed system to allow the remote operation and maintenance of Kubernetes clusters. Our mission is to extract the entire state of a cluster into a portable, high-performance artifact within minutes, enabling full and almost instant cluster reconstruction from the ground up—all while pushing the limits of speed, reliability, and scale.

You’ll design and implement backup and restore solutions for Kubernetes, leveraging proprietary compression infrastructure tailored to Palantir’s unique deployment models. You’ll also build and optimize our container artifact store, which is based on the OCI (Open Container Initiative) distribution spec—the industry standard for storing and distributing container images and artifacts. You’ll own the backbone of every environment Apollo supports, from hyperscalers to Army trucks. 

If you’re excited by challenges at the intersection of container technologies like OCI and docker, storage, and distributed systems, you’ll find opportunities here to dive deep into storage formats and low-level optimizations, where milliseconds matter. As we increasingly automate cluster creation and management on diverse hardware, you’ll play a key role in scaling Palantir’s presence at the edge and solving tough distributed systems problems. You’ll own the full development lifecycle—from idea generation and design, through implementation, to operation and support—while collaborating closely with both technical and non-technical stakeholders to deliver robust, impactful infrastructure. The usage of AI tools (Claude Code/Codex/Copilot) is highly encouraged!
"
Software Engineer - Core Interfaces,Palantir,"Palo Alto, CA",https://jobs.lever.co/palantir/cf76738e-3030-42fa-92ac-a9446df956fc,"A World-Changing Company

Palantir builds the world’s leading software for data-driven decisions and operations. By bringing the right data to the people who need it, our platforms empower our partners to develop lifesaving drugs, forecast supply chain disruptions, locate missing children, and more.


The Role

Palantir builds applications that help customers organize, understand, and make decisions based on their data. Because these applications serve different roles within an organization's workflow, users frequently have multiple applications open at once, and expect them to work together seamlessly. While backend services handle much of this coordination, delivering a truly fast and responsive experience requires applications to also directly interact with each other through client-side frameworks running in the browser. Building these frameworks is uniquely challenging: every Palantir application plays a distinct role and has its own set of first-class UX concepts, yet the frameworks need to integrate cleanly into all of them. Success requires both strong API design skills and a keen eye for user experience.

The frontend frameworks our team builds serve a variety of functions across Palantir's application ecosystem. Some frameworks integrate deeply with the Palantir Ontology—a foundational layer that provides a schema for defining objects and relationships between them. These frameworks enable real-time data synchronization across applications: for example, when a user selects an Ontology object on a map, data plots in a different application instantly update to show that object's properties. Other frameworks operate independently of the Ontology: for example, one framework allows applications to define custom behaviors that can be invoked by other applications or even by AI agents, giving them the flexibility to expose arbitrary functionality across the platform.

Core Responsibilities

As a software engineer on this team, you'll work with these cross-application frameworks end-to-end, from the low-level technical implementation to high-level UX decisions. You'll work extensively with core web APIs—Broadcast Channels, Service Workers, Local Storage—to enable real-time communication between applications. Additionally, you will help develop an Electron application that extends and enhances these workflows through Electron-specific capabilities, such as the IPC API. Along the way, you'll build relationships with teams across the company and develop a deep understanding of different codebases and their architectural patterns. 

API design is central to the role: the interfaces you create need to be ergonomic and portable enough to slot into any application that adopts them, while also being powerful enough to enable complex user interactions. Just as important is a strong sense and passion for UX: the interactions these frameworks enable should feel native and intuitive regardless of which applications a user has open. The ideal candidate is a well-rounded engineer who is excited by the creative challenge of designing new cross-app behaviors, and has the technical know-how to codify these behaviors in an idiomatic and extensible way.
"
Software Engineer - Defense Applications,Palantir,"Washington, D.C.",https://jobs.lever.co/palantir/f7dbfdf1-0bb1-4c11-ac15-6a139cee3410,"A World-Changing Company

Palantir builds the world’s leading software for data-driven decisions and operations. By bringing the right data to the people who need it, our platforms empower our partners to develop lifesaving drugs, forecast supply chain disruptions, locate missing children, and more.


The Role

Palantir’s software forms the operating system for the militaries of the United States and her allies, driving outcomes and enhancing capabilities across the full spectrum of operations, intelligence, and support activities. Our defense applications are the tip of that spear, powerful tools used daily by thousands of soldiers, sailors, airmen, and marines to perform critical work at home and abroad from the Pentagon to the front lines. The engineers who build, maintain, and extend these applications are responsible for wielding the immense technical potential of Palantir’s data modeling and AI platforms to create exquisite domain-specific workflows and interfaces that modernize, extend, and revolutionize the capabilities of the warfighter.

This is a front-end engineering role focused on marrying Palantir’s Foundry and AIP platform technologies, application specific backend services, and modern web technologies with domain expertise. These teams are nimble and select the right tool for the task in front of them rather than adhering to a rigidly defined tech stack, but the most common setups are React for standard DOM rendering, Maplibre and/or Three js for geospatial and 3D rendering, Redux (in various flavors) for state management, Conjure for API management, and OSDK for interaction with the foundry platform. A rich ecosystem of in-house libraries and toolchains sit on top of that foundation to provide cross-app messaging, live data streaming, robust classification based access control, and a host of other specialized functions. Defense applications developers both consume and produce these re-usable tools as part of their core engineering role.

Core Responsibilities

As an engineer on a defense application team you’ll be responsible for owning, not just executing, user-facing feature additions or enhancements. Defense product teams are forward-leaning by nature, you can expect to spend time hands-on with customers and forward-deployed engineers to design solutions that not only meet the need but deliver value rapidly to support customers in ever-changing environments. The dynamic nature of the defense applications teams make for, on average, shorter project cycles with high ownership at the individual contributor level but demand flexibility, practicality, and responsibility. 

The highly autonomous nature of teams means you will transition from mentee to mentor quickly as you build unique expertise in specific applications and features. Palantir’s engineering culture puts a premium on everyone having the skills and willingness to teach and learn, regardless of tenure. The best Palantir engineers form strong convictions quickly (to avoid analysis paralysis when every day counts) but hold them weakly, always ready to revise their opinion and update their world view when new ideas or additional data points are presented.
"
Software Engineer - Developer Productivity,Palantir,"New York, NY",https://jobs.lever.co/palantir/3c84af24-b7aa-483e-b2c3-e1d83494fe15,"A World-Changing Company

Palantir builds the world’s leading software for data-driven decisions and operations. By bringing the right data to the people who need it, our platforms empower our partners to develop lifesaving drugs, forecast supply chain disruptions, locate missing children, and more.


The Role

Are you passionate about engineering quality, efficiency, and increasing the impact of engineers around you?

Software Engineers at Palantir build software at scale to transform how organizations globally use data. As a Software Engineer on Developer Productivity, you’ll identify, develop, and drive investments to improve the velocity and quality of our engineering, as well as bolster the happiness and productivity of other developers.

The role spans a spectrum of areas, such as build and software supply-chain systems, platform runtime environments, telemetry relating concurrency, memory/performance optimizations, and monitoring/alerting. Your primary users will be other developers at Palantir. They will be empowered with the software you develop to build capabilities used by research scientists, aerospace engineers, intelligence analysts, and economic forecasters in countries around the world. There will be opportunities to contribute to open source software, including projects maintained by others that we leverage. You’ll work autonomously within a community that will support and challenge you as you grow to become a strong technical contributor and engineering leader.

The team is hiring for Frontend and Backend engineers.

Core Responsibilities

We're hiring engineers who are passionate about solving real-world problems and empowering developers to do their work optimally. If you’re motivated to develop reliable, performant, scalable systems and tools, here are some examples of the types of work you’d get to do:

•  Define and build standard practices for how services are operated and observed throughout their deployment
•  Build libraries and tooling for defining service APIs and the RPC interactions between microservices; like the conjure ecosystem
•  Unify frontend build and CI infrastructure across all of Palantir
•  Help developers understand and adhere to development practices by building great tools and development processes
•  Push Palantir to the cutting edge of software supply chain security
"
Software Engineer - Edge,Palantir,"Washington, D.C.",https://jobs.lever.co/palantir/397fb983-47b7-4a53-a7df-f080f43f7720,"A World-Changing Company

Palantir builds the world’s leading software for data-driven decisions and operations. By bringing the right data to the people who need it, our platforms empower our partners to develop lifesaving drugs, forecast supply chain disruptions, locate missing children, and more.


The Role

Palantir is at the forefront of some of the most critical and challenging problems in the world. We develop alongside our customers everyday. Our customers span from the cloud to the frontline. As we adapt to solve their most pressing issues in latency, performance, and compute cost, we are building a team of software engineers relentlessly focused on low-level optimization and novel compute architectures. This is a team of developers creating software for the far-edge, including streaming ETL pipelines, inference platforms, and various timing critical applications.

This role requires an experienced software engineer who is well versed in low-level development in compiled, native languages such as Rust and C/C++. A successful candidate can optimize software for constrained embedded devices or across large-scale distributed systems. You should have strong knowledge of computer architecture and OS internals.
"
Software Engineer - Environment Platform,Palantir,"Seattle, WA",https://jobs.lever.co/palantir/cd2423c6-da68-430c-8be5-0ae7eea36497,"A World-Changing Company

Palantir builds the world’s leading software for data-driven decisions and operations. By bringing the right data to the people who need it, our platforms empower our partners to develop lifesaving drugs, forecast supply chain disruptions, locate missing children, and more.


The Role

If you joined us today, you get to author the strategy by which each of Palantir’s software platforms - Foundry, Gotham, Apollo - achieves full containerization across an intimidating diversity of infrastructure types. Tomorrow, you get to do the same for Palantir’s ever expanding customer community. You will drive those goals by building elegant, robust APIs powered by K8s controllers which bridge the gap between a raw Kubernetes cluster and a fully-featured, infrastructure agnostic runtime that can scale to the operational needs of 100s of specialized microservices. Joining you on that journey is a highly motivated team with a diverse group of backgrounds and skillsets, brimming with ambition.
"
Software Engineer - Environment Platform,Palantir,"New York, NY",https://jobs.lever.co/palantir/d5d83a8f-cb96-41cc-9612-c7224fbb2fbc,"A World-Changing Company

Palantir builds the world’s leading software for data-driven decisions and operations. By bringing the right data to the people who need it, our platforms empower our partners to develop lifesaving drugs, forecast supply chain disruptions, locate missing children, and more.


The Role

If you joined us today, you get to author the strategy by which each of Palantir’s software platforms - Foundry, Gotham, Apollo - achieves full containerization across an intimidating diversity of infrastructure types. Tomorrow, you get to do the same for Palantir’s ever expanding customer community. You will drive those goals by building elegant, robust APIs powered by K8s controllers which bridge the gap between a raw Kubernetes cluster and a fully-featured, infrastructure agnostic runtime that can scale to the operational needs of 100s of specialized microservices. Joining you on that journey is a highly motivated team with a diverse group of backgrounds and skillsets, brimming with ambition.
"
Software Engineer - Frontend Developer Productivity,Palantir,"New York, NY",https://jobs.lever.co/palantir/71ed917e-850a-484b-9454-fa66bdf24540,"A World-Changing Company

Palantir builds the world’s leading software for data-driven decisions and operations. By bringing the right data to the people who need it, our platforms empower our partners to develop lifesaving drugs, forecast supply chain disruptions, locate missing children, and more.


The Role

Are you passionate about engineering quality, efficiency, and increasing the impact of engineers around you?

Software Engineers at Palantir build software that transforms how the world’s most important organizations use data. As an engineer focused on Frontend Developer Productivity, you’ll work within our Frontend Infrastructure group to identify, develop, and drive investments to improve the velocity and quality of our engineering.

Our frontend infrastructure group covers our entire frontend development stack, from the developer experience in the IDE to the final user experience in the browser. Across the group, we are responsible for developing and maintaining:

• The build and CI system for a large frontend monorepo with millions of lines of code and hundreds of active developers.
• Core infrastructure required to develop and serve our frontends, including feature flags, internationalization, and commit previews.
• A GraphQL API for declarative data loading, spanning many underlying services.
• Blueprint, the open source UI framework used by all of Palantir's applications and thousands of developers around the world.
• A variety of tools and VSCode extensions that improve developer experience across the company.

With an ambitious roadmap ahead of us, you'll have the opportunity to make a lasting difference on application development at Palantir.
"
Software Engineer - Frontline,Palantir,"London, United Kingdom",https://jobs.lever.co/palantir/07b5a214-2c83-4221-9d7c-397cabe527e2,"A World-Changing Company

Palantir builds the world’s leading software for data-driven decisions and operations. By bringing the right data to the people who need it, our platforms empower our partners to develop lifesaving drugs, forecast supply chain disruptions, locate missing children, and more.


The Role

As a Frontline Software Engineer at Palantir, you would begin your journey on a short-term assignment where you are embedded with customers. This unique experience lets you work directly with users, gaining firsthand insight into how our products are used and the challenges our customers face. Unlike traditional engineering roles, Frontline immerses you in complex, ambiguous problems, empowering you to deliver impactful solutions across some of the world’s most important industries and institutions.

Many of our most successful products have been built through direct engagement with customers, solutions born from real-world problems that not only address specific needs but can also be applied in broader contexts. By working closely with users, you’ll help create products with immediate impact and long-term value.

Frontliners operate much like a startup CTO, working in small teams to own the end-to-end execution of high-stakes projects. Your responsibilities will range from discussing architecture and coding custom web apps to strategizing with customer executives. Every day will be diverse and impactful. By witnessing how customers engage with Foundry and seeing these pain points firsthand, you’ll gain unique insights that feed directly back into our development process, helping to refine and enhance our products. Upon the completion of your assignment, you would join one of our Software Engineer teams within our Foundry org. 

Within Foundry, there is a broad spectrum of teams, each focused on tackling unique technical challenges and delivering impact across a range of domains. You might work on designing and building scalable systems that power data-driven workflows for organizations worldwide, collaborating closely with teammates to deliver robust APIs and high-performance infrastructure. On other teams, you could be developing the foundational building blocks that ensure our platform is secure, reliable, and performant, addressing challenges in distributed systems, data storage, and application security. You may also have the opportunity to architect and deliver end-to-end user experiences, crafting intuitive interfaces and workflows that empower thousands of users to solve complex, real-world problems. 

It doesn’t matter what languages you know when you join us; what matters is your ability to decompose complex problems into manageable, actionable components, write clean, effective code, and quickly learn new languages, technologies, frameworks, and paradigms. Our software is constantly evolving, so we need adaptable engineers who can evolve alongside it. Whether it's adapting to new technical environments or understanding and integrating into the customer's setup and needs, your adaptability is key. Alongside peers with diverse experiences such as startup founders, industry veterans, university TAs, and more, you'll enhance your skillset to apply the best technology to solve any given problem. 
"
Software Engineer - Frontline,Palantir,"New York, NY",https://jobs.lever.co/palantir/4a89a071-e32b-4a7e-adbc-fd286d19dc1b,"A World-Changing Company

Palantir builds the world’s leading software for data-driven decisions and operations. By bringing the right data to the people who need it, our platforms empower our partners to develop lifesaving drugs, forecast supply chain disruptions, locate missing children, and more.


The Role

As a Frontline Software Engineer at Palantir, you would begin your journey on a short-term assignment where you are embedded with customers. This unique experience lets you work directly with users, gaining firsthand insight into how our products are used and the challenges our customers face. Unlike traditional engineering roles, Frontline immerses you in complex, ambiguous problems, empowering you to deliver impactful solutions across some of the world’s most important industries and institutions.

Many of our most successful products have been built through direct engagement with customers, solutions born from real-world problems that not only address specific needs but can also be applied in broader contexts. By working closely with users, you’ll help create products with immediate impact and long-term value.

Frontliners operate much like a startup CTO, working in small teams to own the end-to-end execution of high-stakes projects. Your responsibilities will range from discussing architecture and coding custom web apps to strategizing with customer executives. Every day will be diverse and impactful. By witnessing how customers engage with Foundry and seeing these pain points firsthand, you’ll gain unique insights that feed directly back into our development process, helping to refine and enhance our products. Upon the completion of your assignment, you would join one of our Software Engineer teams within our Foundry org. 

Within Foundry, there is a broad spectrum of teams, each focused on tackling unique technical challenges and delivering impact across a range of domains. You might work on designing and building scalable systems that power data-driven workflows for organizations worldwide, collaborating closely with teammates to deliver robust APIs and high-performance infrastructure. On other teams, you could be developing the foundational building blocks that ensure our platform is secure, reliable, and performant, addressing challenges in distributed systems, data storage, and application security. You may also have the opportunity to architect and deliver end-to-end user experiences, crafting intuitive interfaces and workflows that empower thousands of users to solve complex, real-world problems. 

It doesn’t matter what languages you know when you join us; what matters is your ability to decompose complex problems into manageable, actionable components, write clean, effective code, and quickly learn new languages, technologies, frameworks, and paradigms. Our software is constantly evolving, so we need adaptable engineers who can evolve alongside it. Whether it's adapting to new technical environments or understanding and integrating into the customer's setup and needs, your adaptability is key. Alongside peers with diverse experiences such as startup founders, industry veterans, university TAs, and more, you'll enhance your skillset to apply the best technology to solve any given problem.
"
"Software Engineer - Infrastructure, Foundry Platform",Palantir,"New York, NY",https://jobs.lever.co/palantir/6fe5515f-f677-4d98-8ac2-1775a425f5e7,"A World-Changing Company

Palantir builds the world’s leading software for data-driven decisions and operations. By bringing the right data to the people who need it, our platforms empower our partners to develop lifesaving drugs, forecast supply chain disruptions, locate missing children, and more.


The Role

Software Engineers at Palantir build software at scale to transform how organizations use data. Our Software Engineers are involved throughout the product lifecycle, from idea generation, design, prototyping, and production delivery. You will collaborate closely with technical and non-technical teammates to understand our customers' problems and build products that solve them. We encourage movement across teams to share context, skills, and experience, so you'll learn about many different technologies and aspects of each product. Engineers work autonomously and make decisions independently, within a community that will support and challenge you as you grow and develop, becoming a strong technical contributor and engineering leader.

Our Product Development organization is made up of small teams of Software Engineers. Each team focuses on a specific aspect of a product. Our infrastructure teams are responsible for the lowest layers of our software stack, often focused on database technologies, distributed systems, large scale data systems, security, and application infrastructure. As a Software Engineer on infrastructure working on our Foundry platform, you'll contribute high-quality code to underpin Palantir Foundry and Gotham with performant, secure, and scalable building blocks, enabling products deployed to the most important institutions in the public and private sector. You'll build the foundational capabilities that power our products used by research scientists, aerospace engineers, intelligence analysts, and economic forecasters, in countries around the world.

We’re hiring engineers who are passionate about solving real-world problems and empowering both developers and end-users to work optimally. If you’re motivated to develop reliable, performant, and scalable systems, and to design robust APIs and primitives, this role offers the opportunity to make a significant impact on our products and the people who use them.

Frontline

Foundry Software Engineers may be offered the opportunity to Frontline, an exclusive program unlike any other. This unique, short-term assignment involves being embedded with customers, allowing you to work directly with users and gain firsthand insight into how our products are used and the challenges our customers face. Unlike traditional engineering roles, Frontline immerses you in complex, ambiguous problems, empowering you to deliver impactful solutions across some of the world’s most important industries and institutions.

Some of our most successful products were built on the factory floor, addressing real-world problems for the world's most important institutions. These products were developed by some of our most successful product engineers, who began their careers in roles aligned with Frontline responsibilities, gaining a deep understanding of both our technology and our customers.

Frontliners operate across a broad spectrum of responsibilities, much like a startup CTO. They work in small teams to own the end-to-end execution of high-stakes projects. This spectrum ranges from discussing architecture and building custom web apps to conducting workshops with users and strategizing with customer executives. No two days are alike, as each day is diverse and impactful. By witnessing how customers engage with Foundry and experiencing these pain points firsthand, you’ll gain unique insights that feed directly back into our development process, helping to refine and enhance our products.
"
Software Engineer - Mission Manager,Palantir,"Washington, D.C.",https://jobs.lever.co/palantir/8aec0fba-0ac9-48a5-8f54-f2d8465d6698,"A World-Changing Company

Palantir builds the world’s leading software for data-driven decisions and operations. By bringing the right data to the people who need it, our platforms empower our partners to develop lifesaving drugs, forecast supply chain disruptions, locate missing children, and more.


The Role

Mission Manager is Palantir’s PaaS for enabling US Government customers and vendors to run software securely and compliantly in the most sensitive environments, but without the overhead — whether connected, disconnected, cloud, or edge. Built on the strength of Palantir’s Apollo platform, it provides the critical infrastructure needed to rapidly onboard and deploy applications into a secure Kubernetes-based ecosystem, freeing our customers to focus on building and powering mission-critical systems.

The Mission Manager offering is still in its earliest days, and by joining us now, you’ll define the strategy for how we develop and scale it — witnessing firsthand the impact of your work on critical missions and the new capabilities you unlock. You’ll drive this by building elegant, robust APIs powered by Kubernetes controllers, bridging the gap between a raw Kubernetes cluster and a fully featured, infrastructure-agnostic runtime that can meet the operational demands of hundreds of specialized microservices. You’ll undertake this challenge alongside an energized team with a wide array of backgrounds and skillsets, all united by an ambitious vision for what’s possible.
"
Software Engineer - Mission Manager,Palantir,"New York, NY",https://jobs.lever.co/palantir/c0b60d64-1244-4270-9d55-14115c97c24b,"A World-Changing Company

Palantir builds the world’s leading software for data-driven decisions and operations. By bringing the right data to the people who need it, our platforms empower our partners to develop lifesaving drugs, forecast supply chain disruptions, locate missing children, and more.


The Role

Mission Manager is Palantir’s PaaS for enabling US Government customers and vendors to run software securely and compliantly in the most sensitive environments, but without the overhead — whether connected, disconnected, cloud, or edge. Built on the strength of Palantir’s Apollo platform, it provides the critical infrastructure needed to rapidly onboard and deploy applications into a secure Kubernetes-based ecosystem, freeing our customers to focus on building and powering mission-critical systems.

The Mission Manager offering is still in its earliest days, and by joining us now, you’ll define the strategy for how we develop and scale it — witnessing firsthand the impact of your work on critical missions and the new capabilities you unlock. You’ll drive this by building elegant, robust APIs powered by Kubernetes controllers, bridging the gap between a raw Kubernetes cluster and a fully featured, infrastructure-agnostic runtime that can meet the operational demands of hundreds of specialized microservices. You’ll undertake this challenge alongside an energized team with a wide array of backgrounds and skillsets, all united by an ambitious vision for what’s possible.
"
Software Engineer - Mission Manager,Palantir,"Seattle, WA",https://jobs.lever.co/palantir/e168a922-a2f0-45d0-912c-678d66e15118,"A World-Changing Company

Palantir builds the world’s leading software for data-driven decisions and operations. By bringing the right data to the people who need it, our platforms empower our partners to develop lifesaving drugs, forecast supply chain disruptions, locate missing children, and more.


The Role

Mission Manager is Palantir’s PaaS for enabling US Government customers and vendors to run software securely and compliantly in the most sensitive environments, but without the overhead — whether connected, disconnected, cloud, or edge. Built on the strength of Palantir’s Apollo platform, it provides the critical infrastructure needed to rapidly onboard and deploy applications into a secure Kubernetes-based ecosystem, freeing our customers to focus on building and powering mission-critical systems.

The Mission Manager offering is still in its earliest days, and by joining us now, you’ll define the strategy for how we develop and scale it — witnessing firsthand the impact of your work on critical missions and the new capabilities you unlock. You’ll drive this by building elegant, robust APIs powered by Kubernetes controllers, bridging the gap between a raw Kubernetes cluster and a fully featured, infrastructure-agnostic runtime that can meet the operational demands of hundreds of specialized microservices. You’ll undertake this challenge alongside an energized team with a wide array of backgrounds and skillsets, all united by an ambitious vision for what’s possible.
"
"Software Engineer, Internship",Palantir,"Seattle, WA",https://jobs.lever.co/palantir/2fb19022-bb65-4af8-b6fa-31beb345c140,"A World-Changing Company

Palantir builds the world’s leading software for data-driven decisions and operations. By bringing the right data to the people who need it, our platforms empower our partners to develop lifesaving drugs, forecast supply chain disruptions, locate missing children, and more.


The Role

Software Engineers at Palantir build software at scale to transform how organizations around the world use data. As a Software Engineer Intern, you’ll have an opportunity to grow more quickly than you ever envisioned, as you contribute high-quality code directly to Palantir Gotham, Palantir Foundry, or Palantir Apollo: products that are deployed at some of the most important institutions across the public and private sectors. You'll create features used by research scientists, aerospace engineers, intelligence analysts, and economic forecasters, in countries around the world. Palantir's Product Development organization is made up of small teams of Software Engineers, each focusing on a specific aspect of a product. For example, you might join a team that builds a Foundry front-end application, or a component of the Gotham release infrastructure. We encourage communication and collaboration among teams to share context, skills, and experience, so you'll learn about many different aspects of each product.

Core Responsibilities

As a Software Engineer, you are involved throughout the product lifecycle - from idea generation, design, and prototyping to execution and shipping while also being paired with a mentor dedicated to your growth and success. You'll collaborate closely with technical and non-technical counterparts to understand our customers' problems and build products that tackle them. One of the most effective ways to understand what our users need is to meet them. You may receive an opportunity to tour the assembly line at an auto-manufacturer or join a counter-terror analyst at their desk to really understand their mission and difficulties.

SWE principles include: 

• Ownership: We see projects through from beginning to end in spite of obstacles we may encounter.
• Collaboration: We work internally with people from a variety of backgrounds — such as other Software Engineers, Product Managers, Designers and Product Reliability Engineers. We also partner with our business development teams (Forward Deployed Engineers, Deployment Strategists) in order to understand and solve our customers' problems.
• Trust: We trust each other to effectively handle time and priorities, and don't micromanage. We want people to have the space to think for themselves, while feeling supported by their team.

Technologies We Use

It doesn’t matter what languages you know when you join us, but it does matter that you can write clean, effective code and learn new languages quickly. Our software is constantly evolving, so we need engineers who can do the same. Alongside peers that bring diverse experience - whether you’re a former university TA, switched to CS recently, or are a hackathon enthusiast — you'll build your skills to apply the best technology to solve a given problem. Right now, we use:

• Varying languages, including Java and Go for backend and Typescript for frontend
• Open-source technologies like Cassandra, Spark, Elasticsearch, React, and Redux
• Industry-standard build tooling, including Gradle and GitHub
"
"Software Engineer, Internship",Palantir,"Denver, CO",https://jobs.lever.co/palantir/373eb939-6f57-4836-8479-be79a5e07249,"A World-Changing Company

Palantir builds the world’s leading software for data-driven decisions and operations. By bringing the right data to the people who need it, our platforms empower our partners to develop lifesaving drugs, forecast supply chain disruptions, locate missing children, and more.


The Role

Software Engineers at Palantir build software at scale to transform how organizations around the world use data. As a Software Engineer Intern, you’ll have an opportunity to grow more quickly than you ever envisioned, as you contribute high-quality code directly to Palantir Gotham, Palantir Foundry, or Palantir Apollo: products that are deployed at some of the most important institutions across the public and private sectors. You'll create features used by research scientists, aerospace engineers, intelligence analysts, and economic forecasters, in countries around the world. Palantir's Product Development organization is made up of small teams of Software Engineers, each focusing on a specific aspect of a product. For example, you might join a team that builds a Foundry front-end application, or a component of the Gotham release infrastructure. We encourage communication and collaboration among teams to share context, skills, and experience, so you'll learn about many different aspects of each product.

Core Responsibilities

As a Software Engineer, you are involved throughout the product lifecycle - from idea generation, design, and prototyping to execution and shipping while also being paired with a mentor dedicated to your growth and success. You'll collaborate closely with technical and non-technical counterparts to understand our customers' problems and build products that tackle them. One of the most effective ways to understand what our users need is to meet them. You may receive an opportunity to tour the assembly line at an auto-manufacturer or join a counter-terror analyst at their desk to really understand their mission and difficulties.

SWE principles include: 

• Ownership: We see projects through from beginning to end in spite of obstacles we may encounter.
• Collaboration: We work internally with people from a variety of backgrounds — such as other Software Engineers, Product Managers, Designers and Product Reliability Engineers. We also partner with our business development teams (Forward Deployed Engineers, Deployment Strategists) in order to understand and solve our customers' problems.
• Trust: We trust each other to effectively handle time and priorities, and don't micromanage. We want people to have the space to think for themselves, while feeling supported by their team.

Technologies We Use

It doesn’t matter what languages you know when you join us, but it does matter that you can write clean, effective code and learn new languages quickly. Our software is constantly evolving, so we need engineers who can do the same. Alongside peers that bring diverse experience - whether you’re a former university TA, switched to CS recently, or are a hackathon enthusiast — you'll build your skills to apply the best technology to solve a given problem. Right now, we use:

• Varying languages, including Java and Go for backend and Typescript for frontend
• Open-source technologies like Cassandra, Spark, Elasticsearch, React, and Redux
• Industry-standard build tooling, including Gradle and GitHub
"
"Software Engineer, Internship",Palantir,"London, United Kingdom",https://jobs.lever.co/palantir/76a60923-bb49-40f5-b061-7c7eb1299602,"A World-Changing Company

Palantir builds the world’s leading software for data-driven decisions and operations. By bringing the right data to the people who need it, our platforms empower our partners to develop lifesaving drugs, forecast supply chain disruptions, locate missing children, and more.


The Role

Software Engineers at Palantir build software at scale to transform how organisations around the world use data. As a Software Engineer Intern, you’ll have an opportunity to grow more quickly than you ever envisioned, as you contribute high-quality code directly to Palantir Gotham, Palantir Foundry, or Palantir Apollo: products that are deployed at some of the most important institutions across the public and private sectors. You'll create features used by research scientists, aerospace engineers, intelligence analysts, and economic forecasters, in countries around the world. Palantir's Product Development organisation is made up of small teams of Software Engineers, each focusing on a specific aspect of a product. For example, you might join a team that builds a Foundry front-end application, or a component of the Gotham release infrastructure. We encourage communication and collaboration among teams to share context, skills, and experience, so you'll learn about many different aspects of each product.

Core Responsibilities

As a Software Engineer, you are involved throughout the product lifecycle - from idea generation, design, and prototyping to execution and shipping while also being paired with a mentor dedicated to your growth and success. You'll collaborate closely with technical and non-technical counterparts to understand our customers' problems and build products that tackle them. One of the most effective ways to understand what our users need is to meet them. You may receive an opportunity to tour the assembly line at an auto-manufacturer or join a counter-terror analyst at their desk to really understand their mission and difficulties.

SWE principles include: 

• Ownership: We see projects through from beginning to end in spite of obstacles we may encounter.
• Collaboration: We work internally with people from a variety of backgrounds — such as other Software Engineers, Product Managers, Designers and Product Reliability Engineers. We also partner with our business development teams (Forward Deployed Engineers, Deployment Strategists) in order to understand and solve our customers' problems.
• Trust: We trust each other to effectively handle time and priorities, and don't micromanage. We want people to have the space to think for themselves, while feeling supported by their team.


Technologies We Use

It doesn’t matter what languages you know when you join us, but it does matter that you can write clean, effective code and learn new languages quickly. Our software is constantly evolving, so we need engineers who can do the same. Alongside peers that bring diverse experience - whether you’re a former university TA, switched to CS recently, or are a hackathon enthusiast — you'll build your skills to apply the best technology to solve a given problem. Right now, we use:

• Varying languages, including Java and Go for backend and Typescript for frontend
• Open-source technologies like Cassandra, Spark, Elasticsearch, React, and Redux
• Industry-standard build tooling, including Gradle, Webpack, and GitHub
"
"Software Engineer, Internship",Palantir,"New York, NY",https://jobs.lever.co/palantir/7d69cf8a-06fd-4f05-bd84-27149db29c4d,"A World-Changing Company

Palantir builds the world’s leading software for data-driven decisions and operations. By bringing the right data to the people who need it, our platforms empower our partners to develop lifesaving drugs, forecast supply chain disruptions, locate missing children, and more.


The Role

Software Engineers at Palantir build software at scale to transform how organizations around the world use data. As a Software Engineer Intern, you’ll have an opportunity to grow more quickly than you ever envisioned, as you contribute high-quality code directly to Palantir Gotham, Palantir Foundry, or Palantir Apollo: products that are deployed at some of the most important institutions across the public and private sectors. You'll create features used by research scientists, aerospace engineers, intelligence analysts, and economic forecasters, in countries around the world. Palantir's Product Development organization is made up of small teams of Software Engineers, each focusing on a specific aspect of a product. For example, you might join a team that builds a Foundry front-end application, or a component of the Gotham release infrastructure. We encourage communication and collaboration among teams to share context, skills, and experience, so you'll learn about many different aspects of each product.

Core Responsibilities

As a Software Engineer, you are involved throughout the product lifecycle - from idea generation, design, and prototyping to execution and shipping while also being paired with a mentor dedicated to your growth and success. You'll collaborate closely with technical and non-technical counterparts to understand our customers' problems and build products that tackle them. One of the most effective ways to understand what our users need is to meet them. You may receive an opportunity to tour the assembly line at an auto-manufacturer or join a counter-terror analyst at their desk to really understand their mission and difficulties.

SWE principles include: 

• Ownership: We see projects through from beginning to end in spite of obstacles we may encounter.
• Collaboration: We work internally with people from a variety of backgrounds — such as other Software Engineers, Product Managers, Designers and Product Reliability Engineers. We also partner with our business development teams (Forward Deployed Engineers, Deployment Strategists) in order to understand and solve our customers' problems.
• Trust: We trust each other to effectively handle time and priorities, and don't micromanage. We want people to have the space to think for themselves, while feeling supported by their team.

Technologies We Use

It doesn’t matter what languages you know when you join us, but it does matter that you can write clean, effective code and learn new languages quickly. Our software is constantly evolving, so we need engineers who can do the same. Alongside peers that bring diverse experience - whether you’re a former university TA, switched to CS recently, or are a hackathon enthusiast — you'll build your skills to apply the best technology to solve a given problem. Right now, we use:

• Varying languages, including Java and Go for backend and Typescript for frontend
• Open-source technologies like Cassandra, Spark, Elasticsearch, React, and Redux
• Industry-standard build tooling, including Gradle and GitHub
"
"Software Engineer, Internship",Palantir,"Washington, D.C.",https://jobs.lever.co/palantir/bdcfb29f-4f27-42de-933f-7f83a359b9f0,"A World-Changing Company

Palantir builds the world’s leading software for data-driven decisions and operations. By bringing the right data to the people who need it, our platforms empower our partners to develop lifesaving drugs, forecast supply chain disruptions, locate missing children, and more.


The Role

Software Engineers at Palantir build software at scale to transform how organizations around the world use data. As a Software Engineer Intern, you’ll have an opportunity to grow more quickly than you ever envisioned, as you contribute high-quality code directly to Palantir Gotham, Palantir Foundry, or Palantir Apollo: products that are deployed at some of the most important institutions across the public and private sectors. You'll create features used by research scientists, aerospace engineers, intelligence analysts, and economic forecasters, in countries around the world. Palantir's Product Development organization is made up of small teams of Software Engineers, each focusing on a specific aspect of a product. For example, you might join a team that builds a Foundry front-end application, or a component of the Gotham release infrastructure. We encourage communication and collaboration among teams to share context, skills, and experience, so you'll learn about many different aspects of each product.

Core Responsibilities

As a Software Engineer, you are involved throughout the product lifecycle - from idea generation, design, and prototyping to execution and shipping while also being paired with a mentor dedicated to your growth and success. You'll collaborate closely with technical and non-technical counterparts to understand our customers' problems and build products that tackle them. One of the most effective ways to understand what our users need is to meet them. You may receive an opportunity to tour the assembly line at an auto-manufacturer or join a counter-terror analyst at their desk to really understand their mission and difficulties.

SWE principles include: 

• Ownership: We see projects through from beginning to end in spite of obstacles we may encounter.
• Collaboration: We work internally with people from a variety of backgrounds — such as other Software Engineers, Product Managers, Designers and Product Reliability Engineers. We also partner with our business development teams (Forward Deployed Engineers, Deployment Strategists) in order to understand and solve our customers' problems.
• Trust: We trust each other to effectively handle time and priorities, and don't micromanage. We want people to have the space to think for themselves, while feeling supported by their team.

Technologies We Use

It doesn’t matter what languages you know when you join us, but it does matter that you can write clean, effective code and learn new languages quickly. Our software is constantly evolving, so we need engineers who can do the same. Alongside peers that bring diverse experience - whether you’re a former university TA, switched to CS recently, or are a hackathon enthusiast — you'll build your skills to apply the best technology to solve a given problem. Right now, we use:

• Varying languages, including Java and Go for backend and Typescript for frontend
• Open-source technologies like Cassandra, Spark, Elasticsearch, React, and Redux
• Industry-standard build tooling, including Gradle and GitHub
"
"Software Engineer, Internship",Palantir,"Palo Alto, CA",https://jobs.lever.co/palantir/e27af7ab-41fc-40c9-b31d-02c6cb1c505c,"A World-Changing Company

Palantir builds the world’s leading software for data-driven decisions and operations. By bringing the right data to the people who need it, our platforms empower our partners to develop lifesaving drugs, forecast supply chain disruptions, locate missing children, and more.


The Role

Software Engineers at Palantir build software at scale to transform how organizations around the world use data. As a Software Engineer Intern, you’ll have an opportunity to grow more quickly than you ever envisioned, as you contribute high-quality code directly to Palantir Gotham, Palantir Foundry, or Palantir Apollo: products that are deployed at some of the most important institutions across the public and private sectors. You'll create features used by research scientists, aerospace engineers, intelligence analysts, and economic forecasters, in countries around the world. Palantir's Product Development organization is made up of small teams of Software Engineers, each focusing on a specific aspect of a product. For example, you might join a team that builds a Foundry front-end application, or a component of the Gotham release infrastructure. We encourage communication and collaboration among teams to share context, skills, and experience, so you'll learn about many different aspects of each product.

Core Responsibilities

As a Software Engineer, you are involved throughout the product lifecycle - from idea generation, design, and prototyping to execution and shipping while also being paired with a mentor dedicated to your growth and success. You'll collaborate closely with technical and non-technical counterparts to understand our customers' problems and build products that tackle them. One of the most effective ways to understand what our users need is to meet them. You may receive an opportunity to tour the assembly line at an auto-manufacturer or join a counter-terror analyst at their desk to really understand their mission and difficulties.

SWE principles include: 

• Ownership: We see projects through from beginning to end in spite of obstacles we may encounter.
• Collaboration: We work internally with people from a variety of backgrounds — such as other Software Engineers, Product Managers, Designers and Product Reliability Engineers. We also partner with our business development teams (Forward Deployed Engineers, Deployment Strategists) in order to understand and solve our customers' problems.
• Trust: We trust each other to effectively handle time and priorities, and don't micromanage. We want people to have the space to think for themselves, while feeling supported by their team.

Technologies We Use

It doesn’t matter what languages you know when you join us, but it does matter that you can write clean, effective code and learn new languages quickly. Our software is constantly evolving, so we need engineers who can do the same. Alongside peers that bring diverse experience - whether you’re a former university TA, switched to CS recently, or are a hackathon enthusiast — you'll build your skills to apply the best technology to solve a given problem. Right now, we use:

• Varying languages, including Java and Go for backend and Typescript for frontend
• Open-source technologies like Cassandra, Spark, Elasticsearch, React, and Redux
• Industry-standard build tooling, including Gradle and GitHub
"
"Software Engineer, Internship - Defense Tech",Palantir,"New York, NY",https://jobs.lever.co/palantir/8bcf4f33-0a79-4248-bbfd-49ac4be9dd8e,"A World-Changing Company

Palantir builds the world’s leading software for data-driven decisions and operations. By bringing the right data to the people who need it, our platforms empower our partners to develop lifesaving drugs, forecast supply chain disruptions, locate missing children, and more.


The Role

Software Engineers at Palantir build software at scale to transform how organizations around the world use data. As a Defense Tech Software Engineer Intern, you’ll have an opportunity to grow more quickly than you ever envisioned, as you contribute high-quality code directly to Palantir's Gotham product. Palantir's defense product vertical builds mission-critical products for the modern warfighter, enabling them to securely integrate and visualize their data, perform rich analyses, and build sophisticated, full-fledged programs such as common operating pictures, alert-triaging inboxes, and resource allocation planning tools driven by rich-ML models. Our customers use our defense offering to drive core operations within their organizations - these programs are relied upon for daily operations in the command centers and battlefronts of militaries across the world.

Palantir's Product Development organization is made up of small teams of Software Engineers, each focusing on a specific aspect of a product. For example, you might join a team that builds geospatial mapping tools for mission critical operations, or a component of the Gotham release infrastructure. We encourage communication and collaboration among teams to share context, skills, and experience, so you'll learn about many different aspects of each product.

Core Responsibilities

As a Defense Tech Intern - you will be supporting work specifically focusing on delivering our Palantir Defense capabilities to our most critical mission partners. You’ll be involved throughout the product lifecycle - from idea generation, design, and prototyping to execution and shipping. You’ll be paired with a mentor dedicated to your growth and success. You'll collaborate closely with technical and non-technical counterparts to understand our customers' problems and build products that tackle them. 

SWE principles include: 

•  Ownership: We see projects through from beginning to end in spite of obstacles we may encounter.
•  Collaboration: We work internally with people from a variety of backgrounds — such as other Software Engineers, Product Managers, Designers and Product Reliability Engineers. We also partner with our business development teams (Forward Deployed Engineers, Deployment Strategists) in order to understand and solve our customers' problems.
•  Trust: We trust each other to effectively handle time and priorities, and don't micromanage. We want people to have the space to think for themselves, while feeling supported by their team.

Technologies We Use

It doesn’t matter what languages you know when you join us, but it does matter that you can write clean, effective code and learn new languages quickly. Our software is constantly evolving, so we need engineers who can do the same. Alongside peers that bring diverse experience - whether you’re a former university TA, switched to CS recently, or are a hackathon enthusiast — you'll build your skills to apply the best technology to solve a given problem. Right now, we use:

•  Varying languages, including Java and Go for backend and Typescript for frontend
•  Open-source technologies like Cassandra, Spark, Elasticsearch, React, and Redux
•  Industry-standard build tooling, including Gradle and GitHub

"
"Software Engineer, Internship - Defense Tech",Palantir,"Palo Alto, CA",https://jobs.lever.co/palantir/a483f41b-0da9-42ea-8ed6-cbf6eb93cc6d,"A World-Changing Company

Palantir builds the world’s leading software for data-driven decisions and operations. By bringing the right data to the people who need it, our platforms empower our partners to develop lifesaving drugs, forecast supply chain disruptions, locate missing children, and more.


The Role

Software Engineers at Palantir build software at scale to transform how organizations around the world use data. As a Defense Tech Software Engineer Intern, you’ll have an opportunity to grow more quickly than you ever envisioned, as you contribute high-quality code directly to Palantir's Gotham product. Palantir's defense product vertical builds mission-critical products for the modern warfighter, enabling them to securely integrate and visualize their data, perform rich analyses, and build sophisticated, full-fledged programs such as common operating pictures, alert-triaging inboxes, and resource allocation planning tools driven by rich-ML models. Our customers use our defense offering to drive core operations within their organizations - these programs are relied upon for daily operations in the command centers and battlefronts of militaries across the world.

Palantir's Product Development organization is made up of small teams of Software Engineers, each focusing on a specific aspect of a product. For example, you might join a team that builds geospatial mapping tools for mission critical operations, or a component of the Gotham release infrastructure. We encourage communication and collaboration among teams to share context, skills, and experience, so you'll learn about many different aspects of each product.

Core Responsibilities

As a Defense Tech Intern - you will be supporting work specifically focusing on delivering our Palantir Defense capabilities to our most critical mission partners. You’ll be involved throughout the product lifecycle - from idea generation, design, and prototyping to execution and shipping. You’ll be paired with a mentor dedicated to your growth and success. You'll collaborate closely with technical and non-technical counterparts to understand our customers' problems and build products that tackle them. 

SWE principles include: 

•  Ownership: We see projects through from beginning to end in spite of obstacles we may encounter.
•  Collaboration: We work internally with people from a variety of backgrounds — such as other Software Engineers, Product Managers, Designers and Product Reliability Engineers. We also partner with our business development teams (Forward Deployed Engineers, Deployment Strategists) in order to understand and solve our customers' problems.
•  Trust: We trust each other to effectively handle time and priorities, and don't micromanage. We want people to have the space to think for themselves, while feeling supported by their team.

Technologies We Use

It doesn’t matter what languages you know when you join us, but it does matter that you can write clean, effective code and learn new languages quickly. Our software is constantly evolving, so we need engineers who can do the same. Alongside peers that bring diverse experience - whether you’re a former university TA, switched to CS recently, or are a hackathon enthusiast — you'll build your skills to apply the best technology to solve a given problem. Right now, we use:

•  Varying languages, including Java and Go for backend and Typescript for frontend
•  Open-source technologies like Cassandra, Spark, Elasticsearch, React, and Redux
•  Industry-standard build tooling, including Gradle and GitHub

"
"Software Engineer, Internship - Defense Tech",Palantir,"Washington, D.C.",https://jobs.lever.co/palantir/f17e98d0-046a-4e6e-9d65-ed0b12dd0ff7,"A World-Changing Company

Palantir builds the world’s leading software for data-driven decisions and operations. By bringing the right data to the people who need it, our platforms empower our partners to develop lifesaving drugs, forecast supply chain disruptions, locate missing children, and more.


The Role

Software Engineers at Palantir build software at scale to transform how organizations around the world use data. As a Defense Tech Software Engineer Intern, you’ll have an opportunity to grow more quickly than you ever envisioned, as you contribute high-quality code directly to Palantir's Gotham product. Palantir's defense product vertical builds mission-critical products for the modern warfighter, enabling them to securely integrate and visualize their data, perform rich analyses, and build sophisticated, full-fledged programs such as common operating pictures, alert-triaging inboxes, and resource allocation planning tools driven by rich-ML models. Our customers use our defense offering to drive core operations within their organizations - these programs are relied upon for daily operations in the command centers and battlefronts of militaries across the world.

Palantir's Product Development organization is made up of small teams of Software Engineers, each focusing on a specific aspect of a product. For example, you might join a team that builds geospatial mapping tools for mission critical operations, or a component of the Gotham release infrastructure. We encourage communication and collaboration among teams to share context, skills, and experience, so you'll learn about many different aspects of each product.

Core Responsibilities

As a Defense Tech Intern - you will be supporting work specifically focusing on delivering our Palantir Defense capabilities to our most critical mission partners. You’ll be involved throughout the product lifecycle - from idea generation, design, and prototyping to execution and shipping. You’ll be paired with a mentor dedicated to your growth and success. You'll collaborate closely with technical and non-technical counterparts to understand our customers' problems and build products that tackle them.

SWE principles include: 

•  Ownership: We see projects through from beginning to end in spite of obstacles we may encounter.
•  Collaboration: We work internally with people from a variety of backgrounds — such as other Software Engineers, Product Managers, Designers and Product Reliability Engineers. We also partner with our business development teams (Forward Deployed Engineers, Deployment Strategists) in order to understand and solve our customers' problems.
•  Trust: We trust each other to effectively handle time and priorities, and don't micromanage. We want people to have the space to think for themselves, while feeling supported by their team.

Technologies We Use

It doesn’t matter what languages you know when you join us, but it does matter that you can write clean, effective code and learn new languages quickly. Our software is constantly evolving, so we need engineers who can do the same. Alongside peers that bring diverse experience - whether you’re a former university TA, switched to CS recently, or are a hackathon enthusiast — you'll build your skills to apply the best technology to solve a given problem. Right now, we use:

•  Varying languages, including Java and Go for backend and Typescript for frontend
•  Open-source technologies like Cassandra, Spark, Elasticsearch, React, and Redux
•  Industry-standard build tooling, including Gradle and GitHub

"
"Software Engineer, Internship - Infrastructure",Palantir,"New York, NY",https://jobs.lever.co/palantir/b229baac-494b-4a0d-9a13-2e38806e06f3,"A World-Changing Company

Palantir builds the world’s leading software for data-driven decisions and operations. By bringing the right data to the people who need it, our platforms empower our partners to develop lifesaving drugs, forecast supply chain disruptions, locate missing children, and more.


The Role

Are you passionate about engineering quality, performance, and increasing the impact of engineers around you?

Software Engineers at Palantir build software at scale to transform how organizations around the world use data. As an intern within Palantir’s Foundations organization, you’ll have the opportunity to grow more quickly than you ever imagined, as you build the shared infrastructure that underpins the Palantir Foundry, Palantir Gotham, and Palantir Apollo platforms, and drive investments to improve the velocity and quality of our engineering.

Teams within Palantir’s Foundations organization are made up of a small number of engineers, each focused on one of four major categories of our infrastructure:

• Backend Infrastructure: Maximizes the productivity of our backend developers and ensures Palantir’s platforms have performant and consistent RESTful services. Think: making the “easy way” the “right way” when developing backend services, including designing infrastructure to build hundreds of micro-service repos performantly, or to ensure we keep reliable audit logs of everything users do in our platforms.
• Developer Infrastructure: Operates the systems and services that underpin all aspects of our developer ecosystem, including off-the-shelf tooling like GitHub and custom tooling for managing automated changes across hundreds of repositories.
• Frontend Infrastructure: Maximizes frontend developer productivity across the entire frontend development stack, from the developer experience in the IDE to the final user experience in the browser. Think: the core infrastructure required to develop and serve our frontends (including features flags, internationalization, and commit previews), performant build tooling for millions of lines of TypeScript, and the Blueprint open source UI framework.
• Storage Infrastructure: Develops Palantir’s database and search systems, which includes supporting storage technologies across cloud, on-premise, and classified or secure environments. This includes evolving our existing technologies to support ever-increasing data scale and latency requirements, and designing the next evolution of our database offering to provide step-change improvements in particular workflows.

Core Responsibilities

As a Software Engineering Intern in Foundations, your projects may include building features to improve the developer experience for other Palantir engineers, or improving the scalability and reliability of Palantir’s platforms.

You’ll be involved throughout the product lifecycle, from idea generation and design, to execution and rollout, all while being paired with a mentor dedicated to your growth and success. You'll collaborate closely with technical and non-technical counterparts to understand our developers' and customers' problems and build infrastructure to tackle them.

Technologies We Use

It doesn’t matter what languages you know when you join us, but it does matter that you can write clean, effective code and learn new languages quickly. Our software is constantly evolving, so we need engineers who can do the same. Alongside peers that bring diverse experience - whether you’re a former university TA, switched to CS recently, or are a hackathon enthusiast — you'll build your skills to apply the best technology to solve a given problem. Right now, we use:

• Varying languages, including Java and Go for backend and TypeScript for frontend
• Open-source technologies like Cassandra, Spark, Elasticsearch, React, and Redux
• Industry-standard build tooling, including Gradle, CircleCI, and GitHub
"
"Software Engineer, Internship - Infrastructure",Palantir,"Palo Alto, CA",https://jobs.lever.co/palantir/f221738b-e97c-4ce3-a12a-17ada2b855e4,"A World-Changing Company

Palantir builds the world’s leading software for data-driven decisions and operations. By bringing the right data to the people who need it, our platforms empower our partners to develop lifesaving drugs, forecast supply chain disruptions, locate missing children, and more.


The Role

Are you passionate about engineering quality, performance, and increasing the impact of engineers around you?

Software Engineers at Palantir build software at scale to transform how organizations around the world use data. As an intern within Palantir’s Foundations organization, you’ll have the opportunity to grow more quickly than you ever imagined, as you build the shared infrastructure that underpins the Palantir Foundry, Palantir Gotham, and Palantir Apollo platforms, and drive investments to improve the velocity and quality of our engineering.

Teams within Palantir’s Foundations organization are made up of a small number of engineers, each focused on one of four major categories of our infrastructure:

• Backend Infrastructure: Maximizes the productivity of our backend developers and ensures Palantir’s platforms have performant and consistent RESTful services. Think: making the “easy way” the “right way” when developing backend services, including designing infrastructure to build hundreds of micro-service repos performantly, or to ensure we keep reliable audit logs of everything users do in our platforms.
• Developer Infrastructure: Operates the systems and services that underpin all aspects of our developer ecosystem, including off-the-shelf tooling like GitHub and custom tooling for managing automated changes across hundreds of repositories.
• Frontend Infrastructure: Maximizes frontend developer productivity across the entire frontend development stack, from the developer experience in the IDE to the final user experience in the browser. Think: the core infrastructure required to develop and serve our frontends (including features flags, internationalization, and commit previews), performant build tooling for millions of lines of TypeScript, and the Blueprint open source UI framework.
• Storage Infrastructure: Develops Palantir’s database and search systems, which includes supporting storage technologies across cloud, on-premise, and classified or secure environments. This includes evolving our existing technologies to support ever-increasing data scale and latency requirements, and designing the next evolution of our database offering to provide step-change improvements in particular workflows.

Core Responsibilities

As a Software Engineering Intern in Foundations, your projects may include building features to improve the developer experience for other Palantir engineers, or improving the scalability and reliability of Palantir’s platforms.

You’ll be involved throughout the product lifecycle, from idea generation and design, to execution and rollout, all while being paired with a mentor dedicated to your growth and success. You'll collaborate closely with technical and non-technical counterparts to understand our developers' and customers' problems and build infrastructure to tackle them.

Technologies We Use

It doesn’t matter what languages you know when you join us, but it does matter that you can write clean, effective code and learn new languages quickly. Our software is constantly evolving, so we need engineers who can do the same. Alongside peers that bring diverse experience - whether you’re a former university TA, switched to CS recently, or are a hackathon enthusiast — you'll build your skills to apply the best technology to solve a given problem. Right now, we use:

• Varying languages, including Java and Go for backend and TypeScript for frontend
• Open-source technologies like Cassandra, Spark, Elasticsearch, React, and Redux
• Industry-standard build tooling, including Gradle, CircleCI, and GitHub
"
"Software Engineer, Internship - Infrastructure",Palantir,"London, United Kingdom",https://jobs.lever.co/palantir/fd3603a9-7016-45c6-9c8d-04c9279ab85e,"A World-Changing Company

Palantir builds the world’s leading software for data-driven decisions and operations. By bringing the right data to the people who need it, our platforms empower our partners to develop lifesaving drugs, forecast supply chain disruptions, locate missing children, and more.


The Role

Are you passionate about engineering quality, performance, and increasing the impact of engineers around you?

Software Engineers at Palantir build software at scale to transform how organisations around the world use data. As an engineer within Palantir’s Foundations organisation, you’ll have the opportunity to grow more quickly than you ever imagined, as you build the shared infrastructure that underpins the Palantir Foundry, Palantir Gotham, and Palantir Apollo platforms, and drive investments to improve the velocity and quality of our engineering.

Teams within Palantir’s Foundations organisation are made up of a small number of engineers, each focused on one of four major categories of our infrastructure:

• Backend Infrastructure: Maximises the productivity of our backend developers and ensures Palantir’s platforms have performant and consistent RESTful services. Think: making the “easy way” the “right way” when developing backend services, including designing infrastructure to build hundreds of micro-service repos performantly, or to ensure we keep reliable audit logs of everything users do in our platforms.
• Developer Infrastructure: Operates the systems and services that underpin all aspects of our developer ecosystem, including off-the-shelf tooling like GitHub and custom tooling for managing automated changes across hundreds of repositories.
• Frontend Infrastructure: Maximises frontend developer productivity across the entire frontend development stack, from the developer experience in the IDE to the final user experience in the browser. Think: the core infrastructure required to develop and serve our frontends (including feature flags, internationalisation, and commit previews), performant build tooling for millions of lines of TypeScript, and the Blueprint open source UI framework.
• Storage Infrastructure: Develops Palantir’s database and search systems, which includes supporting storage technologies across cloud, on-premises, and classified or secure environments. This includes evolving our existing technologies to support ever-increasing data scale and latency requirements, and designing the next evolution of our database offering to provide step-change improvements in particular workflows.

Core Responsibilities

As a Software Engineering Intern in Foundations, your projects may include building features to improve the developer experience for other Palantir engineers, or improving the scalability and reliability of Palantir’s platforms.

You’ll be involved throughout the product lifecycle, from idea generation and design, to execution and rollout, all while being paired with a mentor dedicated to your growth and success. You'll collaborate closely with technical and non-technical counterparts to understand our developers' and customers' problems and build infrastructure to tackle them.

Technologies We Use

It doesn’t matter what languages you know when you join us; what matters is that you can write clean, effective code and learn new languages quickly. Our software is constantly evolving, so we need engineers who can do the same. Alongside peers that bring diverse experience—whether you’re a former university Teaching Assistant, switched to computer science recently, or are a hackathon enthusiast—you'll build your skills to apply the best technology to solve a given problem. Right now, we use:

• A variety of languages, including Java and Go for backend and TypeScript for frontend
• Open-source technologies like Cassandra, Spark, Elasticsearch, React, and Redux
• Industry-standard build tooling, including Gradle, CircleCI, and GitHub
"
"Software Engineer, Internship - Production Infrastructure",Palantir,"Seattle, WA",https://jobs.lever.co/palantir/373367a9-3160-49d8-b7af-2efec062fad1,"A World-Changing Company

Palantir builds the world’s leading software for data-driven decisions and operations. By bringing the right data to the people who need it, our platforms empower our partners to develop lifesaving drugs, forecast supply chain disruptions, locate missing children, and more.


The Role

Software Engineers at Palantir drive large-scale transformation through data, AI and world-leading infrastructure that supports mission-critical workloads. As a Software Engineer Intern, you’ll have an opportunity to grow more quickly than you ever envisioned as you contribute high-quality code directly to:

• Rubix and Apollo, platforms deployed at the most important institutions across the public and private sectors.
• Shaping Mission Manager, our new internal-infrastructure business line, used by advanced civil and defense agencies worldwide to power their infrastructure in highly sensitive environments
• Building the core capabilities used by advanced civil and defense agencies worldwide to power their infrastructure
• Providing the substrate on which Palantir deploys its other platforms, Foundry and Gotham, which power workflows for research scientists, aerospace engineers, intelligence analysts and economic forecasters.

You’ll join our Production Infrastructure organization, made up of small teams of engineers working on:

• Environment Platform: a Kubernetes-based PaaS spanning hundreds of production clusters
• Apollo: secure, fleet-wide deployment and change-management for complex microservice suites
• Signals: our full suite of observability and alerting tools


Core Responsibilities

As a Software Engineer Intern at Palantir, you’ll own every phase of the product lifecycle—from generating ideas and designing prototypes to executing features and shipping releases—while being paired with a dedicated mentor who champions your growth. You’ll work hand-in-hand with both technical and non-technical colleagues to uncover real customer problems and deliver solutions that address them. To gain firsthand insight, you might sit side-saddle at a military exercise or partner directly with vendors using Palantir’s Apollo & Rubix to put our software into the hands of warfighters and government workers.

SWE principles include: 

• Ownership: We see projects through from beginning to end in spite of obstacles we may encounter.
• Collaboration: We work internally with people from a variety of backgrounds — such as other Software Engineers, Product Managers, Designers and Product Reliability Engineers. We also partner with our business development teams (Forward Deployed Engineers, Deployment Strategists) in order to understand and solve our customers' problems.
• Trust: We trust each other to effectively handle time and priorities, and don't micromanage. We want people to have the space to think for themselves, while feeling supported by their team.

Technologies We Use

It doesn’t matter what languages you know when you join us, but it does matter that you can write clean, effective code and learn new languages quickly. Our software is constantly evolving, so we need engineers who can do the same. Alongside peers that bring diverse experience - whether you’re a former university TA, switched to CS recently, or are a hackathon enthusiast — you'll build your skills to apply the best technology to solve a given problem. Right now, we use:

• A variety of languages, including Java and Go for backend and Typescript for frontend
• Open-source technologies like Kubernetes, Cilium, Envoy, Grafana, React, and Redux
• Industry-standard tooling, including Gradle and GitHub, and agentic tools like Windsurf & Cline
"
"Software Engineer, Internship - Production Infrastructure",Palantir,"New York, NY",https://jobs.lever.co/palantir/37964982-9b4c-471e-a1d8-fb8f45d7f116,"A World-Changing Company

Palantir builds the world’s leading software for data-driven decisions and operations. By bringing the right data to the people who need it, our platforms empower our partners to develop lifesaving drugs, forecast supply chain disruptions, locate missing children, and more.


The Role

Software Engineers at Palantir drive large-scale transformation through data, AI and world-leading infrastructure that supports mission-critical workloads. As a Software Engineer Intern, you’ll have an opportunity to grow more quickly than you ever envisioned as you contribute high-quality code directly to:

• Rubix and Apollo, platforms deployed at the most important institutions across the public and private sectors.
• Shaping Mission Manager, our new internal-infrastructure business line, used by advanced civil and defense agencies worldwide to power their infrastructure in highly sensitive environments
• Building the core capabilities used by advanced civil and defense agencies worldwide to power their infrastructure
• Providing the substrate on which Palantir deploys its other platforms, Foundry and Gotham, which power workflows for research scientists, aerospace engineers, intelligence analysts and economic forecasters.

You’ll join our Production Infrastructure organization, made up of small teams of engineers working on:

• Environment Platform: a Kubernetes-based PaaS spanning hundreds of production clusters
• Apollo: secure, fleet-wide deployment and change-management for complex microservice suites
• Signals: our full suite of observability and alerting tools


Core Responsibilities

As a Software Engineer Intern at Palantir, you’ll own every phase of the product lifecycle—from generating ideas and designing prototypes to executing features and shipping releases—while being paired with a dedicated mentor who champions your growth. You’ll work hand-in-hand with both technical and non-technical colleagues to uncover real customer problems and deliver solutions that address them. To gain firsthand insight, you might sit side-saddle at a military exercise or partner directly with vendors using Palantir’s Apollo & Rubix to put our software into the hands of warfighters and government workers.

SWE principles include: 

• Ownership: We see projects through from beginning to end in spite of obstacles we may encounter.
• Collaboration: We work internally with people from a variety of backgrounds — such as other Software Engineers, Product Managers, Designers and Product Reliability Engineers. We also partner with our business development teams (Forward Deployed Engineers, Deployment Strategists) in order to understand and solve our customers' problems.
• Trust: We trust each other to effectively handle time and priorities, and don't micromanage. We want people to have the space to think for themselves, while feeling supported by their team.

Technologies We Use

It doesn’t matter what languages you know when you join us, but it does matter that you can write clean, effective code and learn new languages quickly. Our software is constantly evolving, so we need engineers who can do the same. Alongside peers that bring diverse experience - whether you’re a former university TA, switched to CS recently, or are a hackathon enthusiast — you'll build your skills to apply the best technology to solve a given problem. Right now, we use:

• A variety of languages, including Java and Go for backend and Typescript for frontend
• Open-source technologies like Kubernetes, Cilium, Envoy, Grafana, React, and Redux
• Industry-standard tooling, including Gradle and GitHub, and agentic tools like Windsurf & Cline
"
"Software Engineer, Internship - Production Infrastructure",Palantir,"Washington, D.C.",https://jobs.lever.co/palantir/3ab9e715-1ea9-4c6c-ad50-7340eac14e86,"A World-Changing Company

Palantir builds the world’s leading software for data-driven decisions and operations. By bringing the right data to the people who need it, our platforms empower our partners to develop lifesaving drugs, forecast supply chain disruptions, locate missing children, and more.


The Role

Software Engineers at Palantir drive large-scale transformation through data, AI and world-leading infrastructure that supports mission-critical workloads. As a Software Engineer Intern, you’ll have an opportunity to grow more quickly than you ever envisioned as you contribute high-quality code directly to:

• Rubix and Apollo, platforms deployed at the most important institutions across the public and private sectors.
• Shaping Mission Manager, our new internal-infrastructure business line, used by advanced civil and defense agencies worldwide to power their infrastructure in highly sensitive environments
• Building the core capabilities used by advanced civil and defense agencies worldwide to power their infrastructure
• Providing the substrate on which Palantir deploys its other platforms, Foundry and Gotham, which power workflows for research scientists, aerospace engineers, intelligence analysts and economic forecasters.

You’ll join our Production Infrastructure organization, made up of small teams of engineers working on:

• Environment Platform: a Kubernetes-based PaaS spanning hundreds of production clusters
• Apollo: secure, fleet-wide deployment and change-management for complex microservice suites
• Signals: our full suite of observability and alerting tools


Core Responsibilities

As a Software Engineer Intern at Palantir, you’ll own every phase of the product lifecycle—from generating ideas and designing prototypes to executing features and shipping releases—while being paired with a dedicated mentor who champions your growth. You’ll work hand-in-hand with both technical and non-technical colleagues to uncover real customer problems and deliver solutions that address them. To gain firsthand insight, you might sit side-saddle at a military exercise or partner directly with vendors using Palantir’s Apollo & Rubix to put our software into the hands of warfighters and government workers.

SWE principles include: 

• Ownership: We see projects through from beginning to end in spite of obstacles we may encounter.
• Collaboration: We work internally with people from a variety of backgrounds — such as other Software Engineers, Product Managers, Designers and Product Reliability Engineers. We also partner with our business development teams (Forward Deployed Engineers, Deployment Strategists) in order to understand and solve our customers' problems.
• Trust: We trust each other to effectively handle time and priorities, and don't micromanage. We want people to have the space to think for themselves, while feeling supported by their team.

Technologies We Use

It doesn’t matter what languages you know when you join us, but it does matter that you can write clean, effective code and learn new languages quickly. Our software is constantly evolving, so we need engineers who can do the same. Alongside peers that bring diverse experience - whether you’re a former university TA, switched to CS recently, or are a hackathon enthusiast — you'll build your skills to apply the best technology to solve a given problem. Right now, we use:

• A variety of languages, including Java and Go for backend and Typescript for frontend
• Open-source technologies like Kubernetes, Cilium, Envoy, Grafana, React, and Redux
• Industry-standard tooling, including Gradle and GitHub, and agentic tools like Windsurf & Cline
"
"Software Engineer, Internship - Production Infrastructure",Palantir,"London, United Kingdom",https://jobs.lever.co/palantir/bc5c4098-07d5-49ed-a398-a27e6191aa30,"A World-Changing Company

Palantir builds the world’s leading software for data-driven decisions and operations. By bringing the right data to the people who need it, our platforms empower our partners to develop lifesaving drugs, forecast supply chain disruptions, locate missing children, and more.


The Role

Software Engineers at Palantir drive large-scale transformation through data, AI and world-leading infrastructure that supports mission-critical workloads. As a Software Engineer Intern, you’ll have an opportunity to grow more quickly than you ever envisaged as you contribute high-quality code directly to:

• Rubix and Apollo, platforms deployed at the most important institutions across the public and private sectors.
• Shaping Mission Manager, our new internal-infrastructure business line, used by advanced civil and defence agencies worldwide to power their infrastructure in highly sensitive environments
• Building the core capabilities used by advanced civil and defence agencies worldwide to power their infrastructure
• Providing the substrate on which Palantir deploys its other platforms, Foundry and Gotham, which power workflows for research scientists, aerospace engineers, intelligence analysts and economic forecasters.

You’ll join our Production Infrastructure organisation, made up of small teams of engineers working on:

• Environment Platform: a Kubernetes-based PaaS spanning hundreds of production clusters
• Apollo: secure, fleet-wide deployment and change-management for complex microservice suites
• Signals: our full suite of observability and alerting tools


Core Responsibilities

As a Software Engineer Intern at Palantir, you’ll own every phase of the product lifecycle—from generating ideas and designing prototypes to executing features and shipping releases—while being paired with a dedicated mentor who champions your growth. You’ll work hand-in-hand with both technical and non-technical colleagues to uncover real customer problems and deliver solutions that address them. To gain first-hand insight, you might sit side-saddle at a military exercise or partner directly with vendors using Palantir’s Apollo & Rubix to put our software into the hands of warfighters and government workers.

SWE principles include: 

• Ownership: We see projects through from beginning to end in spite of obstacles we may encounter.
• Collaboration: We work internally with people from a variety of backgrounds — such as other Software Engineers, Product Managers, Designers and Product Reliability Engineers. We also partner with our business development teams (Forward Deployed Engineers, Deployment Strategists) in order to understand and solve our customers' problems.
• Trust: We trust each other to effectively handle time and priorities, and don't micromanage. We want people to have the space to think for themselves, while feeling supported by their team.

Technologies We Use

It doesn’t matter what languages you know when you join us, but it does matter that you can write clean, effective code and learn new languages quickly. Our software is constantly evolving, so we need engineers who can do the same. Alongside peers that bring diverse experience – whether you’re a former university TA, switched to computer science recently, or are a hackathon enthusiast – you'll build your skills to apply the best technology to solve a given problem. Right now, we use:

• A variety of languages, including Java and Go for backend and Typescript for frontend
• Open-source technologies like Kubernetes, Cilium, Envoy, Grafana, React, and Redux
• Industry-standard tooling, including Gradle and GitHub, and agentic tools like Windsurf & Cline
"
"Software Engineer, New Grad",Palantir,"Singapore, Singapore",https://jobs.lever.co/palantir/2458ba08-de79-4e8f-b553-060f9568727e,"A World-Changing Company

Palantir builds the world’s leading software for data-driven decisions and operations. By bringing the right data to the people who need it, our platforms empower our partners to develop lifesaving drugs, forecast supply chain disruptions, locate missing children, and more.


The Role

Software Engineers at Palantir build software at scale to transform how organizations around the world use data. In this role, you’ll have an opportunity to grow more quickly than you ever envisioned as you contribute high-quality code directly to Palantir Gotham, Palantir Apollo, or Palantir Foundry: products that are deployed at some of the most important institutions across the public and private sectors. You'll create features used by research scientists, aerospace engineers, intelligence analysts, and economic forecasters in countries around the world. Palantir's Product Development organization is made up of small teams of Software Engineers, each focusing on a specific aspect of a product. For example, you might join a team that builds a Foundry front-end application, or a component of the Gotham release infrastructure. We encourage communication and collaboration among teams to share context, skills, and experience, so you'll also have the opportunity to learn about other business areas.

Core Responsibilities

As a Software Engineer, you are involved throughout the product lifecycle - from idea generation, design, and prototyping, to execution and shipping, all while also being paired with a mentor dedicated to your growth and success. You'll collaborate closely with technical and non-technical counterparts to understand our customers' problems and build products that tackle them. One of the most effective ways to understand what our users need is to meet them. You may receive an opportunity to tour the assembly line at an auto-manufacturer or join a counter-terror analyst at their desk to really understand their mission and difficulties.

SWE principles include:

•  Ownership: We see projects through from beginning to end in spite of obstacles we may encounter.
•  Collaboration: We work internally with people from a variety of backgrounds — such as other Software Engineers, Product Managers, Designers and Product Reliability Engineers. We also partner with our business development teams (Forward Deployed Engineers, Deployment Strategists) in order to understand and solve our customers' problems.
•  Trust: We trust each other to effectively handle time and priorities, and don't micromanage. We want people to have the space to think for themselves, while feeling supported by their team.

Technologies We Use

It doesn’t matter what languages you know when you join us; what matters is that you can write clean, effective code and learn new languages quickly. Our software is constantly evolving, so we need engineers who can do the same. Alongside peers that bring diverse experience - whether you’re a former university Teaching Assistant, switched to computer science recently, or are a hackathon enthusiast — you'll build your skills to apply the best technology to solve a given problem. Right now, we use:

•  A variety of languages, including Java and Go for backend and Typescript for frontend
•  Open-source technologies like Cassandra, Spark, Elasticsearch, React, and Redux
•  Industry-standard build tooling, including Gradle, Webpack, and GitHub
"
"Software Engineer, New Grad",Palantir,"New York, NY",https://jobs.lever.co/palantir/94984771-0704-446c-88c6-91ce748f6d92,"A World-Changing Company

Palantir builds the world’s leading software for data-driven decisions and operations. By bringing the right data to the people who need it, our platforms empower our partners to develop lifesaving drugs, forecast supply chain disruptions, locate missing children, and more.


The Role

Software Engineers at Palantir build software at scale to transform how organizations around the world use data. In this role, you’ll have an opportunity to grow more quickly than you ever envisioned as you contribute high-quality code directly to Palantir Gotham, Palantir Apollo, or Palantir Foundry: products that are deployed at some of the most important institutions across the public and private sectors. You'll create features used by research scientists, aerospace engineers, intelligence analysts, and economic forecasters in countries around the world. Palantir's Product Development organization is made up of small teams of Software Engineers, each focusing on a specific aspect of a product. For example, you might join a team that builds a Foundry front-end application, or a component of the Gotham release infrastructure. We encourage communication and collaboration among teams to share context, skills, and experience, so you'll also have the opportunity to learn about other business areas.

Core Responsibilities

As a Software Engineer, you are involved throughout the product lifecycle - from idea generation, design, and prototyping, to execution and shipping, all while also being paired with a mentor dedicated to your growth and success. You'll collaborate closely with technical and non-technical counterparts to understand our customers' problems and build products that tackle them. One of the most effective ways to understand what our users need is to meet them. You may receive an opportunity to tour the assembly line at an auto-manufacturer or join a counter-terror analyst at their desk to really understand their mission and difficulties.

SWE principles include: 

• Ownership: We see projects through from beginning to end in spite of obstacles we may encounter.
• Collaboration: We work internally with people from a variety of backgrounds — such as other Software Engineers, Product Managers, Designers and Product Reliability Engineers. We also partner with our business development teams (Forward Deployed Engineers, Deployment Strategists) in order to understand and solve our customers' problems.
• Trust: We trust each other to effectively handle time and priorities, and don't micromanage. We want people to have the space to think for themselves, while feeling supported by their team.


Technologies We Use

It doesn’t matter what languages you know when you join us; what matters is that you can write clean, effective code and learn new languages quickly. Our software is constantly evolving, so we need engineers who can do the same. Alongside peers that bring diverse experience - whether you’re a former university Teaching Assistant, switched to computer science recently, or are a hackathon enthusiast — you'll build your skills to apply the best technology to solve a given problem. Right now, we use:

• A variety of languages, including Java and Go for backend and Typescript for frontend
• Open-source technologies like Cassandra, Spark, Elasticsearch, React, and Redux
• Industry-standard build tooling, including Gradle and GitHub
"
"Software Engineer, New Grad",Palantir,"Denver, CO",https://jobs.lever.co/palantir/c34b424e-caf2-455a-b104-ae1096ccca29,"A World-Changing Company

Palantir builds the world’s leading software for data-driven decisions and operations. By bringing the right data to the people who need it, our platforms empower our partners to develop lifesaving drugs, forecast supply chain disruptions, locate missing children, and more.


The Role

Software Engineers at Palantir build software at scale to transform how organizations around the world use data. In this role, you’ll have an opportunity to grow more quickly than you ever envisioned as you contribute high-quality code directly to Palantir Gotham, Palantir Apollo, or Palantir Foundry: products that are deployed at some of the most important institutions across the public and private sectors. You'll create features used by research scientists, aerospace engineers, intelligence analysts, and economic forecasters in countries around the world. Palantir's Product Development organization is made up of small teams of Software Engineers, each focusing on a specific aspect of a product. For example, you might join a team that builds a Foundry front-end application, or a component of the Gotham release infrastructure. We encourage communication and collaboration among teams to share context, skills, and experience, so you'll also have the opportunity to learn about other business areas.

Core Responsibilities

As a Software Engineer, you are involved throughout the product lifecycle - from idea generation, design, and prototyping, to execution and shipping, all while also being paired with a mentor dedicated to your growth and success. You'll collaborate closely with technical and non-technical counterparts to understand our customers' problems and build products that tackle them. One of the most effective ways to understand what our users need is to meet them. You may receive an opportunity to tour the assembly line at an auto-manufacturer or join a counter-terror analyst at their desk to really understand their mission and difficulties.

SWE principles include: 

•  Ownership: We see projects through from beginning to end in spite of obstacles we may encounter.
•  Collaboration: We work internally with people from a variety of backgrounds — such as other Software Engineers, Product Managers, Designers and Product Reliability Engineers. We also partner with our business development teams (Forward Deployed Engineers, Deployment Strategists) in order to understand and solve our customers' problems.
• Trust: We trust each other to effectively handle time and priorities, and don't micromanage. We want people to have the space to think for themselves, while feeling supported by their team.

Technologies We Use

It doesn’t matter what languages you know when you join us; what matters is that you can write clean, effective code and learn new languages quickly. Our software is constantly evolving, so we need engineers who can do the same. Alongside peers that bring diverse experience - whether you’re a former university Teaching Assistant, switched to computer science recently, or are a hackathon enthusiast — you'll build your skills to apply the best technology to solve a given problem. Right now, we use:

• A variety of languages, including Java and Go for backend and Typescript for frontend
• Open-source technologies like Cassandra, Spark, Elasticsearch, React, and Redux
• Industry-standard build tooling, including Gradle and GitHub
"
"Software Engineer, New Grad",Palantir,"London, United Kingdom",https://jobs.lever.co/palantir/d372c805-d0cd-4a10-9522-fbecc78d6f3e,"A World-Changing Company

Palantir builds the world’s leading software for data-driven decisions and operations. By bringing the right data to the people who need it, our platforms empower our partners to develop lifesaving drugs, forecast supply chain disruptions, locate missing children, and more.


The Role

Software Engineers at Palantir build software at scale to transform how organisations around the world use data. In this role, you’ll have an opportunity to grow more quickly than you ever envisioned as you contribute high-quality code directly to Palantir Gotham, Palantir Apollo, or Palantir Foundry: products that are deployed at some of the most important institutions across the public and private sectors. You'll create features used by research scientists, aerospace engineers, intelligence analysts, and economic forecasters in countries around the world. Palantir's Product Development organisation is made up of small teams of Software Engineers, each focusing on a specific aspect of a product. For example, you might join a team that builds a Foundry front-end application, or a component of the Gotham release infrastructure. We encourage communication and collaboration among teams to share context, skills, and experience, so you'll also have the opportunity to learn about other business areas.

Core Responsibilities

As a Software Engineer, you are involved throughout the product lifecycle - from idea generation, design, and prototyping, to execution and shipping, all while also being paired with a mentor dedicated to your growth and success. You'll collaborate closely with technical and non-technical counterparts to understand our customers' problems and build products that tackle them. One of the most effective ways to understand what our users need is to meet them. You may receive an opportunity to tour the assembly line at an auto-manufacturer or join a counter-terror analyst at their desk to really understand their mission and difficulties.

SWE principles include: 

• Ownership: We see projects through from beginning to end in spite of obstacles we may encounter.
• Collaboration: We work internally with people from a variety of backgrounds — such as other Software Engineers, Product Managers, Designers and Product Reliability Engineers. We also partner with our business development teams (Forward Deployed Engineers, Deployment Strategists) in order to understand and solve our customers' problems.
• Trust: We trust each other to effectively handle time and priorities, and don't micromanage. We want people to have the space to think for themselves, while feeling supported by their team.

Technologies We Use

It doesn’t matter what languages you know when you join us; what matters is that you can write clean, effective code and learn new languages quickly. Our software is constantly evolving, so we need engineers who can do the same. Alongside peers that bring diverse experience - whether you’re a former university Teaching Assistant, switched to computer science recently, or are a hackathon enthusiast  — you'll build your skills to apply the best technology to solve a given problem. Right now, we use:

• A variety of languages, including Java and Go for backend and Typescript for frontend
• Open-source technologies like Cassandra, Spark, Elasticsearch, React, and Redux
• Industry-standard build tooling, including Gradle and GitHub
"
"Software Engineer, New Grad",Palantir,"Seattle, WA",https://jobs.lever.co/palantir/dea9d3d5-75b2-4588-b7bd-585a47b79c8c,"A World-Changing Company

Palantir builds the world’s leading software for data-driven decisions and operations. By bringing the right data to the people who need it, our platforms empower our partners to develop lifesaving drugs, forecast supply chain disruptions, locate missing children, and more.


The Role

Software Engineers at Palantir build software at scale to transform how organizations around the world use data. In this role, you’ll have an opportunity to grow more quickly than you ever envisioned as you contribute high-quality code directly to Palantir Gotham, Palantir Apollo, or Palantir Foundry: products that are deployed at some of the most important institutions across the public and private sectors. You'll create features used by research scientists, aerospace engineers, intelligence analysts, and economic forecasters in countries around the world. Palantir's Product Development organization is made up of small teams of Software Engineers, each focusing on a specific aspect of a product. For example, you might join a team that builds a Foundry front-end application, or a component of the Gotham release infrastructure. We encourage communication and collaboration among teams to share context, skills, and experience, so you'll also have the opportunity to learn about other business areas.

Core Responsibilities

As a Software Engineer, you are involved throughout the product lifecycle - from idea generation, design, and prototyping, to execution and shipping, all while also being paired with a mentor dedicated to your growth and success. You'll collaborate closely with technical and non-technical counterparts to understand our customers' problems and build products that tackle them. One of the most effective ways to understand what our users need is to meet them. You may receive an opportunity to tour the assembly line at an auto-manufacturer or join a counter-terror analyst at their desk to really understand their mission and difficulties.

SWE principles include:

•  Ownership: We see projects through from beginning to end in spite of obstacles we may encounter.
•  Collaboration: We work internally with people from a variety of backgrounds — such as other Software Engineers, Product Managers, Designers and Product Reliability Engineers. We also partner with our business development teams (Forward Deployed Engineers, Deployment Strategists) in order to understand and solve our customers' problems.
•  Trust: We trust each other to effectively handle time and priorities, and don't micromanage. We want people to have the space to think for themselves, while feeling supported by their team.

Technologies We Use

It doesn’t matter what languages you know when you join us; what matters is that you can write clean, effective code and learn new languages quickly. Our software is constantly evolving, so we need engineers who can do the same. Alongside peers that bring diverse experience - whether you’re a former university Teaching Assistant, switched to computer science recently, or are a hackathon enthusiast — you'll build your skills to apply the best technology to solve a given problem. Right now, we use:

•  A variety of languages, including Java and Go for backend and Typescript for frontend
•  Open-source technologies like Cassandra, Spark, Elasticsearch, React, and Redux
•  Industry-standard build tooling, including Gradle and GitHub
"
"Software Engineer, New Grad - Defense",Palantir,"New York, NY",https://jobs.lever.co/palantir/0a838e66-1ab0-4fc4-b4d3-4671c0352278,"A World-Changing Company

Palantir builds the world’s leading software for data-driven decisions and operations. By bringing the right data to the people who need it, our platforms empower our partners to develop lifesaving drugs, forecast supply chain disruptions, locate missing children, and more.


The Role

Software Engineers at Palantir build software at scale to transform how organizations around the world use data. In this role, you’ll have an opportunity to grow more quickly than you ever envisioned as you contribute high-quality code directly to Palantir Gotham: products that are deployed at some of the most important institutions across the government, defense and non-profit sectors. You'll create features used by research scientists, aerospace engineers, intelligence analysts, and economic forecasters in countries around the world. Palantir's Product Development organization is made up of small teams of Software Engineers, each focusing on a specific aspect of a product. For example, you might join a team that builds geospatial mapping tools for mission critical operations, or a component of the Gotham release infrastructure. We encourage communication and collaboration among teams to share context, skills, and experience, so you'll also have the opportunity to learn about other business areas.

Core Responsibilities

As a Software Engineer, you are involved throughout the product lifecycle - from idea generation, design, and prototyping, to execution and shipping, all while also being paired with a mentor dedicated to your growth and success. You'll collaborate closely with technical and non-technical counterparts to understand our customers' problems and build products that tackle them. One of the most effective ways to understand what our users need is to meet them. You may receive an opportunity to tour the assembly line at an auto-manufacturer or join a counter-terror analyst at their desk to really understand their mission and difficulties.

SWE principles include: 

• Ownership: We see projects through from beginning to end in spite of obstacles we may encounter.
• Collaboration: We work internally with people from a variety of backgrounds — such as other Software Engineers, Product Managers, Designers and Product Reliability Engineers. We also partner with our business development teams (Forward Deployed Engineers, Deployment Strategists) in order to understand and solve our customers' problems.
• Trust: We trust each other to effectively handle time and priorities, and don't micromanage. We want people to have the space to think for themselves, while feeling supported by their team.


Technologies We Use

It doesn’t matter what languages you know when you join us; what matters is that you can write clean, effective code and learn new languages quickly. Our software is constantly evolving, so we need engineers who can do the same. Alongside peers that bring diverse experience - whether you’re a former university Teaching Assistant, switched to computer science recently, or are a hackathon enthusiast — you'll build your skills to apply the best technology to solve a given problem. Right now, we use:

• A variety of languages, including Java and Go for backend and Typescript for frontend
• Open-source technologies like Cassandra, Spark, Elasticsearch, React, and Redux
• Industry-standard build tooling, including Gradle and GitHub
"
"Software Engineer, New Grad - Defense",Palantir,"Washington, D.C.",https://jobs.lever.co/palantir/18d901fc-93bb-4d18-9f04-c72031e20d79,"A World-Changing Company

Palantir builds the world’s leading software for data-driven decisions and operations. By bringing the right data to the people who need it, our platforms empower our partners to develop lifesaving drugs, forecast supply chain disruptions, locate missing children, and more.


The Role

Software Engineers at Palantir build software at scale to transform how organizations around the world use data. In this role, you’ll have an opportunity to grow more quickly than you ever envisioned as you contribute high-quality code directly to Palantir Gotham: products that are deployed at some of the most important institutions across the government, defense and non-profit sectors. You'll create features used by research scientists, aerospace engineers, intelligence analysts, and economic forecasters in countries around the world. Palantir's Product Development organization is made up of small teams of Software Engineers, each focusing on a specific aspect of a product. For example, you might join a team that builds geospatial mapping tools for mission critical operations, or a component of the Gotham release infrastructure. We encourage communication and collaboration among teams to share context, skills, and experience, so you'll also have the opportunity to learn about other business areas.

Core Responsibilities

As a Software Engineer, you are involved throughout the product lifecycle - from idea generation, design, and prototyping, to execution and shipping, all while also being paired with a mentor dedicated to your growth and success. You'll collaborate closely with technical and non-technical counterparts to understand our customers' problems and build products that tackle them. One of the most effective ways to understand what our users need is to meet them. You may receive an opportunity to tour the assembly line at an auto-manufacturer or join a counter-terror analyst at their desk to really understand their mission and difficulties.

SWE principles include: 

• Ownership: We see projects through from beginning to end in spite of obstacles we may encounter.
• Collaboration: We work internally with people from a variety of backgrounds — such as other Software Engineers, Product Managers, Designers and Product Reliability Engineers. We also partner with our business development teams (Forward Deployed Engineers, Deployment Strategists) in order to understand and solve our customers' problems.
• Trust: We trust each other to effectively handle time and priorities, and don't micromanage. We want people to have the space to think for themselves, while feeling supported by their team.


Technologies We Use

It doesn’t matter what languages you know when you join us; what matters is that you can write clean, effective code and learn new languages quickly. Our software is constantly evolving, so we need engineers who can do the same. Alongside peers that bring diverse experience - whether you’re a former university Teaching Assistant, switched to computer science recently, or are a hackathon enthusiast — you'll build your skills to apply the best technology to solve a given problem. Right now, we use:

• A variety of languages, including Java and Go for backend and Typescript for frontend
• Open-source technologies like Cassandra, Spark, Elasticsearch, React, and Redux
• Industry-standard build tooling, including Gradle and GitHub
"
"Software Engineer, New Grad - Defense",Palantir,"Palo Alto, CA",https://jobs.lever.co/palantir/f362d7aa-360d-4059-ab38-f482742693b3,"A World-Changing Company

Palantir builds the world’s leading software for data-driven decisions and operations. By bringing the right data to the people who need it, our platforms empower our partners to develop lifesaving drugs, forecast supply chain disruptions, locate missing children, and more.


The Role

Software Engineers at Palantir build software at scale to transform how organizations around the world use data. In this role, you’ll have an opportunity to grow more quickly than you ever envisioned as you contribute high-quality code directly to Palantir Gotham: products that are deployed at some of the most important institutions across the government, defense and non-profit sectors. You'll create features used by research scientists, aerospace engineers, intelligence analysts, and economic forecasters in countries around the world. Palantir's Product Development organization is made up of small teams of Software Engineers, each focusing on a specific aspect of a product. For example, you might join a team that builds geospatial mapping tools for mission critical operations, or a component of the Gotham release infrastructure. We encourage communication and collaboration among teams to share context, skills, and experience, so you'll also have the opportunity to learn about other business areas.

Core Responsibilities

As a Software Engineer, you are involved throughout the product lifecycle - from idea generation, design, and prototyping, to execution and shipping, all while also being paired with a mentor dedicated to your growth and success. You'll collaborate closely with technical and non-technical counterparts to understand our customers' problems and build products that tackle them. One of the most effective ways to understand what our users need is to meet them. You may receive an opportunity to tour the assembly line at an auto-manufacturer or join a counter-terror analyst at their desk to really understand their mission and difficulties.

SWE principles include: 

• Ownership: We see projects through from beginning to end in spite of obstacles we may encounter.
• Collaboration: We work internally with people from a variety of backgrounds — such as other Software Engineers, Product Managers, Designers and Product Reliability Engineers. We also partner with our business development teams (Forward Deployed Engineers, Deployment Strategists) in order to understand and solve our customers' problems.
• Trust: We trust each other to effectively handle time and priorities, and don't micromanage. We want people to have the space to think for themselves, while feeling supported by their team.


Technologies We Use

It doesn’t matter what languages you know when you join us; what matters is that you can write clean, effective code and learn new languages quickly. Our software is constantly evolving, so we need engineers who can do the same. Alongside peers that bring diverse experience - whether you’re a former university Teaching Assistant, switched to computer science recently, or are a hackathon enthusiast — you'll build your skills to apply the best technology to solve a given problem. Right now, we use:

• A variety of languages, including Java and Go for backend and Typescript for frontend
• Open-source technologies like Cassandra, Spark, Elasticsearch, React, and Redux
• Industry-standard build tooling, including Gradle and GitHub
"
"Software Engineer, New Grad - Infrastructure",Palantir,"New York, NY",https://jobs.lever.co/palantir/4abf26b4-795c-420a-bf22-1ab98db268b4,"A World-Changing Company

Palantir builds the world’s leading software for data-driven decisions and operations. By bringing the right data to the people who need it, our platforms empower our partners to develop lifesaving drugs, forecast supply chain disruptions, locate missing children, and more.


The Role

Are you passionate about engineering quality, performance, and increasing the impact of engineers around you?

Software Engineers at Palantir build software at scale to transform how organizations around the world use data. As an engineer within Palantir’s Foundations organization, you’ll have the opportunity to grow more quickly than you ever imagined, as you build the shared infrastructure that underpins the Palantir Foundry, Palantir Gotham, and Palantir Apollo platforms, and drive investments to improve the velocity and quality of our engineering.

Teams within Palantir’s Foundations organization are made up of a small number of engineers, each focused on one of four major categories of our infrastructure:

• Backend Infrastructure: Maximizes the productivity of our backend developers and ensures Palantir’s platforms have performant and consistent RESTful services. Think: making the “easy way” the “right way” when developing backend services, including designing infrastructure to build hundreds of micro-service repos performantly, or to ensure we keep reliable audit logs of everything users do in our platforms.
• Developer Infrastructure: Operates the systems and services that underpin all aspects of our developer ecosystem, including off-the-shelf tooling like GitHub and custom tooling for managing automated changes across hundreds of repositories.
• Frontend Infrastructure: Maximizes frontend developer productivity across the entire frontend development stack, from the developer experience in the IDE to the final user experience in the browser. Think: the core infrastructure required to develop and serve our frontends (including features flags, internationalization, and commit previews), performant build tooling for millions of lines of TypeScript, and the Blueprint open source UI framework.
• Storage Infrastructure: Develops Palantir’s database and search systems, which includes supporting storage technologies across cloud, on-premise, and classified or secure environments. This includes evolving our existing technologies to support ever-increasing data scale and latency requirements, and designing the next evolution of our database offering to provide step-change improvements in particular workflows.

Core Responsibilities

As a Software Engineer in Foundations, your projects may include building features to improve the developer experience for other Palantir engineers, or improving the scalability and reliability of Palantir’s platforms.

You’ll be involved throughout the product lifecycle, from idea generation and design, to execution and rollout, all while being paired with a mentor dedicated to your growth and success. You'll collaborate closely with technical and non-technical counterparts to understand our developers' and customers' problems and build infrastructure to tackle them.

Technologies We Use

It doesn’t matter what languages you know when you join us; what matters is that you can write clean, effective code and learn new languages quickly. Our software is constantly evolving, so we need engineers who can do the same. Alongside peers that bring diverse experience - whether you’re a former university Teaching Assistant, switched to computer science recently, or are a hackathon enthusiast — you'll build your skills to apply the best technology to solve a given problem. Right now, we use:

• A variety of languages, including Java and Go for backend and TypeScript for frontend
• Open-source technologies like Cassandra, Spark, Elasticsearch, React, and Redux
• Industry-standard build tooling, including Gradle, CircleCI, and GitHub
"
"Software Engineer, New Grad - Infrastructure",Palantir,"Palo Alto, CA",https://jobs.lever.co/palantir/7d75bed5-45d8-4876-840a-2d92ea79c98d,"A World-Changing Company

Palantir builds the world’s leading software for data-driven decisions and operations. By bringing the right data to the people who need it, our platforms empower our partners to develop lifesaving drugs, forecast supply chain disruptions, locate missing children, and more.


The Role

Are you passionate about engineering quality, performance, and increasing the impact of engineers around you?

Software Engineers at Palantir build software at scale to transform how organizations around the world use data. As an engineer within Palantir’s Foundations organization, you’ll have the opportunity to grow more quickly than you ever imagined, as you build the shared infrastructure that underpins the Palantir Foundry, Palantir Gotham, and Palantir Apollo platforms, and drive investments to improve the velocity and quality of our engineering.

Teams within Palantir’s Foundations organization are made up of a small number of engineers, each focused on one of four major categories of our infrastructure:

• Backend Infrastructure: Maximizes the productivity of our backend developers and ensures Palantir’s platforms have performant and consistent RESTful services. Think: making the “easy way” the “right way” when developing backend services, including designing infrastructure to build hundreds of micro-service repos performantly, or to ensure we keep reliable audit logs of everything users do in our platforms.
• Developer Infrastructure: Operates the systems and services that underpin all aspects of our developer ecosystem, including off-the-shelf tooling like GitHub and custom tooling for managing automated changes across hundreds of repositories.
• Frontend Infrastructure: Maximizes frontend developer productivity across the entire frontend development stack, from the developer experience in the IDE to the final user experience in the browser. Think: the core infrastructure required to develop and serve our frontends (including features flags, internationalization, and commit previews), performant build tooling for millions of lines of TypeScript, and the Blueprint open source UI framework.
• Storage Infrastructure: Develops Palantir’s database and search systems, which includes supporting storage technologies across cloud, on-premise, and classified or secure environments. This includes evolving our existing technologies to support ever-increasing data scale and latency requirements, and designing the next evolution of our database offering to provide step-change improvements in particular workflows.

Core Responsibilities

As a Software Engineer in Foundations, your projects may include building features to improve the developer experience for other Palantir engineers, or improving the scalability and reliability of Palantir’s platforms.

You’ll be involved throughout the product lifecycle, from idea generation and design, to execution and rollout, all while being paired with a mentor dedicated to your growth and success. You'll collaborate closely with technical and non-technical counterparts to understand our developers' and customers' problems and build infrastructure to tackle them.

Technologies We Use

It doesn’t matter what languages you know when you join us; what matters is that you can write clean, effective code and learn new languages quickly. Our software is constantly evolving, so we need engineers who can do the same. Alongside peers that bring diverse experience - whether you’re a former university Teaching Assistant, switched to computer science recently, or are a hackathon enthusiast — you'll build your skills to apply the best technology to solve a given problem. Right now, we use:

• A variety of languages, including Java and Go for backend and TypeScript for frontend
• Open-source technologies like Cassandra, Spark, Elasticsearch, React, and Redux
• Industry-standard build tooling, including Gradle, CircleCI, and GitHub
"
"Software Engineer, New Grad - Infrastructure",Palantir,"London, United Kingdom",https://jobs.lever.co/palantir/9265acce-12cd-4179-8c50-55d15963532b,"A World-Changing Company

Palantir builds the world’s leading software for data-driven decisions and operations. By bringing the right data to the people who need it, our platforms empower our partners to develop lifesaving drugs, forecast supply chain disruptions, locate missing children, and more.


The Role

Are you passionate about engineering quality, performance, and increasing the impact of engineers around you?

Software Engineers at Palantir build software at scale to transform how organisations around the world use data. As an engineer within Palantir’s Foundations organisation, you’ll have the opportunity to grow more quickly than you ever imagined, as you build the shared infrastructure that underpins the Palantir Foundry, Palantir Gotham, and Palantir Apollo platforms, and drive investments to improve the velocity and quality of our engineering.

Teams within Palantir’s Foundations organisation are made up of a small number of engineers, each focused on one of four major categories of our infrastructure:

• Backend Infrastructure: Maximises the productivity of our backend developers and ensures Palantir’s platforms have performant and consistent RESTful services. Think: making the “easy way” the “right way” when developing backend services, including designing infrastructure to build hundreds of micro-service repos performantly, or to ensure we keep reliable audit logs of everything users do in our platforms.
• Developer Infrastructure: Operates the systems and services that underpin all aspects of our developer ecosystem, including off-the-shelf tooling like GitHub and custom tooling for managing automated changes across hundreds of repositories.
• Frontend Infrastructure: Maximises frontend developer productivity across the entire frontend development stack, from the developer experience in the IDE to the final user experience in the browser. Think: the core infrastructure required to develop and serve our frontends (including feature flags, internationalisation, and commit previews), performant build tooling for millions of lines of TypeScript, and the Blueprint open source UI framework.
• Storage Infrastructure: Develops Palantir’s database and search systems, which includes supporting storage technologies across cloud, on-premises, and classified or secure environments. This includes evolving our existing technologies to support ever-increasing data scale and latency requirements, and designing the next evolution of our database offering to provide step-change improvements in particular workflows.

Core Responsibilities

As a Software Engineer in Foundations, your projects may include building features to improve the developer experience for other Palantir engineers, or improving the scalability and reliability of Palantir’s platforms.

You’ll be involved throughout the product lifecycle, from idea generation and design, to execution and rollout, all while being paired with a mentor dedicated to your growth and success. You'll collaborate closely with technical and non-technical counterparts to understand our developers' and customers' problems and build infrastructure to tackle them.

Technologies We Use

It doesn’t matter what languages you know when you join us; what matters is that you can write clean, effective code and learn new languages quickly. Our software is constantly evolving, so we need engineers who can do the same. Alongside peers that bring diverse experience—whether you’re a former university Teaching Assistant, switched to computer science recently, or are a hackathon enthusiast—you'll build your skills to apply the best technology to solve a given problem. Right now, we use:

• A variety of languages, including Java and Go for backend and TypeScript for frontend
• Open-source technologies like Cassandra, Spark, Elasticsearch, React, and Redux
• Industry-standard build tooling, including Gradle, CircleCI, and GitHub
"
"Software Engineer, New Grad - Production Infrastructure",Palantir,"Washington, D.C.",https://jobs.lever.co/palantir/15844944-fb69-4b57-9531-e988650b20c6,"A World-Changing Company

Palantir builds the world’s leading software for data-driven decisions and operations. By bringing the right data to the people who need it, our platforms empower our partners to develop lifesaving drugs, forecast supply chain disruptions, locate missing children, and more.


The Role

Software Engineers at Palantir drive large-scale transformation through data, AI and world-leading infrastructure that supports mission-critical workloads. In this role, you’ll have an opportunity to grow more quickly than you ever envisioned as you contribute high-quality code directly to:

• Rubix and Apollo, platforms deployed at the most important institutions across the public and private sectors
• Shaping Mission Manager, our new internal-infrastructure business line, used by advanced civil and defense agencies worldwide to power their infrastructure in highly sensitive environments
• Building the core capabilities used by advanced civil and defense agencies worldwide to power their infrastructure
• Providing the substrate on which Palantir deploys its other platforms, Foundry and Gotham, which power workflows for research scientists, aerospace engineers, intelligence analysts and economic forecasters

You’ll join our Production Infrastructure organization, made up of small teams of engineers working on:

• Environment Platform: a Kubernetes-based PaaS spanning hundreds of production clusters
• Apollo: secure, fleet-wide deployment and change-management for complex microservice suites
• Signals: our full suite of observability and alerting tools


Core Responsibilities

As a Software Engineer at Palantir, you’ll own every phase of the product lifecycle—from generating ideas and designing prototypes to executing features and shipping releases—while being paired with a dedicated mentor who champions your growth. You’ll work hand-in-hand with both technical and non-technical colleagues to uncover real customer problems and deliver solutions that address them. To gain firsthand insight, you might sit side-saddle at a military exercise or partner directly with vendors using Palantir’s Apollo & Rubix to put our software into the hands of warfighters and government workers.

SWE principles include: 

• Ownership: We see projects through from beginning to end in spite of obstacles we may encounter.
• Collaboration: We work internally with people from a variety of backgrounds — such as other Software Engineers, Product Managers, Designers and Product Reliability Engineers. We also partner with our business development teams (Forward Deployed Engineers, Deployment Strategists) in order to understand and solve our customers' problems.
• Trust: We trust each other to effectively handle time and priorities, and don't micromanage. We want people to have the space to think for themselves, while feeling supported by their team.


Technologies We Use

It doesn’t matter what languages you know when you join us; what matters is that you can write clean, effective code and learn new languages quickly. Our software is constantly evolving, so we need engineers who can do the same. Alongside peers that bring diverse experience - whether you’re a former university Teaching Assistant, switched to computer science recently, or are a hackathon enthusiast — you'll build your skills to apply the best technology to solve a given problem. Right now, we use:

• A variety of languages, including Java and Go for backend and Typescript for frontend
• Open-source technologies like Kubernetes, Cilium, Envoy, Grafana, React, and Redux
• Industry-standard tooling, including Gradle and GitHub, and agentic tools like Windsurf & Cline
"
"Software Engineer, New Grad - Production Infrastructure",Palantir,"London, United Kingdom",https://jobs.lever.co/palantir/3f4dd595-2f57-4b5f-a50a-8d3084641ef8,"A World-Changing Company

Palantir builds the world’s leading software for data-driven decisions and operations. By bringing the right data to the people who need it, our platforms empower our partners to develop lifesaving drugs, forecast supply chain disruptions, locate missing children, and more.


The Role

Software Engineers at Palantir drive large-scale transformation through data, AI and world-leading infrastructure that supports mission-critical workloads. In this role, you’ll have an opportunity to grow more quickly than you ever envisioned as you contribute high-quality code directly to:

• Rubix and Apollo, platforms deployed at the most important institutions across the public and private sectors
• Shaping Mission Manager, our new internal-infrastructure business line, used by advanced civil and defence agencies worldwide to power their infrastructure in highly sensitive environments
• Building the core capabilities used by advanced civil and defence agencies worldwide to power their infrastructure
• Providing the substrate on which Palantir deploys its other platforms, Foundry and Gotham, which power workflows for research scientists, aerospace engineers, intelligence analysts and economic forecasters

You’ll join our Production Infrastructure organisation, made up of small teams of engineers working on:

• Environment Platform: a Kubernetes-based PaaS spanning hundreds of production clusters
• Apollo: secure, fleet-wide deployment and change-management for complex microservice suites
• Signals: our full suite of observability and alerting tools

Core Responsibilities

As a Software Engineer at Palantir, you’ll own every phase of the product lifecycle—from generating ideas and designing prototypes to executing features and shipping releases—while being paired with a dedicated mentor who champions your growth. You’ll work hand-in-hand with both technical and non-technical colleagues to uncover real customer problems and deliver solutions that address them. To gain first-hand insight, you might sit side-saddle at a military exercise or partner directly with vendors using Palantir’s Apollo & Rubix to put our software into the hands of warfighters and government workers.

SWE principles include: 

• Ownership: We see projects through from beginning to end in spite of obstacles we may encounter.
• Collaboration: We work internally with people from a variety of backgrounds — such as other Software Engineers, Product Managers, Designers and Product Reliability Engineers. We also partner with our business development teams (Forward Deployed Engineers, Deployment Strategists) in order to understand and solve our customers' problems.
• Trust: We trust each other to effectively handle time and priorities, and don't micromanage. We want people to have the space to think for themselves, while feeling supported by their team.


Technologies We Use

It doesn’t matter what languages you know when you join us; what matters is that you can write clean, effective code and learn new languages quickly. Our software is constantly evolving, so we need engineers who can do the same. Alongside peers that bring diverse experience – whether you’re a former university Teaching Assistant, switched to computer science recently, or are a hackathon enthusiast – you'll build your skills to apply the best technology to solve a given problem. Right now, we use:

• A variety of languages, including Java and Go for backend and Typescript for frontend
• Open-source technologies like Kubernetes, Cilium, Envoy, Grafana, React, and Redux
• Industry-standard tooling, including Gradle and GitHub, and agentic tools like Windsurf & Cline
"
"Software Engineer, New Grad - Production Infrastructure",Palantir,"Seattle, WA",https://jobs.lever.co/palantir/4d5a144e-87ea-45e2-a68c-3fad590629af,"A World-Changing Company

Palantir builds the world’s leading software for data-driven decisions and operations. By bringing the right data to the people who need it, our platforms empower our partners to develop lifesaving drugs, forecast supply chain disruptions, locate missing children, and more.


The Role

Software Engineers at Palantir drive large-scale transformation through data, AI and world-leading infrastructure that supports mission-critical workloads. In this role, you’ll have an opportunity to grow more quickly than you ever envisioned as you contribute high-quality code directly to:

• Rubix and Apollo, platforms deployed at the most important institutions across the public and private sectors
• Shaping Mission Manager, our new internal-infrastructure business line, used by advanced civil and defense agencies worldwide to power their infrastructure in highly sensitive environments
• Building the core capabilities used by advanced civil and defense agencies worldwide to power their infrastructure
• Providing the substrate on which Palantir deploys its other platforms, Foundry and Gotham, which power workflows for research scientists, aerospace engineers, intelligence analysts and economic forecasters

You’ll join our Production Infrastructure organization, made up of small teams of engineers working on:

• Environment Platform: a Kubernetes-based PaaS spanning hundreds of production clusters
• Apollo: secure, fleet-wide deployment and change-management for complex microservice suites
• Signals: our full suite of observability and alerting tools


Core Responsibilities

As a Software Engineer at Palantir, you’ll own every phase of the product lifecycle—from generating ideas and designing prototypes to executing features and shipping releases—while being paired with a dedicated mentor who champions your growth. You’ll work hand-in-hand with both technical and non-technical colleagues to uncover real customer problems and deliver solutions that address them. To gain firsthand insight, you might sit side-saddle at a military exercise or partner directly with vendors using Palantir’s Apollo & Rubix to put our software into the hands of warfighters and government workers.

SWE principles include: 

• Ownership: We see projects through from beginning to end in spite of obstacles we may encounter.
• Collaboration: We work internally with people from a variety of backgrounds — such as other Software Engineers, Product Managers, Designers and Product Reliability Engineers. We also partner with our business development teams (Forward Deployed Engineers, Deployment Strategists) in order to understand and solve our customers' problems.
• Trust: We trust each other to effectively handle time and priorities, and don't micromanage. We want people to have the space to think for themselves, while feeling supported by their team.


Technologies We Use

It doesn’t matter what languages you know when you join us; what matters is that you can write clean, effective code and learn new languages quickly. Our software is constantly evolving, so we need engineers who can do the same. Alongside peers that bring diverse experience - whether you’re a former university Teaching Assistant, switched to computer science recently, or are a hackathon enthusiast — you'll build your skills to apply the best technology to solve a given problem. Right now, we use:

• A variety of languages, including Java and Go for backend and Typescript for frontend
• Open-source technologies like Kubernetes, Cilium, Envoy, Grafana, React, and Redux
• Industry-standard tooling, including Gradle and GitHub, and agentic tools like Windsurf & Cline
"
"Software Engineer, New Grad - Production Infrastructure",Palantir,"New York, NY",https://jobs.lever.co/palantir/e1a6c138-98bf-45e2-97f7-2c70371cc38a,"A World-Changing Company

Palantir builds the world’s leading software for data-driven decisions and operations. By bringing the right data to the people who need it, our platforms empower our partners to develop lifesaving drugs, forecast supply chain disruptions, locate missing children, and more.


The Role

Software Engineers at Palantir drive large-scale transformation through data, AI and world-leading infrastructure that supports mission-critical workloads. In this role, you’ll have an opportunity to grow more quickly than you ever envisioned as you contribute high-quality code directly to:

• Rubix and Apollo, platforms deployed at the most important institutions across the public and private sectors
• Shaping Mission Manager, our new internal-infrastructure business line, used by advanced civil and defense agencies worldwide to power their infrastructure in highly sensitive environments
• Building the core capabilities used by advanced civil and defense agencies worldwide to power their infrastructure
• Providing the substrate on which Palantir deploys its other platforms, Foundry and Gotham, which power workflows for research scientists, aerospace engineers, intelligence analysts and economic forecasters

You’ll join our Production Infrastructure organization, made up of small teams of engineers working on:

• Environment Platform: a Kubernetes-based PaaS spanning hundreds of production clusters
• Apollo: secure, fleet-wide deployment and change-management for complex microservice suites
• Signals: our full suite of observability and alerting tools


Core Responsibilities

As a Software Engineer at Palantir, you’ll own every phase of the product lifecycle—from generating ideas and designing prototypes to executing features and shipping releases—while being paired with a dedicated mentor who champions your growth. You’ll work hand-in-hand with both technical and non-technical colleagues to uncover real customer problems and deliver solutions that address them. To gain firsthand insight, you might sit side-saddle at a military exercise or partner directly with vendors using Palantir’s Apollo & Rubix to put our software into the hands of warfighters and government workers.

SWE principles include: 

• Ownership: We see projects through from beginning to end in spite of obstacles we may encounter.
• Collaboration: We work internally with people from a variety of backgrounds — such as other Software Engineers, Product Managers, Designers and Product Reliability Engineers. We also partner with our business development teams (Forward Deployed Engineers, Deployment Strategists) in order to understand and solve our customers' problems.
• Trust: We trust each other to effectively handle time and priorities, and don't micromanage. We want people to have the space to think for themselves, while feeling supported by their team.


Technologies We Use

It doesn’t matter what languages you know when you join us; what matters is that you can write clean, effective code and learn new languages quickly. Our software is constantly evolving, so we need engineers who can do the same. Alongside peers that bring diverse experience - whether you’re a former university Teaching Assistant, switched to computer science recently, or are a hackathon enthusiast — you'll build your skills to apply the best technology to solve a given problem. Right now, we use:

• A variety of languages, including Java and Go for backend and Typescript for frontend
• Open-source technologies like Kubernetes, Cilium, Envoy, Grafana, React, and Redux
• Industry-standard tooling, including Gradle and GitHub, and agentic tools like Windsurf & Cline
"
Support Engineer - US Government,Palantir,"Palo Alto, CA",https://jobs.lever.co/palantir/ad443fe3-f1ae-4873-b2c3-09e8d39c3c2c,"A World-Changing Company

Palantir builds the world’s leading software for data-driven decisions and operations. By bringing the right data to the people who need it, our platforms empower our partners to develop lifesaving drugs, forecast supply chain disruptions, locate missing children, and more.


The Role

Palantir’s impact and productivity in the US Government (USG) space depends on our ability to deliver world-class Information Systems (IS) to Palantirians. Support Engineers are the go-to people for all issues related to the hardware and software, and their work enables Palantirians to be productive both in and out of the office. Our goal is to ensure all Palantirians feel supported and receive the help they need to solve their computer-related issues.  

You are an analytical thinker and enjoy troubleshooting issues and finding creative technical solutions. You will make data-driven decisions ensuring that we build systems that resolve and proactively address common issues before they impact end users. You automate yourself out of mundane tasks to focus on making a larger impact. You have strong customer service skills and a customer-driven mindset.
"
Systems Engineer - Business Systems,Palantir,"London, United Kingdom",https://jobs.lever.co/palantir/1ec0ff9f-3d9d-43bc-8aa0-005a887513d0,"A World-Changing Company

Palantir builds the world’s leading software for data-driven decisions and operations. By bringing the right data to the people who need it, our platforms empower our partners to develop lifesaving drugs, forecast supply chain disruptions, locate missing children, and more.


The Role 

As a Systems Engineer in Palantir’s Technical Operations group, you’ll be joining a team that is the focal point for every major business workflow and decision at Palantir. You will be responsible for designing, building, and maintaining the infrastructure foundational to Palantir’s business operations, including financial reporting, sales, and personnel management. You’ll partner with our internal and external stakeholders to adapt industry tools to Palantir’s evolving needs, as well as expanding our use of Palantir Foundry and AIP for internal workloads.

In this role, you’ll provide technical expertise and vision to key stakeholders. A typical day could include evaluating new solutions, strategic planning to align technology initiatives with business outcomes, addressing high priority systems issues, cross-functional collaboration on system improvements, etc. Crucial to success is experience managing multiple business systems while remaining flexible and adaptable to changing requirements and evolving problems. 
"
Systems Engineer - Business Systems,Palantir,"New York, NY",https://jobs.lever.co/palantir/78dbb616-cf3c-489c-9eb2-e6fc9bd9993a,"A World-Changing Company

Palantir builds the world’s leading software for data-driven decisions and operations. By bringing the right data to the people who need it, our platforms empower our partners to develop lifesaving drugs, forecast supply chain disruptions, locate missing children, and more.


The Role 

As a Systems Engineer in Palantir’s Technical Operations group, you’ll be joining a team that is the focal point for every major business workflow and decision at Palantir. You will be responsible for designing, building, and maintaining the infrastructure foundational to Palantir’s business operations, including financial reporting, sales, and personnel management. You’ll partner with our internal and external stakeholders to adapt industry tools to Palantir’s evolving needs, as well as expanding our use of Palantir Foundry and AIP for internal workloads.

In this role, you’ll provide technical expertise and vision to key stakeholders. A typical day could include evaluating new solutions, strategic planning to align technology initiatives with business outcomes, addressing high priority systems issues, cross-functional collaboration on system improvements, etc. Crucial to success is experience managing multiple business systems while remaining flexible and adaptable to changing requirements and evolving problems. 
"
Systems Engineer - Business Systems,Palantir,"Washington, D.C.",https://jobs.lever.co/palantir/da426d8b-5963-42e5-9b19-84649cb519cc,"A World-Changing Company

Palantir builds the world’s leading software for data-driven decisions and operations. By bringing the right data to the people who need it, our platforms empower our partners to develop lifesaving drugs, forecast supply chain disruptions, locate missing children, and more.


The Role 

As a Systems Engineer in Palantir’s Technical Operations group, you’ll be joining a team that is the focal point for every major business workflow and decision at Palantir. You will be responsible for designing, building, and maintaining the infrastructure foundational to Palantir’s business operations, including financial reporting, sales, and personnel management. You’ll partner with our internal and external stakeholders to adapt industry tools to Palantir’s evolving needs, as well as expanding our use of Palantir Foundry and AIP for internal workloads.

In this role, you’ll provide technical expertise and vision to key stakeholders. A typical day could include evaluating new solutions, strategic planning to align technology initiatives with business outcomes, addressing high priority systems issues, cross-functional collaboration on system improvements, etc. Crucial to success is experience managing multiple business systems while remaining flexible and adaptable to changing requirements and evolving problems. 
"
Systems Engineer - Business Systems,Palantir,"Denver, CO",https://jobs.lever.co/palantir/df20ad9f-3d7f-4267-8e37-8253f717534a,"A World-Changing Company

Palantir builds the world’s leading software for data-driven decisions and operations. By bringing the right data to the people who need it, our platforms empower our partners to develop lifesaving drugs, forecast supply chain disruptions, locate missing children, and more.


The Role 

As a Systems Engineer in Palantir’s Technical Operations group, you’ll be joining a team that is the focal point for every major business workflow and decision at Palantir. You will be responsible for designing, building, and maintaining the infrastructure foundational to Palantir’s business operations, including financial reporting, sales, and personnel management. You’ll partner with our internal and external stakeholders to adapt industry tools to Palantir’s evolving needs, as well as expanding our use of Palantir Foundry and AIP for internal workloads.

In this role, you’ll provide technical expertise and vision to key stakeholders. A typical day could include evaluating new solutions, strategic planning to align technology initiatives with business outcomes, addressing high priority systems issues, cross-functional collaboration on system improvements, etc. Crucial to success is experience managing multiple business systems while remaining flexible and adaptable to changing requirements and evolving problems. 
"
Systems Engineer - Business Systems,Palantir,"Palo Alto, CA",https://jobs.lever.co/palantir/e1d6117e-2ee0-4cf6-8040-256c3009389f,"A World-Changing Company

Palantir builds the world’s leading software for data-driven decisions and operations. By bringing the right data to the people who need it, our platforms empower our partners to develop lifesaving drugs, forecast supply chain disruptions, locate missing children, and more.


The Role 

As a Systems Engineer in Palantir’s Technical Operations group, you’ll be joining a team that is the focal point for every major business workflow and decision at Palantir. You will be responsible for designing, building, and maintaining the infrastructure foundational to Palantir’s business operations, including financial reporting, sales, and personnel management. You’ll partner with our internal and external stakeholders to adapt industry tools to Palantir’s evolving needs, as well as expanding our use of Palantir Foundry and AIP for internal workloads.

In this role, you’ll provide technical expertise and vision to key stakeholders. A typical day could include evaluating new solutions, strategic planning to align technology initiatives with business outcomes, addressing high priority systems issues, cross-functional collaboration on system improvements, etc. Crucial to success is experience managing multiple business systems while remaining flexible and adaptable to changing requirements and evolving problems. 
"
Systems Engineer - Microsoft 365,Palantir,"Washington, D.C.",https://jobs.lever.co/palantir/4fbe610c-a1f2-47ca-9932-4bc35e65ee31,"A World-Changing Company

Palantir builds the world’s leading software for data-driven decisions and operations. By bringing the right data to the people who need it, our platforms empower our partners to develop lifesaving drugs, forecast supply chain disruptions, locate missing children, and more.


The Role

As a Systems Engineer in Palantir’s Technical Operations (IT) group, you’ll be joining a team that is the focal point for every major business workflow and decision at Palantir. You will be responsible for designing, building, and maintaining the infrastructure powering Collaboration across the business. You’ll partner with our internal and external stakeholders to adapt industry tools to Palantir’s evolving needs, as well as expanding our use of Palantir Foundry and AIP for internal workloads.

As a member of the Collaboration Tools team, you’ll provide technical expertise and vision to key stakeholders. On any given day, you could be finding ways to programmatically manage complex systems with code, working with other internal teams to ensure services are highly available, or working with Information Security to harden critical systems.
"
Systems Engineer - Microsoft 365,Palantir,"New York, NY",https://jobs.lever.co/palantir/810e07f1-0f24-432e-a615-58478bf6ee51,"A World-Changing Company

Palantir builds the world’s leading software for data-driven decisions and operations. By bringing the right data to the people who need it, our platforms empower our partners to develop lifesaving drugs, forecast supply chain disruptions, locate missing children, and more.


The Role

As a Systems Engineer in Palantir’s Technical Operations (IT) group, you’ll be joining a team that is the focal point for every major business workflow and decision at Palantir. You will be responsible for designing, building, and maintaining the infrastructure powering Collaboration across the business. You’ll partner with our internal and external stakeholders to adapt industry tools to Palantir’s evolving needs, as well as expanding our use of Palantir Foundry and AIP for internal workloads.

As a member of the Collaboration Tools team, you’ll provide technical expertise and vision to key stakeholders. On any given day, you could be finding ways to programmatically manage complex systems with code, working with other internal teams to ensure services are highly available, or working with Information Security to harden critical systems.
"
Talent Coordinator,Palantir,"New York, NY",https://jobs.lever.co/palantir/4186c7e2-1fc4-4049-81fb-fa98efb9d1de,"A World-Changing Company

Palantir builds the world’s leading software for data-driven decisions and operations. By bringing the right data to the people who need it, our platforms empower our partners to develop lifesaving drugs, forecast supply chain disruptions, locate missing children, and more.


The Role

As a Talent Coordinator at Palantir, you will work closely with our hiring managers and recruiters to ensure a positive interview experience for all candidates. We’re looking for someone who is positive, resourceful, and who thrives under pressure. This position will rely heavily on your superb ability to manage multiple and competing priorities in a fast moving environment. You will be part of a team that is responsible for developing, implementing, and executing on a broad recruiting strategy, with an emphasis on efficiency and overall value generation (i.e. hiring awesome people!).
"
Talent Coordinator,Palantir,"London, United Kingdom",https://jobs.lever.co/palantir/a114f925-b5cb-4076-bf68-c77310754aec,"A World-Changing Company

Palantir builds the world’s leading software for data-driven decisions and operations. By bringing the right data to the people who need it, our platforms empower our partners to develop lifesaving drugs, forecast supply chain disruptions, locate missing children, and more.


The Role

As a Talent Coordinator at Palantir, you will work closely with our hiring managers and Talent Strategists to ensure a positive interview experience for all candidates. We’re looking for someone who is positive, resourceful, and who thrives under pressure. This position will rely heavily on your superb ability to manage multiple and competing priorities in a fast-moving environment. You will be part of a team that is responsible for developing, implementing, and executing on a broad recruiting strategy, with an emphasis on efficiency and overall value generation (i.e. hiring awesome people!).
"
Talent Strategist,Palantir,"London, United Kingdom",https://jobs.lever.co/palantir/484658a9-d6da-4d5f-9ab3-7c9f6ae3cd71,"A World-Changing Company

Palantir builds the world’s leading software for data-driven decisions and operations. By bringing the right data to the people who need it, our platforms empower our partners to develop lifesaving drugs, forecast supply chain disruptions, locate missing children, and more.


The Role

Talent Strategists work directly for one of our business or product development teams. We work to achieve the same mission using a different and complementary set of tools. We internalise the gravity, urgency, and meaning of our company’s work, inspiring us to find the exceptional individuals we know our teams need to win.

We innovate constantly to achieve these ends. We design creative and effective hiring operations in response to the demands our teams face. We embrace breaking these apart and evolving when the terrain beneath us shifts. We scan constantly for what’s working and what’s failing, leveraging data and our keen intuition.

Your ability to source uniquely excellent candidates and ascertain team fit is critical in this role. This requires embedding, not merely engaging, with a range of counterparts at the company, from the C-suite to Forward Deployed Engineering. The demands are intense, meaningful, and ever-changing. If this sounds as enticing as it does challenging, you’ll thrive here.
"
Talent Strategist,Palantir,"New York, NY",https://jobs.lever.co/palantir/fef637bd-60f6-4603-b749-14e609c473a5,"A World-Changing Company

Palantir builds the world’s leading software for data-driven decisions and operations. By bringing the right data to the people who need it, our platforms empower our partners to develop lifesaving drugs, forecast supply chain disruptions, locate missing children, and more.


The Role

Talent Strategists work directly for one of our business or product development teams. We work to achieve the same mission using a different and complementary set of tools. We internalize the gravity, urgency, and meaning of our company’s work, inspiring us to find the exceptional individuals we know our teams need to win. 

We innovate constantly to achieve these ends. We design creative and effective hiring operations in response to the demands our teams face. We embrace breaking these apart and evolving when the terrain beneath us shifts. We scan constantly for what’s working and what’s failing, leveraging data and our keen intuition. 

Your ability to source uniquely excellent candidates and ascertain team fit is critical in this role. This requires embedding, not merely engaging, with a range of counterparts at the company, from the C-suite to Forward Deployed Engineering. The demands are intense, meaningful, and ever-changing. If this sounds as enticing as it does challenging, you’ll thrive here. 
"
Technical Program Manager (TPM),Palantir,"New York, NY",https://jobs.lever.co/palantir/7eb0dedb-37ee-4175-b29f-10a9e4340076,"A World-Changing Company

Palantir builds the world’s leading software for data-driven decisions and operations. By bringing the right data to the people who need it, our platforms empower our partners to develop lifesaving drugs, forecast supply chain disruptions, locate missing children, and more.


The Role

As a Technical Program Manager (TPM), you are the engine behind Palantir’s engineering teams. You partner with developers to optimize our development process and make sure we’re shipping high quality products every day. You track and stabilize projects, remove roadblocks, and anticipate customer needs to free up our engineers to focus their time and attention on the technical problems they are best equipped to solve.

This position requires a combination of project management, process optimization, technical proficiency and execution skills. You are a person who loves fixing problems, scaling technical solutions, and always embraces the best idea, even when it is not your own.
"
Technical Program Manager (TPM) - Defense,Palantir,"Washington, D.C.",https://jobs.lever.co/palantir/bd16f7ad-3bee-48fd-9902-b3ee9698b608,"A World-Changing Company

Palantir builds the world’s leading software for data-driven decisions and operations. By bringing the right data to the people who need it, our platforms empower our partners to develop lifesaving drugs, forecast supply chain disruptions, locate missing children, and more.


The Role

Palantir's defense product vertical builds mission-critical products for the modern warfighter. We provide a complete ecosystem where customers can securely integrate and visualize their data, and build sophisticated, full-fledged programs such as common operating pictures, alert-triaging inboxes, and resource allocation planning tools driven by rich-ML models. Our customers use our defense offering to perform rich analyses that drive core operations within their organizations - these programs are relied upon for daily operations in the command centers and battlefronts of militaries across the world. 

As a Technical Program Manager (TPM) focused on our defense product offering, you are the engine behind Palantir’s engineering teams. You partner with developers to optimize our development process and make sure we’re shipping high quality products every day.  You track and stabilize projects, remove roadblocks, and anticipate stakeholder needs to free up our engineers to focus their time and attention on the technical problems they are best equipped to solve.

This position requires a combination of project management, process optimization, technical aptitude and execution skills. You are a person who loves fixing problems and always embraces the best idea, even when it is not your own.
"
Technical Writer,Palantir,"New York, NY",https://jobs.lever.co/palantir/95a76f41-97a4-4696-ade3-9c5a47a569c7,"A World-Changing Company

Palantir builds the world’s leading software for data-driven decisions and operations. By bringing the right data to the people who need it, our platforms empower our partners to develop lifesaving drugs, forecast supply chain disruptions, locate missing children, and more.


The Role

As a technical writer and editor, you’ll play a key role in helping our customers succeed by creating, maintaining, and improving documentation that supports users of Palantir’s products.

At Palantir, we view documentation as a key part of product development. Working at the intersection of users and Palantir’s products, you will develop an understanding of user needs and help them get the most out of our software. You’ll be a thought partner with our product development teams, combining your communication skills with empathy for users and product knowledge. Your work will primarily be on written documentation, but may also include interactive tutorials, recorded demonstrations, or other communication channels. 

Teams and individuals at Palantir operate with a high degree of autonomy and independence. In this role, you’ll be responsible for setting priorities for your work, deciding where to allocate your time based on an assessment of stakeholder and organizational needs. You should be comfortable thinking about the “big picture” narrative and structure of our documentation, as well as diving into the details. On any given day, you might find yourself editing a guide drafted by a developer, writing a new tutorial for a critical workflow, or identifying an area that needs improvement and partnering with a team to make the fix. You will also gain exposure to the technical infrastructure for composing and distributing platform documentation.
"
Technical Writer,Palantir,"Washington, D.C.",https://jobs.lever.co/palantir/b11a97bd-ac86-4cf8-a008-ffe1772a190a,"A World-Changing Company

Palantir builds the world’s leading software for data-driven decisions and operations. By bringing the right data to the people who need it, our platforms empower our partners to develop lifesaving drugs, forecast supply chain disruptions, locate missing children, and more.


The Role

As a technical writer and editor, you’ll play a key role in helping our customers succeed by creating, maintaining, and improving documentation that supports users of Palantir’s products.

At Palantir, we view documentation as a key part of product development. Working at the intersection of users and Palantir’s products, you will develop an understanding of user needs and help them get the most out of our software. You’ll be a thought partner with our product development teams, combining your communication skills with empathy for users and product knowledge. Your work will primarily be on written documentation, but may also include interactive tutorials, recorded demonstrations, or other communication channels. 

Teams and individuals at Palantir operate with a high degree of autonomy and independence. In this role, you’ll be responsible for setting priorities for your work, deciding where to allocate your time based on an assessment of stakeholder and organizational needs. You should be comfortable thinking about the “big picture” narrative and structure of our documentation, as well as diving into the details. On any given day, you might find yourself editing a guide drafted by a developer, writing a new tutorial for a critical workflow, or identifying an area that needs improvement and partnering with a team to make the fix. You will also gain exposure to the technical infrastructure for composing and distributing platform documentation.
"
Technical Writer,Palantir,"London, United Kingdom",https://jobs.lever.co/palantir/c9426c38-9c6f-44bc-acad-bb2e6ed315f6,"A World-Changing Company

Palantir builds the world’s leading software for data-driven decisions and operations. By bringing the right data to the people who need it, our platforms empower our partners to develop lifesaving drugs, forecast supply chain disruptions, locate missing children, and more.


The Role

As a technical writer and editor, you’ll play a key role in helping our customers succeed by creating, maintaining, and improving documentation that supports users of Palantir’s products.

At Palantir, we view documentation as a key part of product development. Working at the intersection of users and Palantir’s products, you will develop an understanding of user needs and help them get the most out of our software. You’ll be a thought partner with our product development teams, combining your communication skills with empathy for users and product knowledge. Your work will primarily be on written documentation, but may also include interactive tutorials, recorded demonstrations, or other communication channels. 

Teams and individuals at Palantir operate with a high degree of autonomy and independence. In this role, you’ll be responsible for setting priorities for your work, deciding where to allocate your time based on an assessment of stakeholder and organisational needs. You should be comfortable thinking about the “big picture” narrative and structure of our documentation, as well as diving into the details. On any given day, you might find yourself editing a guide drafted by a developer, writing a new tutorial for a critical workflow, or identifying an area that needs improvement and partnering with a team to make the fix. You will also gain exposure to the technical infrastructure for composing and distributing platform documentation.
"
Threat Specialist,Palantir,"New York, NY",https://jobs.lever.co/palantir/2b11cbf8-18b0-44b0-a4ed-0d8bd4ffc9c7,"A World-Changing Company

Palantir builds the world’s leading software for data-driven decisions and operations. By bringing the right data to the people who need it, our platforms empower our partners to develop lifesaving drugs, forecast supply chain disruptions, locate missing children, and more.


The Role

We’re looking for a security (or national security) professional who is innately curious and has the ability and desire to dive into the details of complex, murky, and sensitive investigations, conducted on behalf of multiple stakeholders with (often) competing and shifting priorities.

As a Threat Specialist on the Palantir Security team, you will work alongside various internal teams to analyze potential external and insider threats, and mitigate the risks posed to Palantir assets and people. We are looking for a motivated self-starter who is eager to serve in a hybrid role, fusing operational security (OPSEC) expertise, threat research, and analysis. In this role, you will interface closely with Information Security, Compliance, Legal, Global Security and Investigations teams, as well as other internal/external stakeholders. This role requires established open source investigations and research skills, experience in Counterintelligence (CI), strong analytical writing and briefing/debriefing skills, and an appetite to become more technical; existing technical experience is a plus. You must be able to synthesize complex information from various sources and convey risk, as well as present investigative/analytical assessment data, in a clear and concise manner to internal and externals stakeholders, including company leadership.
"
Threat Specialist,Palantir,"Denver, CO",https://jobs.lever.co/palantir/7cf614d7-cc9a-485c-862d-1a72ff2df53c,"A World-Changing Company

Palantir builds the world’s leading software for data-driven decisions and operations. By bringing the right data to the people who need it, our platforms empower our partners to develop lifesaving drugs, forecast supply chain disruptions, locate missing children, and more.


The Role

We’re looking for a security (or national security) professional who is innately curious and has the ability and desire to dive into the details of complex, murky, and sensitive investigations, conducted on behalf of multiple stakeholders with (often) competing and shifting priorities.

As a Threat Specialist on the Palantir Security team, you will work alongside various internal teams to analyze potential external and insider threats, and mitigate the risks posed to Palantir assets and people. We are looking for a motivated self-starter who is eager to serve in a hybrid role, fusing operational security (OPSEC) expertise, threat research, and analysis. In this role, you will interface closely with Information Security, Compliance, Legal, Global Security and Investigations teams, as well as other internal/external stakeholders. This role requires established open source investigations and research skills, experience in Counterintelligence (CI), strong analytical writing and briefing/debriefing skills, and an appetite to become more technical; existing technical experience is a plus. You must be able to synthesize complex information from various sources and convey risk, as well as present investigative/analytical assessment data, in a clear and concise manner to internal and externals stakeholders, including company leadership.
"
Threat Specialist,Palantir,"Seattle, WA",https://jobs.lever.co/palantir/8f87fb12-7b8d-4ac0-b780-4d163ac98f74,"A World-Changing Company

Palantir builds the world’s leading software for data-driven decisions and operations. By bringing the right data to the people who need it, our platforms empower our partners to develop lifesaving drugs, forecast supply chain disruptions, locate missing children, and more.


The Role

We’re looking for a security (or national security) professional who is innately curious and has the ability and desire to dive into the details of complex, murky, and sensitive investigations, conducted on behalf of multiple stakeholders with (often) competing and shifting priorities.

As a Threat Specialist on the Palantir Security team, you will work alongside various internal teams to analyze potential external and insider threats, and mitigate the risks posed to Palantir assets and people. We are looking for a motivated self-starter who is eager to serve in a hybrid role, fusing operational security (OPSEC) expertise, threat research, and analysis. In this role, you will interface closely with Information Security, Compliance, Legal, Global Security and Investigations teams, as well as other internal/external stakeholders. This role requires established open source investigations and research skills, experience in Counterintelligence (CI), strong analytical writing and briefing/debriefing skills, and an appetite to become more technical; existing technical experience is a plus. You must be able to synthesize complex information from various sources and convey risk, as well as present investigative/analytical assessment data, in a clear and concise manner to internal and externals stakeholders, including company leadership.
"
Threat Specialist,Palantir,"Washington, D.C.",https://jobs.lever.co/palantir/e4582dd9-999e-4587-b524-aeb04c705a1b,"A World-Changing Company

Palantir builds the world’s leading software for data-driven decisions and operations. By bringing the right data to the people who need it, our platforms empower our partners to develop lifesaving drugs, forecast supply chain disruptions, locate missing children, and more.


The Role

We’re looking for a security (or national security) professional who is innately curious and has the ability and desire to dive into the details of complex, murky, and sensitive investigations, conducted on behalf of multiple stakeholders with (often) competing and shifting priorities.

As a Threat Specialist on the Palantir Security team, you will work alongside various internal teams to analyze potential external and insider threats, and mitigate the risks posed to Palantir assets and people. We are looking for a motivated self-starter who is eager to serve in a hybrid role, fusing operational security (OPSEC) expertise, threat research, and analysis. In this role, you will interface closely with Information Security, Compliance, Legal, Global Security and Investigations teams, as well as other internal/external stakeholders. This role requires established open source investigations and research skills, experience in Counterintelligence (CI), strong analytical writing and briefing/debriefing skills, and an appetite to become more technical; existing technical experience is a plus. You must be able to synthesize complex information from various sources and convey risk, as well as present investigative/analytical assessment data, in a clear and concise manner to internal and externals stakeholders, including company leadership.
"
UKG Compliance Engineer,Palantir,"London, United Kingdom",https://jobs.lever.co/palantir/f103bd3b-03e5-49ef-a8d4-8647e6e258b8,"A World-Changing Company

Palantir builds the world’s leading software for data-driven decisions and operations. By bringing the right data to the people who need it, our platforms empower our partners to develop lifesaving drugs, forecast supply chain disruptions, locate missing children, and more.


The Role

As a UKG Compliance Engineer, you will help our engineers implement and audit Palantir security controls across our entire product line. You'll work closely with many different teams to shape these controls and cultivate a robust and nimble approach to risk management across the company. You will navigate and interpret complex government regulatory frameworks and approaches (e.g. Secure-by-Design, application of relevant MOD JSPs and NIST standards) in order to provide practical guidance on technical architecture, documentation and operational concerns, and sustainable processes that will allow us to continue to grow quickly and efficiently.
"
Visual Designer - Defense,Palantir,"Washington, D.C.",https://jobs.lever.co/palantir/41523738-df52-450b-8e12-93b1470a5eaa,"A World-Changing Company

Palantir builds the world’s leading software for data-driven decisions and operations. By bringing the right data to the people who need it, our platforms empower our partners to develop lifesaving drugs, forecast supply chain disruptions, locate missing children, and more.


The Role

We're looking for a multidisciplinary Visual Designer to join our Product Design team and be the visual storyteller for our latest defense product concepts. You will be responsible for rapidly producing mockups/imagery, short videos, and interactive prototypes that bring ideas, both nascent and developed, to life. This role lives at the nexus of product development, product marketing, and business development. Your output will be critical for sharing concepts with audiences internal and external to Palantir.

The mandate is broad: in this role, you'll create everything from user interface (UI) mockups for a customer meeting, to diagrams that explain our technology, to videos that debut a new product at a conference. Ideal candidates are master visual designers and also have UI/UX intuition and experience. You thrive on taking complex concepts and distilling them into straightforward, crisp stories. 

A note about the distinction between Communications, Product, and Visual Design roles at Palantir:
•  Communications Designers are responsible for upholding Palantir's brand standards. They are the visual storytellers for branding, marketing, presentations, and events.
•  Product Designers define, design, and assist in building new user interfaces across our core platforms: Gotham, Foundry, Apollo, and AIP. They collaborate with Forward Deployed Engineers to gain context about end users and their unique workflows.
•  Visual Designers are on the bleeding edge of new product. They imagine what new offerings could look like, whether additions to the core platforms, or something tailored to a potential customer.
"
Visual Designer - Defense,Palantir,"New York, NY",https://jobs.lever.co/palantir/7884d7f6-0338-43ce-8707-4d5f593f699e,"A World-Changing Company

Palantir builds the world’s leading software for data-driven decisions and operations. By bringing the right data to the people who need it, our platforms empower our partners to develop lifesaving drugs, forecast supply chain disruptions, locate missing children, and more.


The Role

We're looking for a multidisciplinary Visual Designer to join our Product Design team and be the visual storyteller for our latest defense product concepts. You will be responsible for rapidly producing mockups/imagery, short videos, and interactive prototypes that bring ideas, both nascent and developed, to life. This role lives at the nexus of product development, product marketing, and business development. Your output will be critical for sharing concepts with audiences internal and external to Palantir.

The mandate is broad: in this role, you'll create everything from user interface (UI) mockups for a customer meeting, to diagrams that explain our technology, to videos that debut a new product at a conference. Ideal candidates are master visual designers and also have UI/UX intuition and experience. You thrive on taking complex concepts and distilling them into straightforward, crisp stories. 

A note about the distinction between Communications, Product, and Visual Design roles at Palantir:
•  Communications Designers are responsible for upholding Palantir's brand standards. They are the visual storytellers for branding, marketing, presentations, and events.
•  Product Designers define, design, and assist in building new user interfaces across our core platforms: Gotham, Foundry, Apollo, and AIP. They collaborate with Forward Deployed Engineers to gain context about end users and their unique workflows.
•  Visual Designers are on the bleeding edge of new product. They imagine what new offerings could look like, whether additions to the core platforms, or something tailored to a potential customer.
"
Web Application Developer - Defense,Palantir,"Washington, D.C.",https://jobs.lever.co/palantir/4255e21c-d0f2-4f57-b5db-1f65830d6425,"A World-Changing Company

Palantir builds the world’s leading software for data-driven decisions and operations. By bringing the right data to the people who need it, our platforms empower our partners to develop lifesaving drugs, forecast supply chain disruptions, locate missing children, and more.


The Role

Palantir's defense product vertical builds mission-critical products for the modern warfighter. We provide a complete ecosystem where customers can securely integrate and visualize their data, and build sophisticated, full-fledged programs such as common operating pictures, alert-triaging inboxes, and resource allocation planning tools driven by rich-ML models. Our customers use our defense offering to perform rich analyses that drive core operations within their organizations - these programs are relied upon for daily operations in the command centers and battlefronts of militaries across the world. 

This is a frontend engineering role focused on application development for our defense product offering, where you will be responsible for crafting the applications that organizations use every day to keep their countries safe. You will be architecting and developing interfaces to make sophisticated, data-intensive workflows both powerful and approachable, including to non-technical users. You may spend one day talking to users to better understand their needs and identifying product gaps to improve. The next day, you might find yourself putting that customer context to use and brainstorming how to handle intricate UX needs with your teammates. You’ll regularly face sophisticated technical problems, requiring you to scope out the solution design and finding an incremental path to shipping the new features. As part of this, you will own APIs and schemas that power your frontend code, and work with backend engineers in developing them together. You’ll be constantly exploring new horizons and building new skills in service of real world needs: between type theory, operational transforms, 2D and 3D mapping, UI design systems, high-scale graphics rendering, evidence-based performance optimization, and the never-ending need to decompose user asks into rich, sophisticated, and maintainable software, there is always a new challenge to be faced.



Core Responsibilities

As a frontend engineer working on our defense product offering, you will be involved throughout the product lifecycle - from idea generation, design, and prototyping to execution and shipping.
"
Web Application Developer - Defense,Palantir,"New York, NY",https://jobs.lever.co/palantir/6a82fd06-5754-46c2-8214-9ca4cd89fb9d,"A World-Changing Company

Palantir builds the world’s leading software for data-driven decisions and operations. By bringing the right data to the people who need it, our platforms empower our partners to develop lifesaving drugs, forecast supply chain disruptions, locate missing children, and more.


The Role

Palantir's defense product vertical builds mission-critical products for the modern warfighter. We provide a complete ecosystem where customers can securely integrate and visualize their data, and build sophisticated, full-fledged programs such as common operating pictures, alert-triaging inboxes, and resource allocation planning tools driven by rich-ML models. Our customers use our defense offering to perform rich analyses that drive core operations within their organizations - these programs are relied upon for daily operations in the command centers and battlefronts of militaries across the world. 

This is a frontend engineering role focused on application development for our defense product offering, where you will be responsible for crafting the applications that organizations use every day to keep their countries safe. You will be architecting and developing interfaces to make sophisticated, data-intensive workflows both powerful and approachable, including to non-technical users. You may spend one day talking to users to better understand their needs and identifying product gaps to improve. The next day, you might find yourself putting that customer context to use and brainstorming how to handle intricate UX needs with your teammates. You’ll regularly face sophisticated technical problems, requiring you to scope out the solution design and finding an incremental path to shipping the new features. As part of this, you will own APIs and schemas that power your frontend code, and work with backend engineers in developing them together. You’ll be constantly exploring new horizons and building new skills in service of real world needs: between type theory, operational transforms, 2D and 3D mapping, UI design systems, high-scale graphics rendering, evidence-based performance optimization, and the never-ending need to decompose user asks into rich, sophisticated, and maintainable software, there is always a new challenge to be faced.



Core Responsibilities

As a frontend engineer working on our defense product offering, you will be involved throughout the product lifecycle - from idea generation, design, and prototyping to execution and shipping.
"
Web Application Developer - Defense,Palantir,"Palo Alto, CA",https://jobs.lever.co/palantir/96e4295f-3af7-48e5-a2c8-74622eaf5587,"A World-Changing Company

Palantir builds the world’s leading software for data-driven decisions and operations. By bringing the right data to the people who need it, our platforms empower our partners to develop lifesaving drugs, forecast supply chain disruptions, locate missing children, and more.


The Role

Palantir's defense product vertical builds mission-critical products for the modern warfighter. We provide a complete ecosystem where customers can securely integrate and visualize their data, and build sophisticated, full-fledged programs such as common operating pictures, alert-triaging inboxes, and resource allocation planning tools driven by rich-ML models. Our customers use our defense offering to perform rich analyses that drive core operations within their organizations - these programs are relied upon for daily operations in the command centers and battlefronts of militaries across the world. 

This is a frontend engineering role focused on application development for our defense product offering, where you will be responsible for crafting the applications that organizations use every day to keep their countries safe. You will be architecting and developing interfaces to make sophisticated, data-intensive workflows both powerful and approachable, including to non-technical users. You may spend one day talking to users to better understand their needs and identifying product gaps to improve. The next day, you might find yourself putting that customer context to use and brainstorming how to handle intricate UX needs with your teammates. You’ll regularly face sophisticated technical problems, requiring you to scope out the solution design and finding an incremental path to shipping the new features. As part of this, you will own APIs and schemas that power your frontend code, and work with backend engineers in developing them together. You’ll be constantly exploring new horizons and building new skills in service of real world needs: between type theory, operational transforms, 2D and 3D mapping, UI design systems, high-scale graphics rendering, evidence-based performance optimization, and the never-ending need to decompose user asks into rich, sophisticated, and maintainable software, there is always a new challenge to be faced.



Core Responsibilities

As a frontend engineer working on our defense product offering, you will be involved throughout the product lifecycle - from idea generation, design, and prototyping to execution and shipping.
"
Workplace Operations Analyst,Palantir,"Washington, D.C.",https://jobs.lever.co/palantir/885b4e3a-fc76-4818-9b45-9386e615c74b,"A World-Changing Company

Palantir builds the world’s leading software for data-driven decisions and operations. By bringing the right data to the people who need it, our platforms empower our partners to develop lifesaving drugs, forecast supply chain disruptions, locate missing children, and more.


The Role

Our Workplace Operations Team is dedicated to providing an excellent in-office experience for our employees here at Palantir. We excel in “Getting Things Done”; executing tall asks, with tight turnaround times while maintaining the highest level of professionalism. 
"
Account Executive - Banking and Wealth,Plaid,San Francisco,https://jobs.lever.co/plaid/f783a8c4-8ae2-4646-b4f3-a194940ff3b2,"We believe that the way people interact with their finances will drastically improve in the next few years. We’re dedicated to empowering this transformation by building the tools and experiences that thousands of developers use to create their own products. Plaid powers the tools millions of people rely on to live a healthier financial life. We work with thousands of companies like Venmo, SoFi, several of the Fortune 500, and many of the largest banks to make it easy for people to connect their financial accounts to the apps and services they want to use. Plaid’s network covers 12,000 financial institutions across the US, Canada, UK and Europe. Founded in 2013, the company is headquartered in San Francisco with offices in New York, Washington D.C., London and Amsterdam.


At Plaid, our mission is to unlock financial freedom for everyone.  There has never been a better time than now to start building the future of fintech with us. Plaid powers the tools millions of people rely on to live a healthier financial life. We work with thousands of companies like Venmo, SoFi, and Betterment, several of the Fortune 500, and many of the largest banks to make it easy for people to connect their financial accounts to the apps and services they want to use. Plaid’s network covers 12,000 financial institutions across the US, Canada, UK and Europe. Founded in 2013, the company is headquartered in San Francisco with offices in New York, Washington D.C., London and Amsterdam. #LI-Remote

Our Sales team combines deep product and industry knowledge and is focused on bringing Plaid to an ever-broadening set of businesses. Our thesis is that every company in financial services, and most specifically the Banks themselves, can benefit from better technology and access to data.  

We’re building a team to work exclusively with the leading banks throughout North America to help enable their transformation to deliver incredible digital and consumer experiences to their customers, at the scale and quality needed by the largest banks.   

Your focus will be on developing & leading large, complex new enterprise deals and building strong, long-lasting relationships with the banks to execute on their vision. Furthermore, you'll help shape how we engage, design and build products for the best brands in banking.
"
Account Executive - Fintech,Plaid,New York,https://jobs.lever.co/plaid/d6389903-e642-4189-804c-02d271714bdb,"We believe that the way people interact with their finances will drastically improve in the next few years. We’re dedicated to empowering this transformation by building the tools and experiences that thousands of developers use to create their own products. Plaid helps power leading Fintech apps including Cash App, Chime, Dave, Robinhood, Venmo, and thousands more, enabling millions of people to access financial services and improve their overall financial health. Founded in 2013, we're headquartered in San Francisco with offices in New York, Washington D.C., London, and Amsterdam.

The Fintech team at Plaid combines deep product and industry knowledge and is focused on helping both upcoming and well-established Fintechs take their growth to the next level. Our thesis is that every company in Fintech can benefit from leveraging a bespoke Plaid solution, focused on helping them achieve their unique goals and objectives. In this role, you'll be the individual helping us achieve this vision.

Your focus will be on working with both Plaid's existing Fintech customers, as well as finding net new Fintechs that currently do not use Plaid. You will develop a deep understanding of their business, and align our solutions to help them achieve both near and long-term goals.
"
Account Executive - Fintech Named,Plaid,New York,https://jobs.lever.co/plaid/529e32e5-d849-498f-b313-29b6cc99e593,"We believe that the way people interact with their finances will drastically improve in the next few years. We’re dedicated to empowering this transformation by building the tools and experiences that thousands of developers use to create their own products. Plaid helps power leading Fintech apps including Cash App, Chime, Dave, Robinhood, Venmo, and thousands more, enabling millions of people to access financial services and improve their overall financial health. Founded in 2013, we're headquartered in San Francisco with offices in New York, Washington D.C., London, and Amsterdam.

The Fintech team at Plaid combines deep product and industry knowledge and is focused on helping both upcoming and well-established Fintechs take their growth to the next level. Our thesis is that every company in Fintech can benefit from leveraging a bespoke Plaid solution, focused on helping them achieve their unique goals and objectives. In this role, you'll be the individual helping us achieve this vision.
"
"Account Executive - Named Accounts, Banking and Wealth",Plaid,United States,https://jobs.lever.co/plaid/bf77eff7-51a0-4e46-9c18-4be7885d8ba9,"At Plaid, our mission is to unlock financial freedom for everyone.  There has never been a better time than now to start building the future of fintech with us. Plaid powers the tools millions of people rely on to live a healthier financial life. We work with thousands of companies like Venmo, SoFi, and Betterment, several of the Fortune 500, and many of the largest banks to make it easy for people to connect their financial accounts to the apps and services they want to use. Plaid’s network covers 12,000 financial institutions across the US, Canada, UK and Europe. Founded in 2013, the company is headquartered in San Francisco with offices in New York, Washington D.C., London and Amsterdam. #LI-Remote

Our Sales team combines deep product and industry knowledge and is focused on bringing Plaid to an ever-broadening set of businesses. Our thesis is that every company in financial services, and most specifically the Banks themselves, can benefit from better technology and access to data. 

This person would work with leading banks throughout North America to help enable their transformation to deliver incredible digital and consumer experiences to their customers, at the scale and quality needed by the largest banks.  

Your focus will be on developing & leading large, complex new enterprise deals and building strong, long-lasting relationships with the banks to execute on their vision. Furthermore, you'll help shape how we engage, design and build products for the best brands in banking.

"
Account Executive - Named Enterprise,Plaid,San Francisco,https://jobs.lever.co/plaid/752a88ea-fa8b-4bf0-b3ad-1e2847f2dbce,"We believe that the way people interact with their finances will drastically improve in the next few years. We’re dedicated to empowering this transformation by building the tools and experiences that thousands of developers use to create their own products. Plaid powers the tools millions of people rely on to live a healthier financial life. We work with thousands of companies like Venmo, SoFi, several of the Fortune 500, and many of the largest banks to make it easy for people to connect their financial accounts to the apps and services they want to use. Plaid’s network covers 12,000 financial institutions across the US, Canada, UK and Europe. Founded in 2013, the company is headquartered in San Francisco with offices in New York, Washington D.C., London and Amsterdam.


Our Sales team at Plaid combines deep product and industry knowledge and is focused on bringing Plaid to an ever-broadening set of businesses. Our thesis is that every company in financial services can benefit from better financial technology and that many industries that don't currently consider themselves to be fintech actually are.

In this role, you'll be the individual helping us achieve this vision. Your focus will be on generating new enterprise deals and building strong, long-lasting relationships with large companies in the Western US. You'll be tasked with identifying and closing major deals across verticals in financial services, utilities, billing, insurance, and more.
"
Account Executive - Named Enterprise - Public Sector,Plaid,United States,https://jobs.lever.co/plaid/a335de27-ae68-46cb-a320-8c0494e47e42,"We believe that the way people interact with their finances will drastically improve in the next few years. We’re dedicated to empowering this transformation by building the tools and experiences that thousands of developers use to create their own products. Plaid powers the tools millions of people rely on to live a healthier financial life. We work with thousands of companies like Venmo, SoFi, several of the Fortune 500, and many of the largest banks to make it easy for people to connect their financial accounts to the apps and services they want to use. Plaid’s network covers 12,000 financial institutions across the US, Canada, UK and Europe. Founded in 2013, the company is headquartered in San Francisco with offices in New York, Washington D.C., London and Amsterdam.


Our Sales team at Plaid combines deep product and industry knowledge and is focused on bringing Plaid to an ever-broadening set of businesses. Our thesis is that every company in financial services can benefit from better financial technology and that many industries that don't currently consider themselves to be fintech actually are.
"
Account Executive - SMB,Plaid,San Francisco,https://jobs.lever.co/plaid/96cecfd1-a364-4514-8bf3-f753fd601e02,"We believe that the way people interact with their finances will drastically improve in the next few years. We’re dedicated to empowering this transformation by building the tools and experiences that thousands of developers use to create their own products. Plaid powers the tools millions of people rely on to live a healthier financial life. We work with thousands of companies like Venmo, SoFi, several of the Fortune 500, and many of the largest banks to make it easy for people to connect their financial accounts to the apps and services they want to use. Plaid’s network covers 12,000 financial institutions across the US, Canada, UK and Europe. Founded in 2013, the company is headquartered in San Francisco with offices in New York, Washington D.C., London and Amsterdam.

Our Sales team at Plaid combines deep product and industry knowledge and is focused on bringing Plaid to an ever-broadening set of businesses. We believe every  financial services company can benefit from better financial technology. This isn’t limited to the financial services industry, any company offering financial products to consumers deserves the best financial technology. You'll be the individual helping us achieve this vision. You will focus on generating new deals and building strong, long-lasting relationships with companies. You'll be tasked with identifying and closing deals across verticals in financial services, utilities, billing, insurance, and more.
"
Account Executive Leader - Fraud,Plaid,United States,https://jobs.lever.co/plaid/98704e37-c2f5-491a-b5db-281eea83520a,"We believe that the way people interact with their finances will drastically improve in the next few years. We’re dedicated to empowering this transformation by building the tools and experiences that thousands of developers use to create their own products. Plaid powers the tools millions of people rely on to live a healthier financial life. We work with thousands of companies like Venmo, SoFi, several of the Fortune 500, and many of the largest banks to make it easy for people to connect their financial accounts to the apps and services they want to use. Plaid’s network covers 12,000 financial institutions across the US, Canada, UK and Europe. Founded in 2013, the company is headquartered in San Francisco with offices in New York, Washington D.C., London and Amsterdam.


The Fraud Product Sales team at Plaid is a specialist, solutions-focused sales organization responsible for driving adoption and growth of Plaid’s emerging products across both new and existing customers. This team plays a critical role in scaling products, translating customer needs into commercial opportunities, and accelerating Plaid’s next phase of growth through consultative, value-driven selling.

As Account Executive Leader - Fraud, you will be responsible for the performance and growth of Plaid’s Fraud solutions, serving as a player-coach who both leads and directly closes strategic deals. You will bring deep expertise across fraud, risk, and identity verification to drive new business and expansion, partnering closely with Product and cross-functional Go-To-Market teams to shape sales strategy, develop specialist AEs, and translate complex customer fraud challenges into meaningful, revenue-generating outcomes. This role is hands-on by design and is ideal for a seasoned fraud sales leader who thrives in ambiguity, influences without direct authority, and is motivated by scaling emerging solutions.
"
Account Executive Leader - Payments,Plaid,United States,https://jobs.lever.co/plaid/2c176b51-6d61-409b-aab3-0faaa319f18e,"We believe that the way people interact with their finances will drastically improve in the next few years. We’re dedicated to empowering this transformation by building the tools and experiences that thousands of developers use to create their own products. Plaid powers the tools millions of people rely on to live a healthier financial life. We work with thousands of companies like Venmo, SoFi, several of the Fortune 500, and many of the largest banks to make it easy for people to connect their financial accounts to the apps and services they want to use. Plaid’s network covers 12,000 financial institutions across the US, Canada, UK and Europe. Founded in 2013, the company is headquartered in San Francisco with offices in New York, Washington D.C., London and Amsterdam.


The Payments Product Sales team is a solutions-focused sales team that brings deep product and industry expertise to drive adoption and growth of Plaid’s emerging products across both new and existing customers. This team plays a critical role in scaling products, translating customer needs into commercial opportunities, and accelerating Plaid’s next phase of growth through consultative, value-driven selling.

As Account Executive Leader - Payments, you will be responsible for the performance and growth of Plaid’s Payment solutions, serving as a player-coach who both leads and directly closes strategic deals. You will bring deep expertise across ACH, credit cards, payment risk, and money movement to drive new business and expansion, partnering closely with Product and cross-functional Go-To-Market teams to shape sales strategy, develop specialist AEs, and translate complex customer fraud challenges into meaningful, revenue-generating outcomes. This role is hands-on by design and is ideal for a seasoned sales leader who thrives in ambiguity, influences without direct authority, and is motivated by scaling emerging solutions.
"
Account-Based Marketing Manager,Plaid,San Francisco,https://jobs.lever.co/plaid/2200a764-239c-40c7-bd74-8785b1df62e4,"We believe that the way people interact with their finances will drastically improve in the next few years. We’re dedicated to empowering this transformation by building the tools and experiences that thousands of developers use to create their own products. Plaid powers the tools millions of people rely on to live a healthier financial life. We work with thousands of companies like Venmo, SoFi, several of the Fortune 500, and many of the largest banks to make it easy for people to connect their financial accounts to the apps and services they want to use. Plaid’s network covers 12,000 financial institutions across the US, Canada, UK and Europe. Founded in 2013, the company is headquartered in San Francisco with offices in New York, Washington D.C., London and Amsterdam.


As a key member of the Digital Marketing team, you will lead the strategy and execution of account-based marketing (ABM) to drive high-quality pipeline and revenue for our priority segments. You’ll serve as the central connector between Marketing, Sales, and Revenue teams, translating complex go-to-market strategies into coordinated, multi-channel activation plans. By leveraging performance data across paid social, display, and content syndication, you will continuously optimize our narrative to ensure a seamless and impactful experience for our most strategic accounts. This role is ideal for a performance-driven marketer who thrives on cross-functional collaboration and is passionate about scaling measurable business impact through precise, account-centric execution.
"
Assistant Controller,Plaid,San Francisco,https://jobs.lever.co/plaid/fc6939af-1c96-4ebe-9b31-59da5c204574,"We believe that the way people interact with their finances will drastically improve in the next few years. We’re dedicated to empowering this transformation by building the tools and experiences that thousands of developers use to create their own products. Plaid powers the tools millions of people rely on to live a healthier financial life. We work with thousands of companies like Venmo, SoFi, several of the Fortune 500, and many of the largest banks to make it easy for people to connect their financial accounts to the apps and services they want to use. Plaid’s network covers 12,000 financial institutions across the US, Canada, UK and Europe. Founded in 2013, the company is headquartered in San Francisco with offices in New York, Washington D.C., London and Amsterdam.


The Plaid Accounting team is seeking a highly experienced and hands on Assistant Controller to lead our global accounting operations, strengthen our control environment, and scale processes to support a rapidly growing tech business. This role will oversee core accounting functions, drive operational excellence, and partner cross-functionally to enable strategic decision-making and public-company readiness.
"
Associate Account Executive - Banking and Wealth,Plaid,New York,https://jobs.lever.co/plaid/be4bd708-29a5-4eda-86ea-f5cb10010b6e,"We believe that the way people interact with their finances will drastically improve in the next few years. We’re dedicated to empowering this transformation by building the tools and experiences that thousands of developers use to create their own products. Plaid powers the tools millions of people rely on to live a healthier financial life. We work with thousands of companies like Venmo, SoFi, several of the Fortune 500, and many of the largest banks to make it easy for people to connect their financial accounts to the apps and services they want to use. Plaid’s network covers 12,000 financial institutions across the US, Canada, UK and Europe. Founded in 2013, the company is headquartered in San Francisco with offices in New York, Washington D.C., London and Amsterdam.


Our Sales team combines deep product and industry knowledge and is focused on bringing Plaid to an ever-broadening set of businesses. Our thesis is that every company in financial services, and most specifically the Banks themselves, can benefit from better technology and access to data. 

Plaid’s Banking & Wealth team partners with financial institutions to modernize digital banking, payments, and wealth experiences. As an Inside Sales Rep / Associate AE, you will drive early-stage pipeline, shepherd financial institutions through discovery, and own the closing process for smaller deals. You’ll collaborate closely with senior AEs, Solutions Engineering, and cross-functional partners to help banks, credit unions, and wealth platforms adopt Plaid’s connectivity, identity, payments, and data solutions.

"
Brand Design Manager - Growth,Plaid,San Francisco,https://jobs.lever.co/plaid/b2eef61c-c66a-46f3-bc55-477f5836f5bc,"We believe that the way people interact with their finances will drastically improve in the next few years. We’re dedicated to empowering this transformation by building the tools and experiences that thousands of developers use to create their own products. Plaid powers the tools millions of people rely on to live a healthier financial life. We work with thousands of companies like Venmo, SoFi, several of the Fortune 500, and many of the largest banks to make it easy for people to connect their financial accounts to the apps and services they want to use. Plaid’s network covers 12,000 financial institutions across the US, Canada, UK and Europe. Founded in 2013, the company is headquartered in San Francisco with offices in New York, Washington D.C., London and Amsterdam.


We are Plaid’s Brand Design team — a group of brand designers, motion designers, and production designers who bring the Plaid brand to life across every channel. We partner closely with Product Design in a unified design organization that reports directly to the CEO. The Growth Marketing Design team drives all creative across paid media, email, webinars, landing pages, and campaigns that fuel Plaid’s growth engine.

As the Brand Design Manager for Growth Marketing, you will lead and mentor a team of brand and production designers, manage external agencies, and set creative direction across all growth marketing surfaces. You will design and deliver end-to-end campaigns that drive outsized impact and pipeline, while building scalable Figma templates, processes, and creative standards. The role includes overseeing production workflows to ensure efficient, high-quality output, partnering closely with Growth Marketing leads to develop campaigns from concept through launch, and working cross-functionally to track insights that inform future creative. You will also uphold and evolve the Plaid brand across all channels and contribute to the Brand Design leadership team and broader design culture.
"
Brand Design Program Manager,Plaid,San Francisco,https://jobs.lever.co/plaid/0314736e-7b5a-40d3-ad8c-1d8052d53a83,"We believe that the way people interact with their finances will drastically improve in the next few years. We’re dedicated to empowering this transformation by building the tools and experiences that thousands of developers use to create their own products. Plaid powers the tools millions of people rely on to live a healthier financial life. We work with thousands of companies like Venmo, SoFi, several of the Fortune 500, and many of the largest banks to make it easy for people to connect their financial accounts to the apps and services they want to use. Plaid’s network covers 12,000 financial institutions across the US, Canada, UK and Europe. Founded in 2013, the company is headquartered in San Francisco with offices in New York, Washington D.C., London and Amsterdam.


We’re looking for a brand design program manager who thrives in fast-moving, ambiguous environments and knows how to bring clarity, structure, and momentum to creative work. This role partners closely with brand, marketing, and our design team to help campaigns and productions run smoothly end to end, from intake and planning through delivery. You’ll play a key role in shaping how creative work gets done, not just managing tasks, but designing and evolving the systems that support great creative outcomes.

You will build and optimize the systems, tools, and processes that enable the Design and Brand teams to operate efficiently and scale effectively, while leading cross-functional planning and execution for integrated creative initiatives to ensure alignment, visibility, and timely delivery. In this role, you will oversee the operations, resourcing, and workflows of Plaid’s in-house video studio to deliver high-quality brand and product storytelling, and foster a connected, thriving Design organization through programs, rituals, and initiatives that strengthen team culture and support long-term growth.

The ideal candidate is curious, adaptable, and highly organized, with a strong growth mindset and a collaborative approach. You’re comfortable navigating shifting priorities, asking the right questions when things are unclear, and communicating clearly with a wide range of stakeholders. You don’t need to be a creative, but you understand creative workflows well enough to support teams, remove friction, and help connect work across channels like video, social, and marketing campaigns.
This role will report to the Design Operations Manager.
"
Business Operations - Bank Partnerships,Plaid,New York,https://jobs.lever.co/plaid/7272eba6-4117-442e-8643-0629e6ada0f3,"We believe that the way people interact with their finances will drastically improve in the next few years. We’re dedicated to empowering this transformation by building the tools and experiences that thousands of developers use to create their own products. Plaid powers the tools millions of people rely on to live a healthier financial life. We work with thousands of companies like Venmo, SoFi, several of the Fortune 500, and many of the largest banks to make it easy for people to connect their financial accounts to the apps and services they want to use. Plaid’s network covers 12,000 financial institutions across the US, Canada, UK and Europe. Founded in 2013, the company is headquartered in San Francisco with offices in New York, Washington D.C., London and Amsterdam.


The Business Operations team is focused on solving some of Plaid's most pressing business issues. They are a small team of individuals with complementary skill sets, capable of tackling cross-functional strategic and operational challenges across the business. This role will partner with our Bank Partnerships team. This team sits at the intersection of product, policy, and partnerships, and oversees our relationships with the banks and financial institutions that define how open finance works.
"
Business Operations - Payments,Plaid,San Francisco,https://jobs.lever.co/plaid/615ff21b-54e1-4511-845e-12a3d1cea521,"We believe that the way people interact with their finances will drastically improve in the next few years. We’re dedicated to empowering this transformation by building the tools and experiences that thousands of developers use to create their own products. Plaid powers the tools millions of people rely on to live a healthier financial life. We work with thousands of companies like Venmo, SoFi, several of the Fortune 500, and many of the largest banks to make it easy for people to connect their financial accounts to the apps and services they want to use. Plaid’s network covers 12,000 financial institutions across the US, Canada, UK and Europe. Founded in 2013, the company is headquartered in San Francisco with offices in New York, Washington D.C., London and Amsterdam.


The Business Operations team is focused on solving some of Plaid's most pressing business issues. We are a small team of individuals with complementary skill sets. This role will partner directly with Plaid’s Payments team, a cross-functional team with a mission is to harness Plaid’s network—spanning coverage, intelligence, and conversion—to deliver seamless, secure, and intelligent payment experiences for customers.  In this role, you will work collaboratively across Product, Go-To-Market, Partnerships and Ops teams on a variety of strategic initiatives with a direct and quantifiable impact on our customers, partners, and P&L. You will  perform critical data analysis to help inform our strategy and operations, and own many of the day-to-day processes that ensure the business is meeting its goals.  The role requires someone who is highly analytical and strategic, approaches problems in a structured manner, and is comfortable with ambiguity.
"
Content Lead,Plaid,San Francisco,https://jobs.lever.co/plaid/91aa0788-efa4-4c31-a181-5b74e7f27128,"We believe that the way people interact with their finances will drastically improve in the next few years. We’re dedicated to empowering this transformation by building the tools and experiences that thousands of developers use to create their own products. Plaid powers the tools millions of people rely on to live a healthier financial life. We work with thousands of companies like Venmo, SoFi, several of the Fortune 500, and many of the largest banks to make it easy for people to connect their financial accounts to the apps and services they want to use. Plaid’s network covers 12,000 financial institutions across the US, Canada, UK and Europe. Founded in 2013, the company is headquartered in San Francisco with offices in New York, Washington D.C., London and Amsterdam.
"
Copywriter,Plaid,San Francisco,https://jobs.lever.co/plaid/f7690951-a7c4-449a-b105-c0d161126198,"We believe that the way people interact with their finances will drastically improve in the next few years. We’re dedicated to empowering this transformation by building the tools and experiences that thousands of developers use to create their own products. Plaid powers the tools millions of people rely on to live a healthier financial life. We work with thousands of companies like Venmo, SoFi, several of the Fortune 500, and many of the largest banks to make it easy for people to connect their financial accounts to the apps and services they want to use. Plaid’s network covers 12,000 financial institutions across the US, Canada, UK and Europe. Founded in 2013, the company is headquartered in San Francisco with offices in New York, Washington D.C., London and Amsterdam.


Plaid is hiring a Copywriter for our in-house creative team. This team is responsible for concepting and developing all marketing assets for Plaid. We’re looking for someone interested in leading digital work—from emails to paid ads, web pages, and OOH billboards—while partnering closely with our growth and email team to learn what works and what we should test next. We are looking for a strong communicator who can express ideas clearly not just on the page (or screen), but also in presentations, brainstorms, and pitches. Here, you will be instrumental in both creating copy that drives action and emotion and developing how Plaid’s story is told.
"
Data Engineer  - Data Engineering,Plaid,San Francisco,https://jobs.lever.co/plaid/0dc0a0f9-7c59-468c-8bc7-8918a09d24d4,"The main goal of the DE team in 2024-25 is to build robust golden data sets to power our business goals of creating more insights based products. Making data-driven decisions is key to Plaid's culture. To support that, we need to scale our data systems while maintaining correct and complete data. We provide tooling and guidance to teams across engineering, product, and business and help them explore our data quickly and safely to get the data insights they need, which ultimately helps Plaid serve our customers more effectively. Data Engineers heavily leverage SQL and Python to build data workflows. We use tools like DBT, Airflow, Redshift, ElasticSearch, Atlanta, and Retool to orchestrate data pipelines and define workflows. We work with engineers, product managers, business intelligence, data analysts, and many other teams to build Plaid's data strategy and a data-first mindset. Our engineering culture is IC-driven -- we favor bottom-up ideation and empowerment of our incredibly talented team. We are looking for engineers who are motivated by creating impact for our consumers and customers, growing together as a team, shipping the MVP, and leaving things better than we found them.

You will be in a high impact role that will directly enable business leaders to make faster and more informed business judgements based on the datasets you build. You will have the opportunity to carve out the ownership and scope of internal datasets and visualizations across Plaid which is a currently unowned area that we intend to take over and build SLAs on. You will have the opportunity to learn best practices and up-level your technical skills from our strong DE team and from the broader Data Platform team. You will collaborate with and have strong and cross functional partnerships with literally all teams at Plaid from Engineering to Product to Marketing/Finance etc.
"
Data Scientist - Fraud,Plaid,San Francisco,https://jobs.lever.co/plaid/619ed4a1-1bfb-4ad9-8309-b073135ec771,"We believe that the way people interact with their finances will drastically improve in the next few years. We’re dedicated to empowering this transformation by building the tools and experiences that thousands of developers use to create their own products. Plaid powers the tools millions of people rely on to live a healthier financial life. We work with thousands of companies like Venmo, SoFi, several of the Fortune 500, and many of the largest banks to make it easy for people to connect their financial accounts to the apps and services they want to use. Plaid’s network covers 12,000 financial institutions across the US, Canada, UK and Europe. Founded in 2013, the company is headquartered in San Francisco with offices in New York, Washington D.C., London and Amsterdam.


The Data team within Plaid’s Fraud organization builds the machine learning systems that power Plaid’s newest fraud detection products, leveraging the breadth of Plaid’s network data to stop fraud before it occurs. We manage the full lifecycle of these systems—from feature pipeline development and model training to deployment, serving, and monitoring—ensuring our solutions scale reliably as we grow to support hundreds of customers.

As a Data Scientist on Plaid’s Fraud Data team, you will analyze customer and network traffic to understand how Protect performs across different segments and use cases. You’ll build dashboards and performance metrics that create a clear, shared view of product health for both the team and our go-to-market partners. You will run backtests on customer traffic to evaluate model and rule performance, uncover high-value opportunities, and generate insights that support sales motions and customer expansion. You’ll also design the underlying data models and schemas that enable efficient, reliable analysis and reporting. In close partnership with Product and Engineering, you will help design and evaluate experiments that shape new customer-facing features and inform the future of our fraud products.

***We are open to remote candidates***
"
Data Scientist - Payments,Plaid,San Francisco,https://jobs.lever.co/plaid/0106d105-641d-49f6-a605-4ea64b8c4bf7,"We believe that the way people interact with their finances will drastically improve in the next few years. We’re dedicated to empowering this transformation by building the tools and experiences that thousands of developers use to create their own products. Plaid powers the tools millions of people rely on to live a healthier financial life. We work with thousands of companies like Venmo, SoFi, several of the Fortune 500, and many of the largest banks to make it easy for people to connect their financial accounts to the apps and services they want to use. Plaid’s network covers 12,000 financial institutions across the US, Canada, UK and Europe. Founded in 2013, the company is headquartered in San Francisco with offices in New York, Washington D.C., London and Amsterdam.


Plaid’s Data team is building data insights and models that improve how millions of users understand and grow their financial lives. We're looking for data scientists with experience applying state-of-the-art data analytics techniques to different product areas. We value not only technical know-how, but also creativity, user empathy, and teamwork.

You’ll be a data scientist as a part of the Data organization, contributing to diverse, high-impact data insights and machine learning challenges. Specifically, you will focus on driving business impact, and production directions through data analysis and potentially help evaluate and improve ML solutions and systems. If you're interested in building state-of-the-art Data/ML solutions to unblock financial freedom for everyone, let's chat!
"
Digital Marketing Manager,Plaid,New York,https://jobs.lever.co/plaid/9a7fdf04-036a-4e38-adcd-cbff770f6f82,"We believe that the way people interact with their finances will drastically improve in the next few years. We’re dedicated to empowering this transformation by building the tools and experiences that thousands of developers use to create their own products. Plaid powers the tools millions of people rely on to live a healthier financial life. We work with thousands of companies like Venmo, SoFi, several of the Fortune 500, and many of the largest banks to make it easy for people to connect their financial accounts to the apps and services they want to use. Plaid’s network covers 12,000 financial institutions across the US, Canada, UK and Europe. Founded in 2013, the company is headquartered in San Francisco with offices in New York, Washington D.C., London and Amsterdam.


As a member of the Digital Marketing team, you will lead the strategy and execution of high-impact paid campaigns across channels like Search, Social, Display, and CTV to drive qualified pipeline and revenue. You will manage and pace multi-million-dollar media budgets, making data-driven allocation decisions to maintain a strong return on ad spend while ensuring high lead quality. Working closely with Product Marketing and Sales, you’ll define targeted messaging and audience segments to evolve our narrative across the full funnel. In this performance-driven role, you will be responsible for continuous optimization, developing testing roadmaps, and translating complex data into actionable insights for stakeholders across the organization.
"
Engineering Manager - Intelligent Tooling,Plaid,San Francisco,https://jobs.lever.co/plaid/5731dc74-0cf9-43ab-98db-c5e961370e7d,"Plaid is evolving into an AI-first company, and Intelligent Tooling sits at the center of that transformation. The Intelligent Tooling team is being built from the ground up, and our mission is to establish the technical foundations, operating model, and internal platforms that embed AI deeply into Plaid’s coding tools, internal systems, and the entire software development lifecycle.

When we are successful, engineers across Plaid will delegate lower-leverage work to AI agents, move faster with confidence, and spend more of their time designing and inventing for customers. Intelligent Tooling owns the platforms and systems that make this possible - from AI coding integrations and SDLC agents to the internal tools that power Plaid’s operations.

As the Engineering Manager for Intelligent Tooling, you will lead an engineering team responsible for some of the highest-leverage systems at Plaid. This role is central to executing Plaid’s 2026 engineering strategy to supercharge the engineering organization with AI tooling, and requires a leader who can both build the team and personally operate at the frontier of AI-powered developer workflows to drive real, organization-wide change.

You will set direction, drive execution, and critically, ensure adoption of AI-powered tools that improve how hundreds of engineers build, test, debug, and operate software every day. This is not a research role: success is measured by real usage, real impact, and real improvements to developer experience.
"
Engineering Manager - Machine Learning,Plaid,San Francisco,https://jobs.lever.co/plaid/aab9269b-9a44-4704-bf87-d9639dd48dbb,"We believe that the way people interact with their finances will drastically improve in the next few years. We’re dedicated to empowering this transformation by building the tools and experiences that thousands of developers use to create their own products. Plaid powers the tools millions of people rely on to live a healthier financial life. We work with thousands of companies like Venmo, SoFi, several of the Fortune 500, and many of the largest banks to make it easy for people to connect their financial accounts to the apps and services they want to use. Plaid’s network covers 12,000 financial institutions across the US, Canada, UK and Europe. Founded in 2013, the company is headquartered in San Francisco with offices in New York, Washington D.C., London and Amsterdam.


Plaid’s Data organization is building models, services and platforms that improve how millions of users understand and grow their financial lives. We are looking for a tech lead manager with experience applying state-of-the-art machine learning and data science techniques in the CGX/EWA/NEA domain. We value not only technical know-how, but also creativity, user empathy, and teamwork.

You’ll be a Tech Lead Manager overseeing a team of Machine Learning Engineers and Data Scientists embedded across Plaid’s CGX, EWA, and NEA product areas. Your team builds and scales ML systems that power growth personalization, financial forecasting, and network insights—driving measurable impact across Plaid’s consumer experiences.
"
Engineering Manager - Machine Learning Infrastructure,Plaid,San Francisco,https://jobs.lever.co/plaid/cdc5447e-b4c5-49f4-807a-f95656e2f1ce,"Plaid is evolving into an AI-first company, where data and machine learning are the key enablers of smarter, more secure insight products built on top of Plaid’s vast financial data network. The Machine Learning Infrastructure team sits at the center of this transformation. We build the platforms that enable model developers to experiment, train, deploy, and monitor machine learning systems reliably and at scale — from feature stores and pipelines, to deployment frameworks and inference tooling. We are in the midst of a pivotal shift: replacing legacy systems with a modern feature store, and establishing a standardized ML Ops “golden path.” Our mission is to enable Plaid’s product teams to move faster with trustworthy insights, deploy models with confidence, and unlock the next generation of AI-powered financial experiences.

As the Engineering Manager for Machine Learning Infrastructure, you will be responsible for guiding a senior engineering team through the design, delivery, and operation of Plaid’s ML infrastructure. We are looking for a leader who combines deep technical expertise in ML infrastructure with proven experience scaling and managing senior engineering teams. You’ll ensure clarity of execution, help your team deliver high-quality systems, and partner closely with ML product teams to meet their needs. This role is execution-driven: you will translate strategy into action, remove blockers, and build a culture of ownership and technical excellence.
"
Engineering Manager - Payment Risk,Plaid,San Francisco,https://jobs.lever.co/plaid/da1aae0b-ce8f-47e8-9cb8-233d8bf75a5a,"We believe that the way people interact with their finances will drastically improve in the next few years. We’re dedicated to empowering this transformation by building the tools and experiences that thousands of developers use to create their own products. Plaid powers the tools millions of people rely on to live a healthier financial life. We work with thousands of companies like Venmo, SoFi, several of the Fortune 500, and many of the largest banks to make it easy for people to connect their financial accounts to the apps and services they want to use. Plaid’s network covers 12,000 financial institutions across the US, Canada, UK and Europe. Founded in 2013, the company is headquartered in San Francisco with offices in New York, Washington D.C., London and Amsterdam.


Bank payments is the top way that money is moved in the US, with over $86 trillion moved over ACH in 2024. Many of these transactions are subject to risk from various sources, including liquidity, fraud, and abuse, which leads to losses and bad experiences for businesses and consumers alike.

Plaid’s Payment Risk team is building the future of bank payment risk tools and solutions, with the current version of our products already in heavy use by many of the largest names in fintech and beyond. We use proprietary AI and ML solutions to offer intelligent insights and decisions that save our customers billions of dollars, and are heavily investing in improving the power and reach of these solutions.

While this team directly owns customer-facing APIs, we are also responsible for integrating these solutions into Plaid’s own money movement products. We build across the stack, including data & ML infrastructure, distributed backend systems, APIs and customer-facing tooling & insights.

In this role, you will lead a team of engineers responsible for building and maintaining the infrastructure and systems that power both the offline and online components of the Signal Risk Platform. This role involves close partnership with the ML and data science team developing the AI and ML models that generate the transaction risk scores for customers, as well as collaboration with product counterparts to define the strategy, vision, and concrete roadmaps for both areas. A key part of your work will be to design and build APIs and Dashboard experiences used by thousands of Plaid customers, and to partner with the engineering team on technical planning and execution, ensuring the platform maintains high reliability (many 9's) and performs up to customer expectations for critical money movement flows.
"
Engineering Manager - Update Pipeline,Plaid,San Francisco,https://jobs.lever.co/plaid/a0d99be2-3c2f-459b-b09e-658c7e484120,"Think of Update Pipeline as Plaid’s Plaid – we own the business logic and systems that power every user-present pathway (ex: anytime a user connects their bank to their favorite fintech app!), orchestrates how financial information flows into Plaid, builds shared data models, and transforms raw bank data into the rich information that Plaid products rely on.

We do this at global scale; for the largest companies in the world (Google, Meta, Shopify, Square, Robinhood, Venmo to name just a few). 

We are a high‑performing group of engineers based in San Francisco, collaborating in‑office three days a week.
"
Engineering Manager - User Foundations,Plaid,New York,https://jobs.lever.co/plaid/c35990c8-66e4-48ed-aecb-90ce596ddd4c,"We believe that the way people interact with their finances will drastically improve in the next few years. We’re dedicated to empowering this transformation by building the tools and experiences that thousands of developers use to create their own products. Plaid powers the tools millions of people rely on to live a healthier financial life. We work with thousands of companies like Venmo, SoFi, several of the Fortune 500, and many of the largest banks to make it easy for people to connect their financial accounts to the apps and services they want to use. Plaid’s network covers 12,000 financial institutions across the US, Canada, UK and Europe. Founded in 2013, the company is headquartered in San Francisco with offices in New York, Washington D.C., London and Amsterdam.


Plaid’s authoritative source of truth for the user lifecycle: powering recognition, authentication, and the data models behind Plaid’s newest ML-based insights products (LendScore, Protect, etc.). We build the APIs, systems and data models that let Plaid products deliver user-level intelligence at scale.  

At the center of our work is the living graph that represents people’s entire financial lives; the largest dataset at Plaid! This links all of Plaid’s users, identities, accounts, and transactions. We operate it reliably at global scale for some of the world’s largest companies, including Google, Meta, Shopify, Square, Robinhood, and Venmo. 

The team owns 3 core pillars: 
- The User Graph: Defines Plaid’s global user and maintains the graph linking identities, accounts, and transactions, exposed via internal APIs for product development and ML inference. 
- The User API: Plaid’s newest API surface, enabling easy multi-product integration and powering fraud prevention, credit decisioning and pre-qualification capabilities, and other data partner insights. 
- The User Decisioning Layer, which powers returning user recognition and authentication across Link and API-only experiences.

We tackle hard problems in identity, graph integrity, and trust so product, ML, and data teams can build reliable fraud, credit, and financial management experiences at U.S. financial network scale.We are a high‑performing group of engineers based in San Francisco and New York, collaborating in‑office.
"
Event Marketing Specialist,Plaid,San Francisco,https://jobs.lever.co/plaid/fafcc858-4607-43da-abb7-544ea8dfb6bd,"We believe that the way people interact with their finances will drastically improve in the next few years. We’re dedicated to empowering this transformation by building the tools and experiences that thousands of developers use to create their own products. Plaid powers the tools millions of people rely on to live a healthier financial life. We work with thousands of companies like Venmo, SoFi, several of the Fortune 500, and many of the largest banks to make it easy for people to connect their financial accounts to the apps and services they want to use. Plaid’s network covers 12,000 financial institutions across the US, Canada, UK and Europe. Founded in 2013, the company is headquartered in San Francisco with offices in New York, Washington D.C., London and Amsterdam.


This Marketing Event Specialist will play a critical role in bringing Plaid’s most important in-person, virtual, and hybrid events to life. They will support end-to-end event execution, from planning and logistics to onsite and live production, ensuring every detail is thoughtfully managed and flawlessly delivered. Partnering closely with cross-functional teams, agencies, and vendors, this role helps keep complex programs aligned, on track, and scalable as Plaid grows. Over time, they will help build the systems and workflows that power consistent, high-quality event experiences—while gaining hands-on exposure to live production and executive-level programs.
"
Experienced Engineering Manager - Customer Growth & Experience,Plaid,San Francisco,https://jobs.lever.co/plaid/f1631596-3d91-4d68-894d-bd80bb68f610,"The Customer Growth and Experience (CGX) org's mission is to accelerate customer velocity and create delightful experiences at the most pivotal stages of our customers’ journeys with Plaid.

We achieve this in three ways:

1/ Driving revenue acquisition, accelerating customer launch and activation, and scaling usage. 
2/ Increasing the operating efficiency of our GTM and GTM supporting teams (NBs, AEs, AMs, Support, Implementation, TAMs, Customer Oversight, Finance, and Commercial).
3/ Enhancing the developer experience and the experience of all emerging dashboard personas.

You will lead an engineering organization of 35+ people spread across teams focused on growth, developer relations, developer experience (including Plaid's public API and external MCP servers), customer onboarding, the developer dashboard, and billing.
"
Finance Manager - Europe,Plaid,London,https://jobs.lever.co/plaid/879ce8e0-0001-4075-820f-04616f8af779,"We believe that the way people interact with their finances will drastically improve in the next few years. We’re dedicated to empowering this transformation by building the tools and experiences that thousands of developers use to create their own products. Plaid powers the tools millions of people rely on to live a healthier financial life. We work with thousands of companies like Venmo, SoFi, several of the Fortune 500, and many of the largest banks to make it easy for people to connect their financial accounts to the apps and services they want to use. Plaid’s network covers 12,000 financial institutions across the US, Canada, UK and Europe. Founded in 2013, the company is headquartered in San Francisco with offices in New York, Washington D.C., London and Amsterdam.


The team is responsible for the financial management, regulatory reporting, prudential oversight, and safeguarding of customer funds for Plaid’s UK and EU regulated entities. This includes accounting, capital and liquidity monitoring, treasury operations, financial audits, compliance with FCA/DNB requirements, and ensuring robust controls to protect customer funds and maintain regulatory approval to operate.

This new role will be the first dedicated in-region Finance Manager & Safeguarding Officer for UK/EU and will operate as the primary on-the-ground owner for our UK and BV entities finance and compliance matters. The role will initially report directly to the US Head of Accounting and work closely with the US Head of GL Accounting, as well as our local UK and BV service providers and our Legal and Compliance teams, to support a smooth EMI application process and ensure ongoing financial and regulatory compliance. Successful candidates will have a strong understanding of FCA (UK) and DNB (Netherlands) financial reporting and capital adequacy requirements for EMIs. Familiarity with safeguarding regulations, own funds calculation, and financial compliance controls under the Electronic Money Regulations (UK) and Electronic Money Directives(EU). Experience with financial reporting, audits, and reconciliations in a regulated financial institution.
"
FinTech Account Manager - Named,Plaid,New York,https://jobs.lever.co/plaid/8ca14e45-6c18-4156-a169-9352653559b6,"We believe that the way people interact with their finances will drastically improve in the next few years. We’re dedicated to empowering this transformation by building the tools and experiences that thousands of developers use to create their own products. Plaid powers the tools millions of people rely on to live a healthier financial life. We work with thousands of companies like Venmo, SoFi, several of the Fortune 500, and many of the largest banks to make it easy for people to connect their financial accounts to the apps and services they want to use. Plaid’s network covers 12,000 financial institutions across the US, Canada, UK and Europe. Founded in 2013, the company is headquartered in San Francisco with offices in New York, Washington D.C., London and Amsterdam.


At Plaid, our mission is to unlock financial freedom for everyone. Plaid powers the tools millions of people rely on to live a healthier financial life. We work with thousands of fintechs like SoFi, Robinhood, Chime, several of the Fortune 500, and many of the largest banks to make it easy for people to connect their financial accounts to the apps and financial services they want to use. Plaid’s network covers 12,000+ financial institutions across the US, Canada, UK and Europe. Founded in 2013, the company is headquartered in San Francisco with offices in New York, Washington D.C., London, and Amsterdam.

The Account Management team in Plaid’s Fintech customer segment leverages our deep technical, product, and industry knowledge to help our Fintech-focused customers build and scale amazing applications. We act as partners, advisors, and advocates for our customers to shape how consumer and business interactions with their finances will drastically improve in the coming years.

Plaid is looking for an experienced customer-facing professional to manage and grow our client relationships with a portfolio of the most strategic customers in our Fintech segment. Many of these customers are long-term partners and already drive significant revenue for Plaid. The account manager will be responsible for further deepening relationships and fostering the next stage of growth with these clients.

The right candidate is a natural at building strong partnerships and has demonstrated success owning and growing customer relationships with large, strategic clients, including developing a deep understanding of customer priorities, motives, and key drivers, and cultivating existing and forging new senior stakeholder relationships; is deeply curious and solutions oriented; and has demonstrated success working internally and cross-functionally to drive solutions for customers. 

You will be the primary point of contact for your customers and will work with them on all stages of integration, scaling, product expansion, and partnership management. You will be responsible for working directly with key stakeholders ranging from developers to executives to help them create the applications that will empower businesses and consumers with their financial data.
"
"GTM Strategy & Operations Lead, GTM Technology",Plaid,San Francisco,https://jobs.lever.co/plaid/979a8c5d-536a-48ce-8cbd-41202812d99d,"We believe that the way people interact with their finances will drastically improve in the next few years. We’re dedicated to empowering this transformation by building the tools and experiences that thousands of developers use to create their own products. Plaid powers the tools millions of people rely on to live a healthier financial life. We work with thousands of companies like Venmo, SoFi, several of the Fortune 500, and many of the largest banks to make it easy for people to connect their financial accounts to the apps and services they want to use. Plaid’s network covers 12,000 financial institutions across the US, Canada, UK and Europe. Founded in 2013, the company is headquartered in San Francisco with offices in New York, Washington D.C., London and Amsterdam.


The GTM Operations & Strategy team is responsible for productivity and performance improvements across our Go To Market Organization (Sales, Account Management, Marketing, Professional Services / Support, Partnerships, Sales Development). Our team helps GTM leaders manage the day-to-day operations of their business while innovating Plaid’s GTM design and operating model for future scale. 

As a leader of the GTM Systems team, you will own the strategy, architecture, and execution of the technology that powers our go-to-market engine. This role partners closely with Sales, Marketing, Finance, Product, and Risk to ensure our GTM systems are scalable, compliant, data-driven, and aligned with revenue growth.
"
"GTM Strategy & Operations Lead, Incentives",Plaid,San Francisco,https://jobs.lever.co/plaid/5e4a0d65-04a7-40cf-a135-eb268fe1072b,"We believe that the way people interact with their finances will drastically improve in the next few years. We’re dedicated to empowering this transformation by building the tools and experiences that thousands of developers use to create their own products. Plaid powers the tools millions of people rely on to live a healthier financial life. We work with thousands of companies like Venmo, SoFi, several of the Fortune 500, and many of the largest banks to make it easy for people to connect their financial accounts to the apps and services they want to use. Plaid’s network covers 12,000 financial institutions across the US, Canada, UK and Europe. Founded in 2013, the company is headquartered in San Francisco with offices in New York, Washington D.C., London and Amsterdam.


The GTM Operations & Strategy team is responsible for productivity and performance improvements across our Go To Market Organization (Sales, Customer Success, Marketing, Professional Services / Support, Sales Development, and Partnerships). Our team helps GTM leaders manage the day-to-day operations of their business while innovating Plaid’s GTM design and operating model for future scale. 

As a leader of the Incentives Team, you will drive the design, execution, operating rhythm and continuous improvement for Plaid’s Variable Incentives Programs across all GTM roles.
"
Indirect Tax Manager,Plaid,United States,https://jobs.lever.co/plaid/e8a26d0f-4eae-4792-a06f-76971b86089f,"We believe that the way people interact with their finances will drastically improve in the next few years. We’re dedicated to empowering this transformation by building the tools and experiences that thousands of developers use to create their own products. Plaid powers the tools millions of people rely on to live a healthier financial life. We work with thousands of companies like Venmo, SoFi, several of the Fortune 500, and many of the largest banks to make it easy for people to connect their financial accounts to the apps and services they want to use. Plaid’s network covers 12,000 financial institutions across the US, Canada, UK and Europe. Founded in 2013, the company is headquartered in San Francisco with offices in New York, Washington D.C., London and Amsterdam.


The Plaid Tax team is responsible for overseeing and managing all tax-related matters for the company. This includes ensuring income and indirect compliance with federal, state, local and international tax regulations, managing indirect tax accruals such as sales and use tax, property tax, and other non-income tax matters. We also handle the preparation and filing of corporate income tax returns, manage the quarterly tax provision process (including FIN18 provisions), and handle estimated tax filings and payments.

In this role, you will focus specifically on Plaid’s US and worldwide indirect tax matters. You will enjoy a fast-paced environment and be a proactive problem solver who wants to contribute to the success of the company.  You will strive to be an integral part of a growing, multi-national company, will learn and grow constantly, and be supported in all steps of the process by the team and leadership. This position reports to the Tax Lead.
"
Machine Learning Engineer - Data Foundation and AI,Plaid,San Francisco,https://jobs.lever.co/plaid/3e655ff7-a8fd-4ffd-abc1-fcf39aa07a60,"We believe that the way people interact with their finances will drastically improve in the next few years. We’re dedicated to empowering this transformation by building the tools and experiences that thousands of developers use to create their own products. Plaid powers the tools millions of people rely on to live a healthier financial life. We work with thousands of companies like Venmo, SoFi, several of the Fortune 500, and many of the largest banks to make it easy for people to connect their financial accounts to the apps and services they want to use. Plaid’s network covers 12,000 financial institutions across the US, Canada, UK and Europe. Founded in 2013, the company is headquartered in San Francisco with offices in New York, Washington D.C., London and Amsterdam.


The Data Foundation & AI team builds advanced ML/AI models and applications that enable product teams to deliver intelligence at scale. We design infrastructure and abstractions that make AI development faster, more reliable, and more impactful. From embeddings and representation learning to applied AI systems, our work provides the building blocks for the next generation of financial services on Plaid.

You’ll be a machine learning engineer on the Data Foundation & AI team. In this role, you will design, build, and scale advanced ML/AI systems that power Plaid products and applications. Your work may span developing reliable distributed training and serving systems, improving ML operations at scale, and building AI-powered applications that enable new product experiences.
"
Machine Learning Engineer - Payments,Plaid,San Francisco,https://jobs.lever.co/plaid/b7d3a770-946b-4b08-92d3-e02506742066,"We believe that the way people interact with their finances will drastically improve in the next few years. We’re dedicated to empowering this transformation by building the tools and experiences that thousands of developers use to create their own products. Plaid powers the tools millions of people rely on to live a healthier financial life. We work with thousands of companies like Venmo, SoFi, several of the Fortune 500, and many of the largest banks to make it easy for people to connect their financial accounts to the apps and services they want to use. Plaid’s network covers 12,000 financial institutions across the US, Canada, UK and Europe. Founded in 2013, the company is headquartered in San Francisco with offices in New York, Washington D.C., London and Amsterdam. #LI-Remote

Plaid’s Machine Learning team is building models that improve how millions of users understand and grow their financial lives. We're looking for machine learning engineers with experience applying state-of-the-art machine learning and modeling techniques -- including natural language processing, anomaly detection, optimization, and time series forecasting -- toward different product areas. We value not only technical know-how, but also creativity, user empathy, and teamwork.

You’ll be a machine learning engineer as a part of the core ML payments team, contributing to diverse, high-impact machine learning challenges. Specifically, you will focus on designing, building and deploying scalable ML solutions and systems. You will lead the efforts to experiment with new modeling approaches and strategies, as well as collaborating closely with a skilled team of engineers on ingesting signals and productionizing these models. If you're interested in building the state of art AI/ML solutions to unblock financial freedom for everyone, let's chat!
"
"Manager, Sales Development",Plaid,New York,https://jobs.lever.co/plaid/e287ebb1-9529-4412-85e1-6b3737bedd9d,"We believe that the way people interact with their finances will drastically improve in the next few years. We’re dedicated to empowering this transformation by building the tools and experiences that thousands of developers use to create their own products. Plaid powers the tools millions of people rely on to live a healthier financial life. We work with thousands of companies like Venmo, SoFi, several of the Fortune 500, and many of the largest banks to make it easy for people to connect their financial accounts to the apps and services they want to use. Plaid’s network covers 12,000 financial institutions across the US, Canada, UK and Europe. Founded in 2013, the company is headquartered in San Francisco with offices in New York, Washington D.C., London and Amsterdam.


We are the engine of revenue growth at Plaid.  We generate sales pipeline for the business and develop the company’s future sales talent.  The New Business Lead will oversee a team of 3-8 new business representatives, managing them to hit their quota.  You will also lead team performance to deliver business needs, partnering with Marketing and Sales leadership to ensure we generate pipe to the appropriate level and quality to hit business targets.  This includes creating plans, understanding drivers of performance and executing to targets. 

The New Business Lead will recruit, build, and nurture a high performance team: Identify strong sales talent, onboard them, and coach them to develop professionally.  You will build a world-class sales development function: Identify and lead initiatives to up-level Plaid’s pipe generation motions  This will include keeping up-to-date on sales development best practices, partnering with cross-functional leaders, and seeing the initiative from start through to successful implementation.
"
"Manager, Sales Development",Plaid,Raleigh-Durham,https://jobs.lever.co/plaid/ef2d4ff2-d8fd-48ad-8c48-99a48da8da6f,"We believe that the way people interact with their finances will drastically improve in the next few years. We’re dedicated to empowering this transformation by building the tools and experiences that thousands of developers use to create their own products. Plaid powers the tools millions of people rely on to live a healthier financial life. We work with thousands of companies like Venmo, SoFi, several of the Fortune 500, and many of the largest banks to make it easy for people to connect their financial accounts to the apps and services they want to use. Plaid’s network covers 12,000 financial institutions across the US, Canada, UK and Europe. Founded in 2013, the company is headquartered in San Francisco with offices in New York, Washington D.C., London and Amsterdam.


We are the engine of revenue growth at Plaid.  We generate sales pipeline for the business and develop the company’s future sales talent.  The New Business Lead will oversee a team of 3-8 new business representatives, managing them to hit their quota.  You will also lead team performance to deliver business needs, partnering with Marketing and Sales leadership to ensure we generate pipe to the appropriate level and quality to hit business targets.  This includes creating plans, understanding drivers of performance and executing to targets. 

The New Business Lead will recruit, build, and nurture a high performance team: Identify strong sales talent, onboard them, and coach them to develop professionally.  You will build a world-class sales development function: Identify and lead initiatives to up-level Plaid’s pipe generation motions  This will include keeping up-to-date on sales development best practices, partnering with cross-functional leaders, and seeing the initiative from start through to successful implementation.
"
Marketing Strategy and Operations Analyst,Plaid,San Francisco,https://jobs.lever.co/plaid/b5311b97-bc98-4219-a3c9-efcd994243d0,"We believe that the way people interact with their finances will drastically improve in the next few years. We’re dedicated to empowering this transformation by building the tools and experiences that thousands of developers use to create their own products. Plaid powers the tools millions of people rely on to live a healthier financial life. We work with thousands of companies like Venmo, SoFi, several of the Fortune 500, and many of the largest banks to make it easy for people to connect their financial accounts to the apps and services they want to use. Plaid’s network covers 12,000 financial institutions across the US, Canada, UK and Europe. Founded in 2013, the company is headquartered in San Francisco with offices in New York, Washington D.C., London and Amsterdam.


Our team builds the foundation that empowers Plaid’s new business and marketing functions to operate efficiently, scale strategically, and align with the company’s broader goals. We drive operational excellence while supporting the creation and execution of impactful top of funnel strategies that resonate with our target audiences. We focus on supporting marketing and the new business teams in delivering strategies that drive sustainable growth and foster long-term success. We are committed to building a strong, operationally excellent growth engine that supports Plaid’s customer acquisition and expansion.

As a GTM Operations Analyst, you will drive decision-making across Marketing and New Business teams by leading strategic analysis, performance measurement, and forecasting initiatives. You will serve as a trusted partner to leadership, delivering insights that shape investment, planning, and optimization decisions across channels. You bring deep expertise in full-funnel performance and efficiency metrics, combining analytical rigor with business intuition to translate raw data into strategic insight. This is a dynamic, problem-solving role focused on continuously improving analytics and processes, evolving how performance is measured to meet the changing needs of a growing business.
"
Motion Designer,Plaid,San Francisco,https://jobs.lever.co/plaid/e0480846-7be1-40b4-a215-d4889da1978b,"We believe that the way people interact with their finances will drastically improve in the next few years. We’re dedicated to empowering this transformation by building the tools and experiences that thousands of developers use to create their own products. Plaid powers the tools millions of people rely on to live a healthier financial life. We work with thousands of companies like Venmo, SoFi, several of the Fortune 500, and many of the largest banks to make it easy for people to connect their financial accounts to the apps and services they want to use. Plaid’s network covers 12,000 financial institutions across the US, Canada, UK and Europe. Founded in 2013, the company is headquartered in San Francisco with offices in New York, Washington D.C., London and Amsterdam.


We are the Brand Studio team within Plaid’s product organization. We partner across Product, Brand, and Marketing to support Plaid’s mission of building financial tools that make it easier for people and businesses to interact with their finances. We create live action videos, motion systems, animations, and assets that help communicate clarity, trust, and personality—whether someone is interacting with our products, encountering our brand, or engaging with our marketing. We believe video should be purposeful, scalable, and grounded in strong design fundamentals.

As a Motion Designer at Plaid, you will create high-quality motion work across product, brand, and marketing surfaces. You’ll collaborate closely with designers, marketers, and engineers to translate ideas and static designs into clear, engaging motion. You’ll balance craft with production efficiency, contributing motion that feels thoughtful, cohesive, and practical to implement. This role is ideal for someone who is motion-first and enjoys collaboration across teams.
"
Named Account Executive - Credit,Plaid,United States,https://jobs.lever.co/plaid/5bd42805-f6a2-4346-ae89-da30bb427e01,"We believe that the way people interact with their finances will drastically improve in the next few years. We’re dedicated to empowering this transformation by building the tools and experiences that thousands of developers use to create their own products. Plaid powers the tools millions of people rely on to live a healthier financial life. We work with thousands of companies like Venmo, SoFi, several of the Fortune 500, and many of the largest banks to make it easy for people to connect their financial accounts to the apps and services they want to use. Plaid’s network covers 12,000 financial institutions across the US, Canada, UK and Europe. Founded in 2013, the company is headquartered in San Francisco with offices in New York, Washington D.C., London and Amsterdam.


The Credit team at Plaid combines deep product and industry knowledge and is focused on helping both upcoming and well-established lenders take their growth to the next level. Our thesis is that every lender can benefit from leveraging a bespoke Plaid solution, focused on helping them achieve their unique goals and objectives, including approving more borrowers and reducing overall portfolio risk through Plaid’s innovative credit solutions. In this role, you'll be the individual helping us achieve this vision. 

Your focus will be on engaging a curated list of lenders that don't currently work with Plaid, identifying opportunities to partner, and owning the end-to-end sales process. Additionally, you’ll be working with Plaid's existing lending customers, deeply understanding their business, and aligning our solutions to help them achieve both near and long-term goals. This role will work across all segments at Plaid to partner with the segment Account Executives to accomplish these goals. 
"
Named Account Executive - Fraud,Plaid,United States,https://jobs.lever.co/plaid/22514543-cc83-4ba9-82a6-aeece27dd167,"We believe that the way people interact with their finances will drastically improve in the next few years. We’re dedicated to empowering this transformation by building the tools and experiences that thousands of developers use to create their own products. Plaid powers the tools millions of people rely on to live a healthier financial life. We work with thousands of companies like Venmo, SoFi, several of the Fortune 500, and many of the largest banks to make it easy for people to connect their financial accounts to the apps and services they want to use. Plaid’s network covers 12,000 financial institutions across the US, Canada, UK and Europe. Founded in 2013, the company is headquartered in San Francisco with offices in New York, Washington D.C., London and Amsterdam.


The Product Sales team at Plaid is a specialist, solutions-focused sales organization responsible for driving adoption and growth of Plaid’s emerging products across both new and existing customers. This team plays a critical role in scaling products, translating customer needs into commercial opportunities, and accelerating Plaid’s next phase of growth through consultative, value-driven selling.

In this role, you will own the full sales cycle for Plaid’s Fraud solutions, driving new business and expansion within existing customers. You will act as a subject matter expert across fraud, risk, and identity verification, partnering closely with Account Management, Product, and Go-To-Market teams to identify high-impact use cases and deliver measurable customer value. This role is ideal for a self-starting seller who operates with ownership, thinks ahead, anticipates risk, and takes proactive action, while embracing a collaborative, win-as-a-team approach with fellow sellers and cross-functional partners.
"
New Business Associate - Inbound,Plaid,San Francisco,https://jobs.lever.co/plaid/177857f0-5455-4af7-ae04-1bedb3a1bc27,"At Plaid, our mission is to unlock financial freedom for everyone.  There has never been a better time than now to start building the future of fintech with us. Plaid powers the tools millions of people rely on to live a healthier financial life. We work with thousands of companies like Venmo, SoFi, and Betterment, several of the Fortune 500, and many of the largest banks to make it easy for people to connect their financial accounts to the apps and services they want to use. Plaid’s network covers 12,000 financial institutions across the US, Canada, UK and Europe. Founded in 2013, the company is headquartered in San Francisco with offices in New York, Washington D.C., London and Amsterdam. #LI-Hybrid

Our sales team at Plaid combines deep product and industry knowledge and is focused on bringing Plaid to an ever-broadening set of businesses. Our thesis is that every company in financial services can benefit from better financial technology, and that many industries that don't currently consider themselves to be FinTech actually are.

You'll be the one helping us achieve this vision. As a New Business Associate, you'll manage inbound leads and be the first point of contact for most new companies we work with. You'll handle the entire opportunity qualification cycle and work closely with marketing, sales, and business operations to drive successful progress towards our revenue acquisition goals. The ideal candidate is customer centric, goal-oriented, a collaborative team player, and excited to work in a fast-paced environment. 
"
Onboarding Program Specialist,Plaid,San Francisco,https://jobs.lever.co/plaid/62c7837c-f2a0-4f77-b03d-c3a4e4ac48cc,"We believe that the way people interact with their finances will drastically improve in the next few years. We’re dedicated to empowering this transformation by building the tools and experiences that thousands of developers use to create their own products. Plaid powers the tools millions of people rely on to live a healthier financial life. We work with thousands of companies like Venmo, SoFi, several of the Fortune 500, and many of the largest banks to make it easy for people to connect their financial accounts to the apps and services they want to use. Plaid’s network covers 12,000 financial institutions across the US, Canada, UK and Europe. Founded in 2013, the company is headquartered in San Francisco with offices in New York, Washington D.C., London and Amsterdam.


The Workplace Experience (WPE) team is responsible for shaping the employee experience at Plaid, ensuring that our workspaces, events, and cultural touchpoints drive connection, collaboration, productivity and engagement. 

Within WPE, the Events & Experiences team brings Plaid’s culture to life by designing and executing programs that foster belonging and engagement across both in-office and distributed environments. This team curates a wide range of experiences—from flagship company-wide gatherings to in-office celebrations, DEIB initiatives, virtual events, and milestone moments.  By intentionally designing touchpoints across the employee lifecycle, the team reinforces Plaid’s values and helps build a workplace where employees everywhere feel included, supported, and inspired.

We’re looking for an Onboarding Program Specialist to join our Events and Experiences team in San Francisco. In this role, you’ll be the face of Plaid for all new hires, leading our in-person onboarding program and delivering a best-in-class introduction to our culture, values, and ways of working.

Beyond onboarding, you’ll shape the employee experience by managing swag and recognition programs, supporting milestone celebrations, and assisting with events across onsite, offsite, and virtual environments. Partnering closely with People, WPE, DEIB, and Communications teams, you’ll create inclusive, memorable experiences that ensure Plaids feel valued, connected, and excited to show up.
"
"Product Designer, Fraud & Risk",Plaid,New York,https://jobs.lever.co/plaid/66eb7ff7-6227-45f8-a602-77fe637eec94,"We believe that the way people interact with their finances will drastically improve in the next few years. We’re dedicated to empowering this transformation by building the tools and experiences that thousands of developers use to create their own products. Plaid powers the tools millions of people rely on to live a healthier financial life. We work with thousands of companies like Venmo, SoFi, several of the Fortune 500, and many of the largest banks to make it easy for people to connect their financial accounts to the apps and services they want to use. Plaid’s network covers 12,000 financial institutions across the US, Canada, UK and Europe. Founded in 2013, the company is headquartered in San Francisco with offices in New York, Washington D.C., London and Amsterdam.


The design team at Plaid is made up of product designers, researchers, and content designers who partner closely with cross-functional teams to shape and deliver Plaid’s products. 

Within the Fraud & Risk org, the Dashboard team owns Plaid’s Dashboard, a key surface area for customers and data partners. The Dashboard provides essential tools for launching with Plaid, monitoring integrations, and managing accounts, and it also serves as the home for emerging insights products across payments and risk assessment. 

We’re looking for a Product Designer to join the Fraud & Risk team, focused on the Dashboard. In this role, you’ll work closely with cross-functional partners to design and ship high-quality product experiences in the Dashboard for customers. You’ll help evolve and create new experiences across our fraud prevention products, setting a high bar for visual and interaction design quality.

"
Product Lead - Account Verification,Plaid,New York,https://jobs.lever.co/plaid/8a10da34-daad-4ebe-bcfb-4485089a0538,"We believe that the way people interact with their finances will drastically improve in the next few years. We’re dedicated to empowering this transformation by building the tools and experiences that thousands of developers use to create their own products. Plaid powers the tools millions of people rely on to live a healthier financial life. We work with thousands of companies like Venmo, SoFi, several of the Fortune 500, and many of the largest banks to make it easy for people to connect their financial accounts to the apps and services they want to use. Plaid’s network covers 12,000 financial institutions across the US, Canada, UK and Europe. Founded in 2013, the company is headquartered in San Francisco with offices in New York, Washington D.C., London and Amsterdam.


Plaid’s Account Verification team builds the foundation of trust for open finance. We help fintechs and financial institutions connect and verify bank accounts securely so that money can move safely and instantly. Account Verification is the entry point for all of Plaid’s payment-focused consumer experiences and is a critical building block for our customers. The team obsesses over creating seamless verification journeys that balance speed, reliability, and security, enabling consumers to confidently connect to the financial ecosystem.

As the Product Lead for Account Verification, you will own one of Plaid’s most critical product areas. You'll lead the evolution of our verification platform across Auth, Balance, and Identity Match, shaping how users connect their financial accounts with confidence. Partnering with engineering, design, and go-to-market, you will expand Plaid’s verification methods across open banking, ML, and traditional systems while ensuring Plaid remains the industry’s most trusted and flexible provider.

This role is ideal for a high-ownership builder who thrives in ambiguity and moves fast. You will set vision and strategy, drive execution across a cross-functional team, and define how Plaid leads in a rapidly evolving, AI-driven verification landscape. If you’re energized by building systems that power millions of financial connections and enjoy balancing customer empathy with bold product strategy, this is your opportunity to lead at scale.
"
Product Lead - Growth,Plaid,San Francisco,https://jobs.lever.co/plaid/b87c595b-b231-4a86-bffa-450e3f9dc335,"We believe that the way people interact with their finances will drastically improve in the next few years. We’re dedicated to empowering this transformation by building the tools and experiences that thousands of developers use to create their own products. Plaid powers the tools millions of people rely on to live a healthier financial life. We work with thousands of companies like Venmo, SoFi, several of the Fortune 500, and many of the largest banks to make it easy for people to connect their financial accounts to the apps and services they want to use. Plaid’s network covers 12,000 financial institutions across the US, Canada, UK and Europe. Founded in 2013, the company is headquartered in San Francisco with offices in New York, Washington D.C., London and Amsterdam.


The Customer Growth & Experience (CGX) team owns the full customer lifecycle - from the moment a customer lands on plaid.com to their journey across onboarding, activation, adoption, and long-term success. Within CGX, the Growth team drives Plaid’s multi-channel growth strategy across self-serve, SMB, enterprise, and partnership motions. We focus on optimizing every step of the funnel, building scalable growth systems, and ensuring Plaid is enterprise-ready from day one. We also own the foundational systems that power customer onboarding, compliance, risk evaluation, and lifecycle state management—critical infrastructure that ensures Plaid can scale reliably and safely.

As Product Lead - Growth, you will oversee one of Plaid’s highest-breadth portfolios. You’ll lead PMs across Growth, Web, and Customer Foundations, setting strategy for funnel optimization, down-market acquisition, enterprise enablement, and the customer lifecycle model. You will partner deeply with Engineering, Design, BI/DS, Marketing, Sales, and Partnerships to shape growth motions across all GTM channels. You will also support key enterprise and partnership deals, identifying product opportunities and clarifying deal mechanics. This role is ideal for a seasoned B2B growth leader who is highly data-oriented, and energized by solving complex problems across multiple surfaces with the mission of driving efficient growth. 
"
Product Lead - Money Movement,Plaid,New York,https://jobs.lever.co/plaid/f49c8a79-0281-420d-aff6-856a66f932d0,"We believe that the way people interact with their finances will drastically improve in the next few years. We’re dedicated to empowering this transformation by building the tools and experiences that thousands of developers use to create their own products. Plaid powers the tools millions of people rely on to live a healthier financial life. We work with thousands of companies like Venmo, SoFi, several of the Fortune 500, and many of the largest banks to make it easy for people to connect their financial accounts to the apps and services they want to use. Plaid’s network covers 12,000 financial institutions across the US, Canada, UK and Europe. Founded in 2013, the company is headquartered in San Francisco with offices in New York, Washington D.C., London and Amsterdam.


Plaid’s Transfer team is building the infrastructure that powers how money moves in the modern economy. We enable fintechs and enterprises to move funds instantly, securely, and at scale,  whether paying in, paying out, or managing recurring flows. The team sits at the center of Plaid’s payments ecosystem, operating across ACH, RTP, FedNow, and beyond to make bank payments as intuitive and dependable as cards. We’re shaping the future of real-time payments in the U.S. and moving Billions of dollars in the process.

As the Product Lead for Transfer, you’ll own how real-time money movement works across the Plaid network and the broader financial ecosystem. You’ll guide the roadmap for our payments platform and oversee the systems, operations, and partnerships that keep money moving safely and reliably every day. This role combines deep product and operational leadership, defining how Plaid scales its payments capabilities across ACH, RTP, FedNow, Wires, and Request for Payment (RfP).

You’ll work cross-functionally with engineering, operations, risk, and go-to-market to build the most trusted and resilient payments platform in the market. You’ll drive the evolution of Plaid’s real-time payments operations, ensuring world-class reliability, compliance, and customer success. If you’re motivated by building systems that redefine how money moves—at scale, in real time, and with impact—this is your opportunity to lead one of the most important transformations in modern finance.
"
Product Manager,Plaid,San Francisco,https://jobs.lever.co/plaid/9c7b4342-de57-4a74-8ada-9741a07c7b5f,"We believe that the way people interact with their finances will drastically improve in the next few years. We’re dedicated to empowering this transformation by building the tools and experiences that thousands of developers use to create their own products. Plaid powers the tools millions of people rely on to live a healthier financial life. We work with thousands of companies like Venmo, SoFi, several of the Fortune 500, and many of the largest banks to make it easy for people to connect their financial accounts to the apps and services they want to use. Plaid’s network covers 12,000 financial institutions across the US, Canada, UK and Europe. Founded in 2013, the company is headquartered in San Francisco with offices in New York, Washington D.C., London and Amsterdam.


Plaid’s Product team builds the network that powers open finance. We unlock financial freedom by enabling innovation, reliability, and customer success. Our PMs are curious, fast-moving, and customer-obsessed, making intuitive, reliable experiences that help people thrive financially.

As a Product Manager at Plaid, you’ll define and drive products that help millions connect, move, and manage their money. You’ll partner with engineering, design, and go-to-market teams to translate customer needs into impactful, high-quality products.

This role suits someone early in their PM career who loves to learn, collaborate, and build meaningful solutions that improve financial lives.
"
Product Manager - Financial Management,Plaid,New York,https://jobs.lever.co/plaid/5274736a-336f-47c2-92db-315d8f880b30,"We believe that the way people interact with their finances will drastically improve in the next few years. We’re dedicated to empowering this transformation by building the tools and experiences that thousands of developers use to create their own products. Plaid powers the tools millions of people rely on to live a healthier financial life. We work with thousands of companies like Venmo, SoFi, several of the Fortune 500, and many of the largest banks to make it easy for people to connect their financial accounts to the apps and services they want to use. Plaid’s network covers 12,000 financial institutions across the US, Canada, UK and Europe. Founded in 2013, the company is headquartered in San Francisco with offices in New York, Washington D.C., London and Amsterdam.


The Financial Management team builds the APIs that power some of the most influential digital finance experiences today: from budgeting apps to the financial management tools offered by banks and wealth platforms. Our mission is to unlock financial freedom for everyone by helping consumers and businesses better understand and manage their money.

We do this through advanced data aggregation and machine learning systems that turn consumer-permissioned financial data into actionable insights. These products enable developers, banks, and fintechs to build intuitive financial tools that help millions of people achieve their financial goals.

Plaid’s Financial Management products include Transactions, Investments, and Liabilities, which sit at the heart of the open banking ecosystem. As the Product Manager for this area, you’ll identify and deliver new opportunities to make these products even more valuable to our customers and partners. You’ll work closely with customers to uncover emerging use cases, quantify their potential, and partner with engineering to bring those ideas to life.

Product Managers at Plaid own the end-to-end problem spaces they’re solving. In this role, you’ll define product direction, drive new capabilities into our core offerings, and ensure strategic alignment from architecture to operations to go-to-market. The ideal candidate has led technical, API-based B2B products, communicates complex concepts with clarity, and makes bold, informed decisions in ambiguous environments.
"
Product Manager - Fraud,Plaid,San Francisco,https://jobs.lever.co/plaid/b66c4123-386a-46c0-93ef-842b92a48a48,"We believe that the way people interact with their finances will drastically improve in the next few years. We’re dedicated to empowering this transformation by building the tools and experiences that thousands of developers use to create their own products. Plaid powers the tools millions of people rely on to live a healthier financial life. We work with thousands of companies like Venmo, SoFi, several of the Fortune 500, and many of the largest banks to make it easy for people to connect their financial accounts to the apps and services they want to use. Plaid’s network covers 12,000 financial institutions across the US, Canada, UK and Europe. Founded in 2013, the company is headquartered in San Francisco with offices in New York, Washington D.C., London and Amsterdam.


Plaid’s Product team builds the network that powers the future of financial services. Our mission is to unlock financial freedom for everyone through open finance. Product Managers at Plaid are curious, customer-obsessed, and move fast to deliver value. They take ownership, sweat the details, and make sound decisions with imperfect information.

As a PM on our Fraud team, you’ll build trusted systems that detect and prevent fraud across our network. You’ll protect users and customers from bad actors while helping good users onboard with confidence. Partnering with engineering, data science, and go-to-market, you’ll define problems, ship scalable solutions, and make Plaid’s platform safer and more resilient.

This role is for an early-career PM who wants to learn fast, build impactful products, and collaborate across teams to protect the financial ecosystem.
"
Product Marketing Manager - Payments,Plaid,San Francisco,https://jobs.lever.co/plaid/1d3a494a-ca7d-4b25-afc5-dc32ce1fc50d,"We believe that the way people interact with their finances will drastically improve in the next few years. We’re dedicated to empowering this transformation by building the tools and experiences that thousands of developers use to create their own products. Plaid powers the tools millions of people rely on to live a healthier financial life. We work with thousands of companies like Venmo, SoFi, several of the Fortune 500, and many of the largest banks to make it easy for people to connect their financial accounts to the apps and services they want to use. Plaid’s network covers 12,000 financial institutions across the US, Canada, UK and Europe. Founded in 2013, the company is headquartered in San Francisco with offices in New York, Washington D.C., London and Amsterdam.


At Plaid, Product Marketing plays a pivotal role across the entire product lifecycle—from shaping product strategies and defining target audiences, to ensuring successful product launches and market adoption. We collaborate closely with Product, Sales, and Marketing teams, driving go-to-market strategies from pipeline develop and acceleration to creating compelling narratives, influencing product direction based on customer feedback and driving marketing execution. 

As a Product Marketing Manager for Payments, you’ll help bring Plaid’s vision for bank payments to life: making us the method of choice for Billers, Fintechs, and Financial Institutions. Our mission is to harness Plaid’s network—spanning coverage, intelligence, and conversion—to deliver seamless, secure, and intelligent payment experiences. This role is central to accelerating adoption, scaling product impact, and redefining how money moves across the financial ecosystem. You will own go-to-market strategy and product marketing for new and existing products, from early product–market fit validation through scaled acquisition and partner closely with Product, Sales, Growth, and Data to assess market opportunities, define ideal customer profiles, and drive adoption in priority verticals.


"
Product Recruiter,Plaid,San Francisco,https://jobs.lever.co/plaid/909fe097-a480-49c4-bb44-430757bd3019,"We believe that the way people interact with their finances will drastically improve in the next few years. We’re dedicated to empowering this transformation by building the tools and experiences that thousands of developers use to create their own products. Plaid powers the tools millions of people rely on to live a healthier financial life. We work with thousands of companies like Venmo, SoFi, several of the Fortune 500, and many of the largest banks to make it easy for people to connect their financial accounts to the apps and services they want to use. Plaid’s network covers 12,000 financial institutions across the US, Canada, UK and Europe. Founded in 2013, the company is headquartered in San Francisco with offices in New York, Washington D.C., London and Amsterdam.


Our Technical Recruiting team builds the teams that build Plaid. We partner with leaders across Engineering, Product, Design, Data, and Security to deliver thoughtful, candidate-first processes and continually raise the bar for how we scale. Product is at the heart of how Plaid builds and scales. The Product recruiter ensures we bring in exceptional PM talent that drives the next generation of Plaid’s products and platform experiences. This role is critical to our success. In this role, you’ll deepen your expertise in stakeholder influence, closing strategy, and programmatic recruiting for high-impact product roles. Over time, you’ll have opportunities to shape how Plaid recruits product talent at scale, lead strategic hiring initiatives, and mentor other recruiters.
"
Product Strategic Finance,Plaid,New York,https://jobs.lever.co/plaid/2a14577f-08ca-496f-ab14-c615e484a0a8,"We believe that the way people interact with their finances will drastically improve in the next few years. We’re dedicated to empowering this transformation by building the tools and experiences that thousands of developers use to create their own products. Plaid powers the tools millions of people rely on to live a healthier financial life. We work with thousands of companies like Venmo, SoFi, several of the Fortune 500, and many of the largest banks to make it easy for people to connect their financial accounts to the apps and services they want to use. Plaid’s network covers 12,000 financial institutions across the US, Canada, UK and Europe. Founded in 2013, the company is headquartered in San Francisco with offices in New York, Washington D.C., London and Amsterdam.


Plaid’s Strategic Finance team plays a critical role in shaping our long-term business strategy and execution.  We support Plaid in achieving its short-term and long-term strategic goals and help inform, articulate, and shape Plaid’s growth trajectory.  As a Strategic Finance Associate, you will drive initiatives including P&L forecasting, designing analytical and financial frameworks to optimize decision-making, and providing our management team, Board, and employees with insights about our performance.  You are highly analytical and strategic, and can seamlessly navigate between complex details and the big picture.
"
Sales Development Representative,Plaid,San Francisco,https://jobs.lever.co/plaid/e852b15b-b38f-45a6-9a81-af9c4b758b5f,"At Plaid, our mission is to unlock financial freedom for everyone.  There has never been a better time than now to start building the future of fintech with us. Plaid powers the tools millions of people rely on to live a healthier financial life. We work with thousands of companies like Venmo, SoFi, and Betterment, several of the Fortune 500, and many of the largest banks to make it easy for people to connect their financial accounts to the apps and services they want to use. Plaid’s network covers 12,000 financial institutions across the US, Canada, UK and Europe. Founded in 2013, the company is headquartered in San Francisco with offices in New York, Washington D.C., London and Amsterdam. #LI-Hybrid

Our New Business team at Plaid combines deep product and industry knowledge and is focused on bringing Plaid to an ever-broadening set of businesses. Our thesis is that every company in financial services can benefit from better financial technology, and that many industries that don't currently consider themselves to be a fintech actually are. 

You'll be the one helping us achieve this vision. As a New Business Representative, you'll forge the path to finding new clients and prospect new customers for us to target. We are looking for extraordinary sales professionals with SaaS/tech and/or outbounding selling experience, who can demonstrate the added value of Plaid and what impact it can have on FinTech and non-FinTech alike. In this role you will be responsible for organizational mapping, prospecting individuals, driving engagement, setting opportunities for AEs, taking qualification calls, and nurturing early opportunities. The ideal candidate is customer centric, resilient, challenges the status quo, and has an interest in advancing their career in tech sales.
"
Sales Development Representative,Plaid,New York,https://jobs.lever.co/plaid/e8984a69-e0bb-4ef5-a8fe-2c3593cbd855,"At Plaid, our mission is to unlock financial freedom for everyone.  There has never been a better time than now to start building the future of fintech with us. Plaid powers the tools millions of people rely on to live a healthier financial life. We work with thousands of companies like Venmo, SoFi, and Betterment, several of the Fortune 500, and many of the largest banks to make it easy for people to connect their financial accounts to the apps and services they want to use. Plaid’s network covers 12,000 financial institutions across the US, Canada, UK and Europe. Founded in 2013, the company is headquartered in San Francisco with offices in New York, Washington D.C., London and Amsterdam. #LI-Hybrid

Our New Business team at Plaid combines deep product and industry knowledge and is focused on bringing Plaid to an ever-broadening set of businesses. Our thesis is that every company in financial services can benefit from better financial technology, and that many industries that don't currently consider themselves to be a fintech actually are. 

You'll be the one helping us achieve this vision. As a New Business Representative, you'll forge the path to finding new clients and prospect new customers for us to target. We are looking for extraordinary sales professionals with SaaS/tech and/or outbounding selling experience, who can demonstrate the added value of Plaid and what impact it can have on FinTech and non-FinTech alike. In this role you will be responsible for organizational mapping, prospecting individuals, driving engagement, setting opportunities for AEs, taking qualification calls, and nurturing early opportunities. The ideal candidate is customer centric, resilient, challenges the status quo, and has an interest in advancing their career in tech sales.
"
Sales Engineer - Fintech,Plaid,United States,https://jobs.lever.co/plaid/83a90e0a-d4c8-42f4-a3ac-729a0d256b42,"We believe that the way people interact with their finances will drastically improve in the next few years. We’re dedicated to empowering this transformation by building the tools and experiences that thousands of developers use to create their own products. Plaid powers the tools millions of people rely on to live a healthier financial life. We work with thousands of companies like Venmo, SoFi, several of the Fortune 500, and many of the largest banks to make it easy for people to connect their financial accounts to the apps and services they want to use. Plaid’s network covers 12,000 financial institutions across the US, Canada, UK and Europe. Founded in 2013, the company is headquartered in San Francisco with offices in New York, Washington D.C., London and Amsterdam.


Sales Engineering unlocks and empowers prospects’ full potential on the Plaid Network. We bring product expertise and drive Revenue outcomes by being customer-obsessed technical advisors in the pre-sales process. You’ll work closely with our Fintech Sales team as the technical lead during the pre-sales process. You will be responsible for partnering with Account Executives, proactively pushing deals forward by overcoming technical objections and building solutions around Plaid products. You will ensure a successful transition to the post-sale stage of the customer lifecycle and partner with account teams to drive adoption of new products by existing customers. You will be expected to have significant knowledge of the Fintech ecosystem and a deep understanding of how customers can best utilize Plaid.
"
Senior Credit Risk Manager - Payments,Plaid,United States,https://jobs.lever.co/plaid/d31b1c6b-a5ec-4a1d-b245-9601457a48b2,"We believe that the way people interact with their finances will drastically improve in the next few years. We’re dedicated to empowering this transformation by building the tools and experiences that thousands of developers use to create their own products. Plaid powers the tools millions of people rely on to live a healthier financial life. We work with thousands of companies like Venmo, SoFi, several of the Fortune 500, and many of the largest banks to make it easy for people to connect their financial accounts to the apps and services they want to use. Plaid’s network covers 12,000 financial institutions across the US, Canada, UK and Europe. Founded in 2013, the company is headquartered in San Francisco with offices in New York, Washington D.C., London and Amsterdam.


Plaid Transfer makes moving money fast, simple, and secure, helping businesses deliver seamless payment experiences their customers love. Plaid Transfer simplifies money movement with a single API for all bank rails, robust operational tools and liquidity management features, and embedded risk checks to help prevent payment returns and fraud. 

On the Transfer Operations team, we ensure that money movement at Plaid is not only fast and reliable, but also financially safe and scalable. We are responsible for managing the operational and financial risks inherent in bank-based payments, particularly ACH debits where Plaid may be exposed to customer returns. 

We build and operate the frameworks that allow Plaid Transfer to grow responsibly. This includes defining and enforcing credit risk policies, monitoring customer activity and portfolio exposure, responding to risk events, and partnering closely with Product, Engineering, Compliance, and Finance to translate risk decisions into production systems. 

Our mission is to enable Transfer’s growth while protecting Plaid’s balance sheet. We work at the intersection of payments, risk, and operations, balancing speed and customer experience with prudent risk management, so Plaid can confidently support new products, customers, and business models at scale.

As a Senior Credit Risk Manager on the Transfer Operations team, you will own the portfolio-level credit risk management of Plaid Transfer, helping ensure that money movement remains fast, reliable, and financially safe as the business scales. 

You will design and operate Plaid’s Transfer credit risk underwriting program. You’ll build and evolve underwriting policies, scorecards, and playbooks for customer onboarding, periodic reviews, and exception handling, especially for complex use cases such as platforms, lenders, crypto, and customers requesting faster settlement or liquidity fronting.

You will make high-impact risk decisions every day. You’ll evaluate customer solvency, liquidity, and business-model risk, determine appropriate holds, limits, reserves, and prefunding requirements, and partner closely with Operations to manage escalations and incidents when risk signals emerge.
You will bring structure and visibility to portfolio risk. You’ll monitor aggregate exposure across the Transfer customer base, identify concentration and emerging risks, and produce clear executive reporting on exposure, reserves, and loss forecasts in partnership with Finance. You will enable teams to execute risk consistently at scale. You’ll train and support customer oversight teams, create self-serve documentation and guidance, and work with Product and Engineering to translate risk policy into tooling and automated controls.

You will be a trusted partner across the organization. You’ll collaborate with Product, Engineering, Finance, AML, Compliance, and senior leadership to balance growth, customer experience, and risk, helping Plaid confidently support new products and customers while protecting the company’s balance sheet.
"
Senior Data Engineer - Data Engineering,Plaid,San Francisco,https://jobs.lever.co/plaid/022278b3-0943-44b3-a54b-1de421017589,"We believe that the way people interact with their finances will drastically improve in the next few years. We’re dedicated to empowering this transformation by building the tools and experiences that thousands of developers use to create their own products. Plaid powers the tools millions of people rely on to live a healthier financial life. We work with thousands of companies like Venmo, SoFi, several of the Fortune 500, and many of the largest banks to make it easy for people to connect their financial accounts to the apps and services they want to use. Plaid’s network covers 12,000 financial institutions across the US, Canada, UK and Europe. Founded in 2013, the company is headquartered in San Francisco with offices in New York, Washington D.C., London and Amsterdam. #LI-Hybrid

The main goal of the DE team in 2024-25 is to build robust golden data sets to power our business goals of creating more insights based products. Making data-driven decisions is key to Plaid's culture. To support that, we need to scale our data systems while maintaining correct and complete data. We provide tooling and guidance to teams across engineering, product, and business and help them explore our data quickly and safely to get the data insights they need, which ultimately helps Plaid serve our customers more effectively. Data Engineers heavily leverage SQL and Python to build data workflows. We use tools like DBT, Airflow, Redshift, ElasticSearch, Atlanta, and Retool to orchestrate data pipelines and define workflows. We work with engineers, product managers, business intelligence, data analysts, and many other teams to build Plaid's data strategy and a data-first mindset. Our engineering culture is IC-driven -- we favor bottom-up ideation and empowerment of our incredibly talented team. We are looking for engineers who are motivated by creating impact for our consumers and customers, growing together as a team, shipping the MVP, and leaving things better than we found them.

You will be in a high impact role that will directly enable business leaders to make faster and more informed business judgements based on the datasets you build. You will have the opportunity to carve out the ownership and scope of internal datasets and visualizations across Plaid which is a currently unowned area that we intend to take over and build SLAs on. You will have the opportunity to learn best practices and up-level your technical skills from our strong DE team and from the broader Data Platform team. You will collaborate with and have strong and cross functional partnerships with literally all teams at Plaid from Engineering to Product to Marketing/Finance etc.
"
Senior Security Engineer - Offensive Security,Plaid,San Francisco,https://jobs.lever.co/plaid/df916036-7e1d-486d-beb1-9104845efdb0,"We believe that the way people interact with their finances will drastically improve in the next few years. We’re dedicated to empowering this transformation by building the tools and experiences that thousands of developers use to create their own products. Plaid powers the tools millions of people rely on to live a healthier financial life. We work with thousands of companies like Venmo, SoFi, several of the Fortune 500, and many of the largest banks to make it easy for people to connect their financial accounts to the apps and services they want to use. Plaid’s network covers 12,000 financial institutions across the US, Canada, UK and Europe. Founded in 2013, the company is headquartered in San Francisco with offices in New York, Washington D.C., London and Amsterdam.


The Platform Security (PlatSec) team protects Plaid’s corporate and production environments, spanning endpoint and infrastructure security as well as detection and response. We work to minimize the risk of compromise by hardening laptops and production services, identifying attacks early, and responding decisively when issues arise.

As the founding member of Plaid’s red team, you will establish and define our offensive security program. You’ll determine which types of operations we should run in both the short and long term, and then carry them out, shifting between strategic planning and hands-on technical work throughout the year. You’ll partner with stakeholders to understand the issues you uncover, both high level and granular, and to incorporate the red team’s work into day-to-day operations and long-term planning. You’ll communicate findings to stakeholders at all levels, including the C-team.

Over the next few years, you’ll help grow the team by interviewing candidates for new roles and potentially stepping into a management or TL position.
"
Senior Software Engineer - AI & Intelligent Tooling,Plaid,San Francisco,https://jobs.lever.co/plaid/9d0008bb-dc57-47a1-90ce-46cd3145445d,"Plaid is evolving into an AI-first company, and Intelligent Tooling sits at the center of that transformation. The Intelligent Tooling team is being built from the ground up, and our mission is to establish the technical foundations, operating model, and internal platforms that embed AI deeply into Plaid’s coding tools, internal systems, and the entire software development lifecycle.When we are successful, engineers across Plaid will delegate lower-leverage work to AI agents, move faster with confidence, and spend more of their time designing and inventing for customers. Intelligent Tooling owns the platforms and systems that make this possible - from AI coding integrations and SDLC agents to the internal tools that power Plaid’s operations.

As a Senior Software Engineer on the Intelligent Tooling team, you will build and operate internal systems that directly impact how engineers across Plaid do their work. This is a hands-on role with significant ownership, where success is measured by real adoption, reliability, and improvements to developer experience.

You will work on AI-powered tooling, internal platforms, and developer workflows, collaborating closely with other engineers and cross-functional partners to ship durable, high-leverage systems.
"
Senior Software Engineer - Backend,Plaid,New York,https://jobs.lever.co/plaid/0e7c6766-a599-4c5f-80a9-36164c45d93e,"We believe that the way people interact with their finances will drastically improve in the next few years. We’re dedicated to empowering this transformation by building the tools and experiences that thousands of developers use to create their own products. Plaid powers the tools millions of people rely on to live a healthier financial life. We work with thousands of companies like Venmo, SoFi, several of the Fortune 500, and many of the largest banks to make it easy for people to connect their financial accounts to the apps and services they want to use. Plaid’s network covers 12,000 financial institutions across the US, Canada, UK and Europe. Founded in 2013, the company is headquartered in San Francisco with offices in New York, Washington D.C., London and Amsterdam.
"
Senior Software Engineer - Backend,Plaid,San Francisco,https://jobs.lever.co/plaid/cdfaadbd-7cae-479c-94fc-538a610cf4f0,"We believe that the way people interact with their finances will drastically improve in the next few years. We’re dedicated to empowering this transformation by building the tools and experiences that thousands of developers use to create their own products. Plaid powers the tools millions of people rely on to live a healthier financial life. We work with thousands of companies like Venmo, SoFi, several of the Fortune 500, and many of the largest banks to make it easy for people to connect their financial accounts to the apps and services they want to use. Plaid’s network covers 12,000 financial institutions across the US, Canada, UK and Europe. Founded in 2013, the company is headquartered in San Francisco with offices in New York, Washington D.C., London and Amsterdam.
"
Senior Software Engineer - Data Infrastructure,Plaid,San Francisco,https://jobs.lever.co/plaid/05b0ae3f-ec60-48d6-ae27-1bd89d928c47,"Making data driven decisions is key to Plaid's culture. To support that, we need to scale our data systems while maintaining correct and complete data. We provide tooling and guidance to teams across engineering, product, and business and help them explore our data quickly and safely to get the data insights they need, which ultimately helps Plaid serve our customers more effectively. We build the data and machine learning infrastructure to enable Plaid engineers to prototype and iterate on products and features built on top of consumer-permissioned financial data.

Engineers on Data Infrastructure are domain experts in Data Warehouse, Data Lakehouse, Spark, Workflow Orchestration, and Streaming technologies. We scale our existing data pipelines in a performant and cost efficient way while creating the necessary abstractions to make developing on top of this platform extremely simple for other engineers at Plaid.
"
Senior Software Engineer - Fullstack,Plaid,San Francisco,https://jobs.lever.co/plaid/9a4fcc86-9c58-4439-9fe5-9c206cfc8dd3,"We believe that the way people interact with their finances will drastically improve in the next few years. We’re dedicated to empowering this transformation by building the tools and experiences that thousands of developers use to create their own products. Plaid powers the tools millions of people rely on to live a healthier financial life. We work with thousands of companies like Venmo, SoFi, several of the Fortune 500, and many of the largest banks to make it easy for people to connect their financial accounts to the apps and services they want to use. Plaid’s network covers 12,000 financial institutions across the US, Canada, UK and Europe. Founded in 2013, the company is headquartered in San Francisco with offices in New York, Washington D.C., London and Amsterdam.
"
Senior Software Engineer - Fullstack,Plaid,New York,https://jobs.lever.co/plaid/de02fe74-6365-4aa0-8d21-fa700db3abe8,"We believe that the way people interact with their finances will drastically improve in the next few years. We’re dedicated to empowering this transformation by building the tools and experiences that thousands of developers use to create their own products. Plaid powers the tools millions of people rely on to live a healthier financial life. We work with thousands of companies like Venmo, SoFi, several of the Fortune 500, and many of the largest banks to make it easy for people to connect their financial accounts to the apps and services they want to use. Plaid’s network covers 12,000 financial institutions across the US, Canada, UK and Europe. Founded in 2013, the company is headquartered in San Francisco with offices in New York, Washington D.C., London and Amsterdam.
"
Senior Software Engineer - ML Infrastructure,Plaid,San Francisco,https://jobs.lever.co/plaid/16383203-9942-42be-9698-76207e2a500e,"Plaid is evolving into an AI-first company, where data and machine learning are the key enablers of smarter, more secure insight products built on top of Plaid’s vast financial data network. The Machine Learning Infrastructure team sits at the center of this transformation. We build the platforms that enable model developers to experiment, train, deploy, and monitor machine learning systems reliably and at scale — from feature stores and pipelines, to deployment frameworks and inference tooling.

We are in the midst of a pivotal shift: replacing legacy systems with a modern feature store, and establishing a standardized ML Ops “golden path.” Our mission is to enable Plaid’s product teams to move faster with trustworthy insights, deploy models with confidence, and unlock the next generation of AI-powered financial experiences.

As a Senior Software Engineer on the Machine Learning Infrastructure team, you will design, build, and operate the systems that power machine learning across Plaid. You will apply your deep technical expertise to create scalable, reliable, and secure ML platforms, and collaborate closely with ML product teams to accelerate the delivery of ML & AI-powered products.

This is a highly technical, hands-on role where you’ll contribute to core infrastructure, influence architectural direction, and mentor peers while helping to define the “golden path” for ML development and deployment at Plaid.
"
Senior Software Engineer - Network Enablement (Applied ML),Plaid,San Francisco,https://jobs.lever.co/plaid/43b1374d-5c5e-4b63-b710-a95e3cb76bbe,"We believe that the way people interact with their finances will drastically improve in the next few years. We’re dedicated to empowering this transformation by building the tools and experiences that thousands of developers use to create their own products. Plaid powers the tools millions of people rely on to live a healthier financial life. We work with thousands of companies like Venmo, SoFi, several of the Fortune 500, and many of the largest banks to make it easy for people to connect their financial accounts to the apps and services they want to use. Plaid’s network covers 12,000 financial institutions across the US, Canada, UK and Europe. Founded in 2013, the company is headquartered in San Francisco with offices in New York, Washington D.C., London and Amsterdam.


The Network Enablement team’s mission is to amplify Plaid’s network effects by fostering trust and sharing intelligence with data partners.

We build Trust & Fraud Insights (real-time Protect model scoring, two-way APIs/webhooks, and investigation tooling), Bank Intelligence (ML driven retention and account-primacy metrics and scalable batch pipelines), and the ml/data foundations (graph and sequence-embedding models plus unified feature pipelines and feature-store patterns).

We own productionization and reliability for data partner facing ML — low-latency scoring, offline↔online parity, observability and drift detection, PII-safe handling and auditability — and collaborated closely with MLE, DS, Data Platform, Fraud, Foundational Modeling, Product, and Privacy to scale network intelligence.

On this team you will build and operate the ML infrastructure and product services that enable trust and intelligence across Plaid’s network. You’ll own feature engineering, offline training and batch scoring, online feature serving, and real-time inference so model outputs directly power partner-facing fraud & trust products and bank intelligence features. You will integrate inference into product logic (APIs, feature flags, backend flows), build reproducible pipelines and model CI/CD, and ensure observability, reproducibility, and compliance as you scale our network capabilities. You’ll partner with Product, ML/Data Platform, Fraud, Foundational Modeling, MLE, DS, and Privacy to ship auditable, reliable ML solutions that move product KPIs
"
Social Media Lead,Plaid,San Francisco,https://jobs.lever.co/plaid/eb87ad8f-2141-429f-b0d2-fde095823044,"We believe that the way people interact with their finances will drastically improve in the next few years. We’re dedicated to empowering this transformation by building the tools and experiences that thousands of developers use to create their own products. Plaid powers the tools millions of people rely on to live a healthier financial life. We work with thousands of companies like Venmo, SoFi, several of the Fortune 500, and many of the largest banks to make it easy for people to connect their financial accounts to the apps and services they want to use. Plaid’s network covers 12,000 financial institutions across the US, Canada, UK and Europe. Founded in 2013, the company is headquartered in San Francisco with offices in New York, Washington D.C., London and Amsterdam.


Plaid is looking for someone with passion for building community and conversations through compelling storytelling and creative. In this role, you’ll lead our social media channels – across LinkedIn, Instagram, X, and Facebook – to increase brand awareness, followers, and engagement. This role requires a combination of creativity, strategic thinking, and execution. This person will work collaboratively with cross-functional teams including communications, marketing, product, design, and support to roll out targeted social media campaigns and manage issues online. The ideal candidate should be experienced in having previously managed a fast growing technology’s company social media strategy and has a deep understanding of how brands should use social media to show up and engage with audiences authentically.
"
Software Engineer,Plaid,New York,https://jobs.lever.co/plaid/49139a62-a9bc-4400-ae89-789818b34cb8,"We believe that the way people interact with their finances will drastically improve in the next few years. We’re dedicated to empowering this transformation by building the tools and experiences that thousands of developers use to create their own products. Plaid powers the tools millions of people rely on to live a healthier financial life. We work with thousands of companies like Venmo, SoFi, several of the Fortune 500, and many of the largest banks to make it easy for people to connect their financial accounts to the apps and services they want to use. Plaid’s network covers 12,000 financial institutions across the US, Canada, UK and Europe. Founded in 2013, the company is headquartered in San Francisco with offices in New York, Washington D.C., London and Amsterdam.


Plaid’s mission is to unlock financial freedom for everyone by making money movement and access to financial data simple and secure. As a Software Engineer, you will design and build the systems that power how millions of people connect to their finances. You will work across the stack, from reliable backend services and APIs to intuitive applications that bring those systems to life. You will collaborate with engineers, product managers, and designers to ship products that make financial services more accessible and transparent. At Plaid, engineers take ownership early, grow quickly, and see their work reach millions of users.
"
Software Engineer,Plaid,San Francisco,https://jobs.lever.co/plaid/f456f4fa-a9f7-4673-892a-8943e3cfa3fe,"We believe that the way people interact with their finances will drastically improve in the next few years. We’re dedicated to empowering this transformation by building the tools and experiences that thousands of developers use to create their own products. Plaid powers the tools millions of people rely on to live a healthier financial life. We work with thousands of companies like Venmo, SoFi, several of the Fortune 500, and many of the largest banks to make it easy for people to connect their financial accounts to the apps and services they want to use. Plaid’s network covers 12,000 financial institutions across the US, Canada, UK and Europe. Founded in 2013, the company is headquartered in San Francisco with offices in New York, Washington D.C., London and Amsterdam.


Plaid’s mission is to unlock financial freedom for everyone by making money movement and access to financial data simple and secure. As a Software Engineer, you will design and build the systems that power how millions of people connect to their finances. You will work across the stack, from reliable backend services and APIs to intuitive applications that bring those systems to life. You will collaborate with engineers, product managers, and designers to ship products that make financial services more accessible and transparent. At Plaid, engineers take ownership early, grow quickly, and see their work reach millions of users.
"
Software Engineer - Platform,Plaid,San Francisco,https://jobs.lever.co/plaid/2b9a141e-0669-4197-aa52-2b07d9fadc96,"We believe that the way people interact with their finances will drastically improve in the next few years. We’re dedicated to empowering this transformation by building the tools and experiences that thousands of developers use to create their own products. Plaid powers the tools millions of people rely on to live a healthier financial life. We work with thousands of companies like Venmo, SoFi, several of the Fortune 500, and many of the largest banks to make it easy for people to connect their financial accounts to the apps and services they want to use. Plaid’s network covers 12,000 financial institutions across the US, Canada, UK and Europe. Founded in 2013, the company is headquartered in San Francisco with offices in New York, Washington D.C., London and Amsterdam.


Plaid’s Platform Engineering organization comprises multiple teams focused on core infrastructure, data platforms, storage, privacy, and developer efficiency. Together, these teams ensure that Plaid’s technology platform is scalable, reliable, and secure to support our rapid growth. Our infrastructure handles millions of requests per day, and we pride ourselves on maintaining highly robust and performant systems. As a Platform Engineer, you will design, build, and maintain the foundational infrastructure and internal platforms that empower all of Plaid’s engineering teams to move quickly and safely. You’ll work cross-functionally with product engineering squads to ship new features and ensure operational excellence throughout each product’s lifecycle.  
"
Staff Machine Learning Engineer - Fraud Data,Plaid,San Francisco,https://jobs.lever.co/plaid/b999e686-0d02-4a97-91c2-04912350173c,"We believe that the way people interact with their finances will drastically improve in the next few years. We’re dedicated to empowering this transformation by building the tools and experiences that thousands of developers use to create their own products. Plaid powers the tools millions of people rely on to live a healthier financial life. We work with thousands of companies like Venmo, SoFi, several of the Fortune 500, and many of the largest banks to make it easy for people to connect their financial accounts to the apps and services they want to use. Plaid’s network covers 12,000 financial institutions across the US, Canada, UK and Europe. Founded in 2013, the company is headquartered in San Francisco with offices in New York, Washington D.C., London and Amsterdam.


The Data team within Plaid’s Fraud organization builds the machine learning systems that power Plaid’s cutting-edge fraud detection products. By leveraging Plaid’s extensive network data, we enable proactive fraud prevention—stopping fraud before it happens. Our team owns the entire ML lifecycle, from developing feature pipelines and training models to deploying and monitoring them in production. We ensure that our systems scale reliably and efficiently as Plaid continues to grow and support hundreds of customers.

As a Staff Machine Learning Engineer on Plaid’s Fraud Data team, you will design and build scalable ML infrastructure that powers our industry-leading fraud detection product. You’ll lead the evolution of our model deployment, monitoring, and observability frameworks to ensure high reliability and performance at scale. Collaborating closely with teams across ML Infrastructure, Product, and Engineering, you’ll deliver robust systems that protect users and customers from fraud. In addition, you’ll mentor other engineers and help shape the long-term technical vision and strategy of the Fraud Data team.

***We are open to remote candidates for this role***
"
Staff Product Manager - AI Foundations,Plaid,San Francisco,https://jobs.lever.co/plaid/2f79ded3-c9b3-407d-b3c1-da42d5e95693,"We believe that the way people interact with their finances will drastically improve in the next few years. We’re dedicated to empowering this transformation by building the tools and experiences that thousands of developers use to create their own products. Plaid powers the tools millions of people rely on to live a healthier financial life. We work with thousands of companies like Venmo, SoFi, several of the Fortune 500, and many of the largest banks to make it easy for people to connect their financial accounts to the apps and services they want to use. Plaid’s network covers 12,000 financial institutions across the US, Canada, UK and Europe. Founded in 2013, the company is headquartered in San Francisco with offices in New York, Washington D.C., London and Amsterdam.


Plaid’s Product team builds the network that powers the future of financial services. Our mission is to unlock financial freedom for everyone through open finance. Product Managers at Plaid are curious, customer-obsessed, and move quickly to deliver value. They take ownership, sweat the details, and make sound decisions with imperfect information.

As a Product Manager on the AI Foundations team, you will drive Plaid’s AI strategy by building the data and intelligence layer that powers smarter financial experiences. You will work across engineering, data science, and research to develop scalable AI systems—from core embeddings and representation learning to applied model integrations that enhance developer and consumer outcomes.

This role is for an experienced PM who thrives at the intersection of AI and platform products. You are technically fluent, strategic, and execution-oriented. You enjoy turning advanced machine-learning capabilities into reliable, trusted infrastructure that scales across Plaid’s ecosystem.
"
Staff Product Manager - API & Developer Experience,Plaid,San Francisco,https://jobs.lever.co/plaid/2c06ab7d-0925-46be-a79e-73c014022898,"We believe that the way people interact with their finances will drastically improve in the next few years. We’re dedicated to empowering this transformation by building the tools and experiences that thousands of developers use to create their own products. Plaid powers the tools millions of people rely on to live a healthier financial life. We work with thousands of companies like Venmo, SoFi, several of the Fortune 500, and many of the largest banks to make it easy for people to connect their financial accounts to the apps and services they want to use. Plaid’s network covers 12,000 financial institutions across the US, Canada, UK and Europe. Founded in 2013, the company is headquartered in San Francisco with offices in New York, Washington D.C., London and Amsterdam.


The Developer Experience (DevX) team at Plaid empowers developers to build the next generation of financial services. We own all of the surfaces that developers touch first. Our mission is to make it fast, easy, and delightful for developers to integrate with Plaid.

As the Product Manager for Developer Experience, you will be the strategic leader responsible for how developers first encounter, understand and integrate with Plaid. You will be the voice of developers building on our platform, driving the roadmap across APIs and docs, SDKs and sandbox to integration tooling. You will lead the charge in making Plaid the best API platform for developers, whether they're solo builders or building at scale in enterprises. 

This is a highly cross-functional role where you collaborate with engineers, designers, developer relations, Go-to-Market, and support to create magical, frictionless developer journeys.
"
Staff Product Manager - Fraud,Plaid,San Francisco,https://jobs.lever.co/plaid/80321712-6e20-47af-9dd9-c79e9f55ab44,"We believe that the way people interact with their finances will drastically improve in the next few years. We’re dedicated to empowering this transformation by building the tools and experiences that thousands of developers use to create their own products. Plaid powers the tools millions of people rely on to live a healthier financial life. We work with thousands of companies like Venmo, SoFi, several of the Fortune 500, and many of the largest banks to make it easy for people to connect their financial accounts to the apps and services they want to use. Plaid’s network covers 12,000 financial institutions across the US, Canada, UK and Europe. Founded in 2013, the company is headquartered in San Francisco with offices in New York, Washington D.C., London and Amsterdam.


Fraud remains one of the hardest problems in financial services—and one of the biggest opportunities  for Plaid. Our Fraud team is  building the trusted identity backbone for the financial ecosystem, helping customers onboard good users with confidence while keeping bad actors out. 

As the Product Manager for Identity Verification (IDV) and Monitor (AML), you’ll own the foundation of  Plaid’s fraud platform. IDV enables fast, accurate identity verification at onboarding, while Monitor provides continuous AML screening and transaction monitoring. Together, they power Protect and Layer–Plaid’s next-generation fraud products. The result is a unified platform that brings  KYC, AML, and fraud prevention together at scale.

In this role, you will take end-to-end ownership of IDV and Monitor–setting direction, driving execution, and aligning teams around measurable outcomes. You’ll blend technical, data and design perspectives to move from concept to production quickly and deliver systems that are accurate, reliable and built for scale. You’ll partner directly with Plaid’s fraud founders and an experienced engineering team to raise the standard for fraud prevention.
"
Staff Software Engineer - AI,Plaid,San Francisco,https://jobs.lever.co/plaid/a6bf6eeb-6486-4e45-a3b2-e712f32523d3,"We believe that the way people interact with their finances will drastically improve in the next few years. We’re dedicated to empowering this transformation by building the tools and experiences that thousands of developers use to create their own products. Plaid powers the tools millions of people rely on to live a healthier financial life. We work with thousands of companies like Venmo, SoFi, several of the Fortune 500, and many of the largest banks to make it easy for people to connect their financial accounts to the apps and services they want to use. Plaid’s network covers 12,000 financial institutions across the US, Canada, UK and Europe. Founded in 2013, the company is headquartered in San Francisco with offices in New York, Washington D.C., London and Amsterdam.


AI and intelligent systems are driving the fifth paradigm shift, following previous technological revolutions like mainframes, personal computers, the internet, and mobile devices. We believe, in the foreseeable future, AI will revolutionize the FinTech industry - from how consumers understand and manage their finances, to how developers build applications and how all companies operate. The fintech industry landscape will undergo a fundamental reshape. 

Plaid in the FinTech AI Ecosystem
Plaid is uniquely positioned to become the financial data and insights backbone for AI applications and platforms in this evolving ecosystem. 

We believe consumers should be able to understand and manage their financial life through conversational AI interfaces using natural language. We believe consumers should have peace of mind with a trustworthy consent and authorization manager when agents shop for them. We believe identity verification and financial fraud prevention in AI-powered products should feel seamless and embedded for the end users. The list goes on.
The most important AI companies, major fintechs, and customer agent platforms are actively trying to integrate Plaid into AI-powered products and solutions they build. 

Plaid’s AI-powered Experiences for Customers
The explosive growth in model intelligence and increasing relevance for enterprise tasks offer a unique opportunity for Plaid to rethink from the ground up how we operate and interact with our customers for the most optimal experience. 

Our early experiments in building AI agents for customer experience are paying off with huge business value. For example, our homegrown AI-powered customer support agents resolve a significant proportion of customer questions and issues within seconds, which would otherwise have required humans hours to work on. 
This is just the beginning and there is so much more we could do.

The AI Applications Team
You will have the opportunity to join as one of the founding members of this newly formed team that is dedicated to consolidating and rapidly scaling our successful bets so far, and grow with the team in our quest to accelerate Plaid’s transformation into an AI-first company.

In this role you will lead projects that enable and scale our business with our largest AI customers and partners, starting with personal finance use cases and expanding into many others; examples include:
- Develop and evolve the preferred integration pattern for Plaid with AI providers - from API adaptations to building the official Plaid MCP Servers, and beyond
- Redefine how Plaid’s consumer link experience embed into conversational interfaces in the most seamless way
Architect the trust layer for the future of agentic commerce that will become the industry standard

Additionally you will be expected to scale and extend our existing successful bets on AI-powered customer experience; examples include:
- Make the next step-function improvement in our homegrown customer support agent - land our multi-turn and multi-agent system that powers a truly delightful experience for our customers; define how to scalably run offline evaluation for complex multi-turn open-ended tasks; research and prototype how Human-In-The-Loop - Reinforcement Learning (RLHF) can power an insights flywheel; pioneer the architecture for customer-specific long-term memory, etc.
- Extend our agentic system to support other critical parts of the customer journey, starting with areas with the highest ROI - top-of-funnel product recommendation, customer onboarding and risk diligence, customer activation and assistance for faster productionization, as well as upselling and cross-selling of Plaid products

You will have a front row seat to all the latest industry developments. Over time, with the skills and experience you develop and hone on this team, you can become an influential voice in defining where AI <> Fintech will be heading longer term.
"
Staff Software Engineer - Money Movement,Plaid,San Francisco,https://jobs.lever.co/plaid/0a94e7cb-1f30-40d8-ae09-899200091386,"We believe that the way people interact with their finances will drastically improve in the next few years. We’re dedicated to empowering this transformation by building the tools and experiences that thousands of developers use to create their own products. Plaid powers the tools millions of people rely on to live a healthier financial life. We work with thousands of companies like Venmo, SoFi, several of the Fortune 500, and many of the largest banks to make it easy for people to connect their financial accounts to the apps and services they want to use. Plaid’s network covers 12,000 financial institutions across the US, Canada, UK and Europe. Founded in 2013, the company is headquartered in San Francisco with offices in New York, Washington D.C., London and Amsterdam.


At Plaid, our mission is to build the infrastructure that makes financial services more accessible and reliable—enabling businesses and consumers to move money and manage finances with trust and scale. The Payments Transfer team is central to that mission: we build a multi-rail payment platform to move money between bank accounts for millions of people in the United States.

You will define the future architecture of our Payments Transfer systems, ensuring they are reliable, scalable, and built for long-term growth. Additionally, you will execute against an ambitious product roadmap while partnering closely with product and cross-functional teams.
"
Staff Software Engineer - Product Foundations,Plaid,San Francisco,https://jobs.lever.co/plaid/55eecfac-b1cc-4660-a728-ae840bc9a267,"Network Foundations is Plaid’s authoritative source of truth for the user lifecycle, powering user recognition across integration paths, authentication with Plaid, intelligent and context-aware onboarding flows, and the core user data models that drive insights for Plaid’s newest ML-based products.

We own the living graph of people’s financial lives — and we operate it at global scale for some of the world’s largest companies, including Google, Meta, Shopify, Square, Robinhood, and Venmo.

Our mission is to make Plaid’s network data easy to query, highly accurate, and legally compliant. The infrastructure we build is used by product and machine learning teams across the company to develop high-precision features, analytics, and customer experiences. We focus on enabling consistent data access across both real-time and offline workflows.
"
Staff Software Engineer - Security Infrastructure,Plaid,United States,https://jobs.lever.co/plaid/fdfd7a43-862b-4b9d-b642-2be82cc989b5,"We believe that the way people interact with their finances will drastically improve in the next few years. We’re dedicated to empowering this transformation by building the tools and experiences that thousands of developers use to create their own products. Plaid powers the tools millions of people rely on to live a healthier financial life. We work with thousands of companies like Venmo, SoFi, several of the Fortune 500, and many of the largest banks to make it easy for people to connect their financial accounts to the apps and services they want to use. Plaid’s network covers 12,000 financial institutions across the US, Canada, UK and Europe. Founded in 2013, the company is headquartered in San Francisco with offices in New York, Washington D.C., London and Amsterdam.


At Plaid, security isn't a cost center or a compliance checklist—it is our product. We sit at the intersection of thousands of applications, thousands of financial institutions, and hundreds of millions of consumers. We are the trust layer for the fintech ecosystem. If we don't build secure systems, the ecosystem doesn't function. 

You will join a team responsible for the secure backbone of Plaid. As we look toward 2026, you will have the opportunity to define industry standards in areas like:
Next-Generation Authorization: We are moving beyond simple RBAC. You will help build a unified, centralized Authorization Platform that enforces fine-grained permissions across all human and non-human identities.
Agentic Security Capabilities: Build AI agents and tooling to automate functions like vulnerability patching, secure code reviews, and anomaly detection.
Zero Trust Architecture: You will evolve our internal token services and identity gateways to enforce rigorous Zero Trust controls for every service, device, and user in our fleet.
AI Guardrails: As Plaid adopts GenAI, you will build the ""guardrails"" and paved roads that allow our engineers to use LLMs securely, preventing data leakage and model abuse before they happen.
Cryptographic Services: You will own and scale our internal Key Management Systems, the central services for encryption, signing, and key rotation that protect our most sensitive data.
Network Security: You will help us sandbox our sensitive workloads from the internet, preventing command-and-control and data exfiltration.
"
Staff Technical Program Manager - FinOps,Plaid,San Francisco,https://jobs.lever.co/plaid/acb399b1-e0f8-45f3-bffa-c89c9c573a12,"We believe that the way people interact with their finances will drastically improve in the next few years. We’re dedicated to empowering this transformation by building the tools and experiences that thousands of developers use to create their own products. Plaid powers the tools millions of people rely on to live a healthier financial life. We work with thousands of companies like Venmo, SoFi, several of the Fortune 500, and many of the largest banks to make it easy for people to connect their financial accounts to the apps and services they want to use. Plaid’s network covers 12,000 financial institutions across the US, Canada, UK and Europe. Founded in 2013, the company is headquartered in San Francisco with offices in New York, Washington D.C., London and Amsterdam.


The FinOps function is responsible for financial accountability, visibility, and optimization across all engineering-related spend at Plaid. This includes cloud infrastructure, AI/ML and data workloads, third-party SaaS tools, and other technical investments that support Plaid’s products and internal platforms.

The team operates at the intersection of Engineering, Product, and Finance, ensuring that spending decisions are transparent, intentional, and aligned with product strategy and business priorities. Rather than functioning as a cost-control or approval layer, FinOps enables teams to understand, own, and optimize their spend while maintaining engineering velocity.
"
Strategic Account Executive - Europe,Plaid,London,https://jobs.lever.co/plaid/e3b9b99c-e4cb-4216-bb7a-7a9128929be5,"We believe that the way people interact with their finances will drastically improve in the next few years. We’re dedicated to empowering this transformation by building the tools and experiences that thousands of developers use to create their own products. Plaid powers the tools millions of people rely on to live a healthier financial life. We work with thousands of companies like Venmo, SoFi, several of the Fortune 500, and many of the largest banks to make it easy for people to connect their financial accounts to the apps and services they want to use. Plaid’s network covers 12,000 financial institutions across the US, Canada, UK and Europe. Founded in 2013, the company is headquartered in San Francisco with offices in New York, Washington D.C., London and Amsterdam.


Plaid’s Mid-Market Sales team is responsible for helping the most innovative, high-growth companies across Europe become fintech-enabled. We partner with product, engineering, and commercial leaders at top startups and scale-ups to bring Plaid’s platform into their stack. We act as strategic advisors and growth enablers — we don’t just sell; we unlock financial freedom for everyone by expanding Plaid’s reach into new use cases, sectors, and markets.

As a Strategic Account Executive in our European business, you will lead full-cycle sales with high-potential companies who are building the next generation of financial services. You’ll own relationships from first touch through close, driving consultative sales motions with technical and commercial stakeholders. You’ll be a key player in shaping how Plaid scales its mid-market motion across Europe.
"
Strategic Partner Manager,Plaid,New York,https://jobs.lever.co/plaid/90d67213-3821-4930-b75c-dd7a5e38f97c,"We believe that the way people interact with their finances will drastically improve in the next few years. We’re dedicated to empowering this transformation by building the tools and experiences that thousands of developers use to create their own products. Plaid powers the tools millions of people rely on to live a healthier financial life. We work with thousands of companies like Venmo, SoFi, several of the Fortune 500, and many of the largest banks to make it easy for people to connect their financial accounts to the apps and services they want to use. Plaid’s network covers 12,000 financial institutions across the US, Canada, UK and Europe. Founded in 2013, the company is headquartered in San Francisco with offices in New York, Washington D.C., London and Amsterdam.


Plaid’s GTM Partnerships team unlocks “one to many” customer relationships with technology platforms to allow more end customers and consumers to benefit from Plaid’s solutions. Partner Specialists are aligned with specific revenue segments, in this case supporting our Enterprise partners.

In this role, you’ll be the primary point of contact for Enterprise partners looking to leverage Plaid in a number of ways from Pay-by-Bank to account funding to KYC. You’ll support these partners across the partner lifecycle – from integration, to first customer live, to scaling volumes, to product expansion (upselling). You’ll be responsible for working directly with internal and external stakeholders across functions - from product to legal to engineering - to support some of our most critical partners’ businesses. 

Successful candidates in this role have a blend of commercial skills, general business aptitude, and a track record driving complex cross-functional work-streams. Past experience in tech partnerships, business development, other strategic commercial roles, and/or top-tier consulting/finance roles make for a good team fit.
"
Technical Account Manager - Enterprise,Plaid,San Francisco,https://jobs.lever.co/plaid/b6b36372-68a9-4bc2-9f5b-c3cb34277bec,"At Plaid, our mission is to unlock financial freedom for everyone.  There has never been a better time than now to start building the future of fintech with us. Plaid powers the tools millions of people rely on to live a healthier financial life. We work with thousands of companies like Venmo, SoFi, and Betterment, several of the Fortune 500, and many of the largest banks to make it easy for people to connect their financial accounts to the apps and services they want to use. Plaid’s network covers 12,000 financial institutions across the US, Canada, UK and Europe. Founded in 2013, the company is headquartered in San Francisco with offices in New York, Washington D.C., London and Amsterdam. 

The Technical Account Management function at Plaid is a team of individuals passionate about helping customers connect their technical goals and challenges with Plaid solutions. We play a crucial role in a customer's success by providing proactive strategic and technical guidance, which enables growth, expansion, and deeper customer relationships. Our goal is to ensure every customer becomes a lifelong Plaid champion and advocate.

You’ll own the long-term technical success of some of the most innovative Enterprise companies in the world, influencing how millions of users experience financial connectivity. You will be a product expert in Plaid's offerings, owning many customer relationships simultaneously and stay up to date on Plaid's technological improvements and new product offerings. You’ll be the technical voice and advocate for your customers internally, helping to shape Plaid’s product direction based on real-world feedback and impact. You will work in partnership with Account Manager(s) and several other cross-functional teams to be the primary driver of the design and execution of technical strategies that help our customers achieve their goals. 
"
Technical Support Engineer,Plaid,United States,https://jobs.lever.co/plaid/1e10caf7-85ed-4610-842f-78cea7d40de7,"We believe that the way people interact with their finances will drastically improve in the next few years. We’re dedicated to empowering this transformation by building the tools and experiences that thousands of developers use to create their own products. Plaid powers the tools millions of people rely on to live a healthier financial life. We work with thousands of companies like Venmo, SoFi, several of the Fortune 500, and many of the largest banks to make it easy for people to connect their financial accounts to the apps and services they want to use. Plaid’s network covers 12,000 financial institutions across the US, Canada, UK and Europe. Founded in 2013, the company is headquartered in San Francisco with offices in New York, Washington D.C., London and Amsterdam.


Plaid Support ensures our customers' applications can help their consumers live their best financial lives by ensuring our products continue to operate as expected. We investigate the root cause of integration issues, quantify their scope and impact, and when we can’t fix them ourselves, we work with our Growth and Engineering teams to reach a solution.  

As we continue to grow, we’re looking for Technical Support Engineers (TSEs) to join the team to help us balance the needs of customers, users and internal stakeholders, while navigating critical technical issues. In this role, you will manage issues from their first symptom to their eventual resolution, communicating with our customers and internal stakeholders throughout the process. People who succeed in this role tend to be empathetic, collaborative, technically minded, and most importantly - customer-centric. They have an interest in learning more about financial services, and are excited to help customers resolve complex issues. TSEs work closely with Plaid’s product and engineering teams, and we have a high technical bar to ensure that we all speak the same language. Our Support team sets aggressive goals to meet the standards our customers expect, and we collaborate cross-functionally with our Engineering, Product, Financial Access, and Go-to-Market teams in order to achieve these goals. This role requires candidates to be based in the Eastern Time Zone (EST/EDT) to align with customer needs and team collaboration
"
Video Producer & Editor - Brand Studio,Plaid,San Francisco,https://jobs.lever.co/plaid/3847d601-f74b-4030-9fba-f05a41eb884f,"We believe that the way people interact with their finances will drastically improve in the next few years. We’re dedicated to empowering this transformation by building the tools and experiences that thousands of developers use to create their own products. Plaid powers the tools millions of people rely on to live a healthier financial life. We work with thousands of companies like Venmo, SoFi, several of the Fortune 500, and many of the largest banks to make it easy for people to connect their financial accounts to the apps and services they want to use. Plaid’s network covers 12,000 financial institutions across the US, Canada, UK and Europe. Founded in 2013, the company is headquartered in San Francisco with offices in New York, Washington D.C., London and Amsterdam.


Plaid’s Brand team is a diverse group of marketing designers, brand designers, copywriters, strategists, and other specialists responsible for creating and evolving Plaid’s brand. As a Video Producer & Editor, you’ll sit within the Brand Studio team — a group of creative specialists dedicated to elevating how Plaid shows up visually and emotionally across every touchpoint. You’ll help shape and expand our live-action video practice, capturing authentic stories that bring our people, products, and mission to life. As member of this team, you have the opportunity to collaborate closely with other designers, copywriters, strategists, and our video studio manager to plan, shoot, and edit high-quality videos that communicate Plaid’s story with clarity, warmth, and craft. From documentary-style interviews to brand campaigns, you’ll play a key role in defining how we use live-action storytelling to make Plaid feel human, relatable, and inspiring.

We’re looking for a talented Video Producer & Editor to join our Brand Studio team. From concept through final cut, you’ll craft videos that feel thoughtful, authentic, and distinctly Plaid. This role is ideal for a creative storyteller who thrives both behind the camera and in the edit bay. You’ll capture interviews, brand moments, and product stories that make complex ideas feel human and accessible. Working closely with our video studio manager and cross-functional partners across brand, marketing, and design, you’ll help define the tone and quality of Plaid’s video presence across web, social, and campaigns. Your work will showcase the people and purpose behind Plaid — helping millions better understand the technology and values that power the future of finance.
"
"Workplace Experience Manager, Europe",Plaid,London,https://jobs.lever.co/plaid/8855cab9-0d1c-4e23-b64c-8b77080fec13,"We believe that the way people interact with their finances will drastically improve in the next few years. We’re dedicated to empowering this transformation by building the tools and experiences that thousands of developers use to create their own products. Plaid powers the tools millions of people rely on to live a healthier financial life. We work with thousands of companies like Venmo, SoFi, several of the Fortune 500, and many of the largest banks to make it easy for people to connect their financial accounts to the apps and services they want to use. Plaid’s network covers 12,000 financial institutions across the US, Canada, UK and Europe. Founded in 2013, the company is headquartered in San Francisco with offices in New York, Washington D.C., London and Amsterdam.


The Workplace Experience team powers the Plaid experience. We do this through adaptable problem-solving, intentional design, and thoughtful execution grounded in expertise and care. By elevating the everyday and focusing on the moments that matter—big and small—we fuel productivity and strengthen connection across the company.

We are looking for an experienced and proactive Workplace Experience Manager based in London to support our UK and Dutch teams. This role is responsible for ensuring the smooth day-to-day operations of the London and Amsterdam offices, while also supporting budget management and events & experiences programming for the Europe teams.

The ideal candidate is highly organised, comfortable juggling priorities across locations, and able to operate independently in a fast-paced, growing environment.
"
Workplace Experience Projects & Program Manager,Plaid,San Francisco,https://jobs.lever.co/plaid/7b723c86-db49-482d-b13d-1ab9f40b2e6a,"We believe that the way people interact with their finances will drastically improve in the next few years. We’re dedicated to empowering this transformation by building the tools and experiences that thousands of developers use to create their own products. Plaid powers the tools millions of people rely on to live a healthier financial life. We work with thousands of companies like Venmo, SoFi, several of the Fortune 500, and many of the largest banks to make it easy for people to connect their financial accounts to the apps and services they want to use. Plaid’s network covers 12,000 financial institutions across the US, Canada, UK and Europe. Founded in 2013, the company is headquartered in San Francisco with offices in New York, Washington D.C., London and Amsterdam.


The Workplace Experience team powers the Plaid experience. We do this through adaptable problem-solving, intentional design, and thoughtful execution grounded in expertise and care. By elevating the everyday and focusing on the moments that matter—big and small—we fuel productivity and strengthen connection across the company. We are seeking a hands-on Workplace Projects & Programs Manager to drive execution, structure, and visibility across key Workplace Experience initiatives. You will play a central role in delivering complex workplace and real estate projects, while also helping establish the project management practices and operating rhythms that enable the team to scale effectively. This role reports to the Head of Workplace Experience and partners closely with peers across Workplace Operations and Employee Experience.
"
